id,chapter,number,chapter_title_en,chapter_title_ur,title_en,arabic,transliteration,en,ur,hi,repeat,audio_url
1-01,1,1,Supplications for when you wake up,نیند سے جاگنے کی دعائیں,Supplications for when you wake up,( الْحَمْدُ للَّهِ الَّذِي أَحْيَانَا بَعْدَ مَا أَمَاتَنَا، وَإِلَيْهِ النُّشُورُ ),"Al-ḥamdu li-llāhi alladhī aḥyānā baʿda mā amātanā, wa ilayhi an-nushūr",(All praise is for Allah who gave us life after having taken it from us and unto Him is the resurrection.),تمام تعریفیں اللہ کے لیے ہیں جس نے ہمیں مارنے کے بعد زندہ کیا، اور اسی کی طرف اٹھ کر جانا ہے۔,"सारी तारीफ़ अल्लाह के लिए है जिसने हमें मौत देने के बाद फिर से ज़िंदा किया, और उसी की तरफ़ उठकर जाना है।",1,https://audio.opendua.org/hisn/v0.0.2/OD-001.mp3
1-02,1,2,Supplications for when you wake up,نیند سے جاگنے کی دعائیں,Supplications for when you wake up,( لاَ إِلَهَ إِلاَّ اللَّهُ وَحْدَهُ لاَ شَريكَ لَهُ، لَهُ الْمُلْكُ وَلَهُ الْحَمْدُ، وَهُوَ عَلَى كُلِّ شَيْءٍ قَدِيرٌ، سُبْحَانَ اللَّهِ، وَالْحَمْدُ للَّهِ، وَلاَ إِلَهَ إِلاَّ اللَّهُ، وَاللَّهُ أَكبَرُ، وَلاَ حَوْلَ وَلاَ قُوَّةَ إِلاَّ بِاللَّهِ الْعَلِيِّ الْعَظِيمِ، رَبِّ اغْفرْ لِي ).,"Lā ilāha illā llāhu waḥdahu lā sharyka lahu, lahu l-mulku walahu l-ḥamdu, wahuwa ʿalā kulli shayʾin qadīrun, subḥāna llāhi, wa-l-ḥamdu li-llāhi, walā ilāha illā llāhu, wa-llāhu akbaru, walā ḥawla walā quwwata illā bi-llāhi l-ʿaliyyi l-ʿaẓīmi, rabbi ighfr lī","(None has the right to be worshipped except Allah, alone without associate, to Him belongs sovereignty and praise and He is over all things wholly capable. How perfect Allah is, and all praise is for Allah, and none has the right to be worshipped except Allah, Allah is the greatest and there is no power nor might except with Allah, The Most High, The Supreme.O my Lord forgive me)",اللہ کے سوا کوئی معبود نہیں، وہ اکیلا ہے، اس کا کوئی شریک نہیں، بادشاہی اسی کی ہے اور تعریف اسی کی ہے، اور وہ ہر چیز پر قادر ہے۔ اللہ پاک ہے، اور تمام تعریفیں اللہ کے لیے ہیں، اور اللہ کے سوا کوئی معبود نہیں، اور اللہ سب سے بڑا ہے، اور نیکی اور برائی سے بچنے کی طاقت نہیں مگر اللہ بلند و بالا اور عظمت والے کی توفیق سے۔ اے میرے رب! مجھے بخش دے۔,"अल्लाह के सिवा कोई माबूद नहीं, वह अकेला है, उसका कोई साझी नहीं, सल्तनत उसी की है और तारीफ़ उसी के लिए है, और वह हर चीज़ पर क़ादिर है। अल्लाह पाक है, और सारी तारीफ़ अल्लाह के लिए है, और अल्लाह के सिवा कोई माबूद नहीं, और अल्लाह सबसे बड़ा है, और अल्लाह के सिवा किसी में कोई ताक़त और कोई ज़ोर नहीं, वह सबसे बुलंद और सबसे बड़ा है। ऐ मेरे रब, मुझे बख़्श दे।",1,https://audio.opendua.org/hisn/v0.0.2/OD-002.mp3
1-03,1,3,Supplications for when you wake up,نیند سے جاگنے کی دعائیں,Supplications for when you wake up,( الْحَمْدُ لِلَّهِ الَّذِي عَافَانِي فِي جَسَدِي، وَرَدَّ عَلَيَّ رُوحِي، وَأَذِنَ لي بِذِكْرِهِ ),"Al-ḥamdu li-llāhi alladhī ʿāfānī fī jasadī, waradda ʿalayya rūḥī, wa adhina ly bi-dhikrih",(All praise is for Allah who restored to me my health and returned my soul and has allowed me to remember Him.),تمام تعریفیں اللہ کے لیے ہیں جس نے میرے جسم کو عافیت دی، اور میری روح مجھے واپس لوٹائی، اور مجھے اپنے ذکر کی اجازت دی۔,"सारी तारीफ़ अल्लाह के लिए है जिसने मेरे शरीर को आफ़ियत दी, और मेरी रूह मुझे वापस लौटा दी, और मुझे अपना ज़िक्र करने की इजाज़त दी।",1,https://audio.opendua.org/hisn/v0.0.2/OD-003.mp3
1-04,1,4,Supplications for when you wake up,نیند سے جاگنے کی دعائیں,Supplications for when you wake up,﴿ إِنَّ فِي خَلْقِ السَّمَوَاتِ وَالأَرْضِ وَاخْتِلاَفِ اللَّيْلِ وَالنَّهَارِ لَآيَاتٍ لأُوْلِي الألْبَابِ * الَّذِينَ يَذْكُرُونَ اللَّهَ قِيَاماً وَقُعُوداً وَعَلَىَ جُنُوبِهِمْ وَيَتَفَكَّرُونَ فِي خَلْقِ السَّمَوَاتِ وَالأَرْضِ رَبَّنَا مَا خَلَقْتَ هَذا بَاطِلاً سُبْحَانَكَ فَقِنَا عَذَابَ النَّارِ* رَبَّنَا إِنَّكَ مَن تُدْخِلِ النَّارَ فَقَدْ أَخْزَيْتَهُ وَمَا لِلظَّالِمِينَ مِنْ أَنصَارٍ* رَّبَّنَا إِنَّنَا سَمِعْنَا مُنَادِياً يُنَادِي لِلإِيمَانِ أَنْ آمِنُواْ بِرَبِّكُمْ فَآمَنَّا رَبَّنَا فَاغْفِرْ لَنَا ذُنُوبَنَا وَكَفِّرْ عَنَّا سَيِّئَاتِنَا وَتَوَفَّنَا مَعَ الأبْرَارِ* رَبَّنَا وَآتِنَا مَا وَعَدتَّنَا عَلَى رُسُلِكَ وَلاَ تُخْزِنَا يَوْمَ الْقِيَامَةِ إِنَّكَ لاَ تُخْلِفُ الْمِيعَادَ* فَاسْتَجَابَ لَهُمْ رَبُّهُمْ أَنِّي لاَ أُضِيعُ عَمَلَ عَامِلٍ مِّنكُم مِّن ذَكَرٍ أَوْ أُنثَى بَعْضُكُم مِّن بَعْضٍ فَالَّذِينَ هَاجَرُواْ وَأُخْرِجُواْ مِن دِيَارِهِمْ وَأُوذُواْ فِي سَبِيلِي وَقَاتَلُواْ وَقُتِلُواْ لأُكَفِّرَنَّ عَنْهُمْ سَيِّئَاتِهِمْ وَلأُدْخِلَنَّهُمْ جَنَّاتٍ تَجْرِي مِن تَحْتِهَا الأَنْهَارُ ثَوَاباً مِّن عِندِ اللَّهِ وَاللَّهُ عِندَهُ حُسْنُ الثَّوَابِ * لاَ يَغُرَّنَّكَ تَقَلُّبُ الَّذِينَ كَفَرُواْ فِي الْبِلاَدِ * مَتَاعٌ قَلِيلٌ ثُمَّ مَأْوَاهُمْ جَهَنَّمُ وَبِئْسَ الْمِهَادُ * لَكِنِ الَّذِينَ اتَّقَوْاْ رَبَّهُمْ لَهُمْ جَنَّاتٌ تَجْرِي مِنْ تَحْتِهَا الأَنْهَارُ خَالِدِينَ فِيهَا نُزُلاً مِّنْ عِندِ اللَّهِ وَمَا عِندَ اللَّهِ خَيْرٌ لِّلأَبْرَارِ * وَإِنَّ مِنْ أَهْلِ الْكِتَابِ لَمَن يُؤْمِنُ بِاللَّهِ وَمَا أُنزِلَ إِلَيْكُمْ وَمَآ أُنزِلَ إِلَيْهِمْ خَاشِعِينَ لِلَّهِ لاَ يَشْتَرُونَ بِآيَاتِ اللَّهِ ثَمَناً قَلِيلاً أُوْلَئِكَ لَهُمْ أَجْرُهُمْ عِندَ رَبِّهِمْ إِنَّ اللَّهَ سَرِيعُ الْحِسَابِ*يَا أَيُّهَا الَّذِينَ آمَنُواْ اصْبِرُواْ وَصَابِرُواْ وَرَابِطُواْ وَاتَّقُواْ اللَّهَ لَعَلَّكُمْ تُفْلِحُونَ ﴾,Inna fī khalqi as-samawāti wa-l-ʾarḍi wa ikhtilāfi l-layli wa an-nahāri lāyātin lʾūlī l-ʾlbābi alladhīna yadhkurūna llāha qiyāman wa quʿūdan wa ʿalaya junūbihim wa yatafakkarūna fī khalqi as-samawāti wa-l-ʾarḍi rabbanā mā khalaqta hādhā bāṭilan subḥānaka fa qinā ʿadhāba an-nāri rabbanā innaka man tudkhili an-nāra faqad akhzaytahu wamā li-lẓẓālimīna min anṣārin rrabbanā innanā samiʿnā munādīan yunādī li-lʾīmāni an āminū bi-rabbikum fa āmannā rabbanā fa ighfir lanā dhunūbanā wa kaffir ʿannā sayyiʾātinā wa tawaffanā maʿa l-ʾbrāri rabbanā wa ātinā mā wa ʿadttanā ʿalā rusulika walā tukhzinā yawma l-qiyāmati innaka lā tukhlifu l-mīʿāda fa istajāba lahum rabbuhum annī lā uḍīʿu ʿamala ʿāmilin mminkum mmin dhakarin aw unthā baʿḍukum mmin baʿḍin fa alladhīna hājarū wa ukhrijū min diyārihim wa ūdhū fī sabīlī wa qātalū wa qutilū lʾukaffiranna ʿanhum sayyiʾātihim wa lʾudkhilannahum jannātin tajrī min taḥtihā l-ʾanhāru thawāban mmin ʿindi llāhi wa-llāhu ʿindahu ḥusnu ath-thawābi lā yaghurrannaka taqallubu alladhīna ka-fa rū fī l-bilādi matāʿun qalīlun thumma maʾwāhum jahannamu wa biʾsa l-mihādu lākini alladhīna ttaqaw rabbahum lahum jannātun tajrī min taḥtihā l-ʾanhāru khālidīna fīhā nuzulan mmin ʿindi llāhi wamā ʿinda llāhi khayrun llilʾabrāri waʾinna min ahli l-kitābi laman yuʾminu bi-llāhi wamā unzila ilaykum wamā unzila ilayhim khāshiʿīna li-llāhi lā yashtarūna bi-āyāti llāhi thamanan qalīlan ūlaʾika lahum ajruhum ʿinda rabbihim inna llāha sarīʿu l-ḥisābi yā ayyuhā alladhīna āmanū iṣbirū wa ṣābirū wa rābiṭū wāttaqū llāha laʿallakum tufliḥūn,"( 190 ) Indeed, in the creation of the heavens and the earth and the alternation of the night and the day are signs for those of understanding.( 191 ) Who remember Allah while standing or sitting or [lying] on their sides and give thought to the creation of the heavens and the earth, [saying], Our Lord, You did not create this aimlessly; exalted are You [above such a thing]; then protect us from the punishment of the Fire.( 192 ) Our Lord, indeed whoever You admit to the Fire - You have disgraced him, and for the wrongdoers there are no helpers.( 193 ) Our Lord, indeed we have heard a caller calling to faith, [saying], 'Believe in your Lord,' and we have believed. Our Lord, so forgive us our sins and remove from us our misdeeds and cause us to die with the righteous.( 194 ) Our Lord, and grant us what You promised us through Your messengers and do not disgrace us on the Day of Resurrection. Indeed, You do not fail in [Your] promise.( 195 ) And their Lord responded to them, Never will I allow to be lost the work of [any] worker among you, whether male or female; you are of one another. So those who emigrated or were evicted from their homes or were harmed in My cause or fought or were killed - I will surely remove from them their misdeeds, and I will surely admit them to gardens beneath which rivers flow as reward from Allah, and Allah has with Him the best reward.( 196 ) Be not deceived by the [uninhibited] movement of the disbelievers throughout the land.( 197 ) [It is but] a small enjoyment; then their [final] refuge is Hell, and wretched is the resting place.( 198 ) But those who feared their Lord will have gardens beneath which rivers flow, abiding eternally therein, as accommodation from Allah. And that which is with Allah is best for the righteous.( 199 ) And indeed, among the People of the Scripture are those who believe in Allah and what was revealed to you and what was revealed to them, [being] humbly submissive to Allah. They do not exchange the verses of Allah for a small price.Those will have their reward with their Lord. Indeed, Allah is swift in account.( 200 ) O you who have believed, persevere and endure and remain stationed and fear Allah that you may be successful.",بے شک آسمانوں اور زمین کی تخلیق میں اور رات اور دن کے بدلنے میں عقل والوں کے لیے نشانیاں ہیں۔ وہ لوگ جو کھڑے، بیٹھے اور اپنی کروٹوں پر اللہ کو یاد کرتے ہیں اور آسمانوں اور زمین کی تخلیق میں غور و فکر کرتے ہیں، (اور کہتے ہیں) اے ہمارے رب! تو نے یہ سب بے کار پیدا نہیں کیا، تو پاک ہے، پس ہمیں دوزخ کے عذاب سے بچا۔ اے ہمارے رب! جسے تو نے دوزخ میں داخل کیا اسے تو نے رسوا کر دیا، اور ظالموں کا کوئی مددگار نہیں۔ اے ہمارے رب! ہم نے ایک پکارنے والے کو ایمان کی طرف پکارتے سنا کہ اپنے رب پر ایمان لاؤ، تو ہم ایمان لے آئے۔ اے ہمارے رب! پس ہمارے گناہ بخش دے اور ہماری برائیاں ہم سے دور کر دے، اور ہمیں نیکوں کے ساتھ موت دے۔ اے ہمارے رب! اور ہمیں وہ عطا فرما جس کا تو نے اپنے رسولوں کے ذریعے ہم سے وعدہ کیا ہے، اور قیامت کے دن ہمیں رسوا نہ کر، بے شک تو وعدہ خلافی نہیں کرتا۔ تو ان کے رب نے ان کی دعا قبول فرمائی کہ میں تم میں سے کسی عمل کرنے والے کا عمل ضائع نہیں کروں گا، خواہ مرد ہو یا عورت، تم ایک دوسرے میں سے ہو، پس جن لوگوں نے ہجرت کی اور اپنے گھروں سے نکالے گئے اور میری راہ میں ستائے گئے اور لڑے اور مارے گئے، میں ضرور ان کی برائیاں ان سے دور کر دوں گا اور انہیں ایسے باغات میں داخل کروں گا جن کے نیچے نہریں بہتی ہیں، یہ اللہ کی طرف سے بدلہ ہے، اور اللہ کے پاس بہترین بدلہ ہے۔ کافروں کا شہروں میں چلنا پھرنا تمہیں دھوکے میں نہ ڈالے۔ یہ تھوڑا سا فائدہ ہے، پھر ان کا ٹھکانا جہنم ہے، اور وہ کیا ہی برا ٹھکانا ہے۔ لیکن جو لوگ اپنے رب سے ڈرتے رہے ان کے لیے ایسے باغات ہیں جن کے نیچے نہریں بہتی ہیں، وہ ان میں ہمیشہ رہیں گے، یہ اللہ کی طرف سے مہمانی ہے، اور جو کچھ اللہ کے پاس ہے وہ نیکوں کے لیے بہتر ہے۔ اور اہلِ کتاب میں سے کچھ ایسے بھی ہیں جو اللہ پر ایمان رکھتے ہیں اور اس پر بھی جو تمہاری طرف اتارا گیا اور جو ان کی طرف اتارا گیا، اللہ کے سامنے عاجزی کرنے والے ہیں، اللہ کی آیتوں کو تھوڑی سی قیمت پر نہیں بیچتے، انہی لوگوں کے لیے ان کا اجر ان کے رب کے پاس ہے، بے شک اللہ جلد حساب لینے والا ہے۔ اے ایمان والو! صبر کرو اور ثابت قدم رہو اور مورچہ بند رہو اور اللہ سے ڈرتے رہو، تاکہ تم کامیاب ہو جاؤ۔,"बेशक आसमानों और ज़मीन की पैदाइश में, और रात और दिन के बदलते रहने में, अक़्ल वालों के लिए बहुत सी निशानियाँ हैं। जो लोग खड़े, बैठे और अपने पहलुओं के बल लेटे हुए अल्लाह को याद करते हैं और आसमानों और ज़मीन की पैदाइश में ग़ौर करते हैं, कहते हैं: ऐ हमारे रब, तूने यह सब बेकार पैदा नहीं किया, तू पाक है, तो हमें आग के अज़ाब से बचा। ऐ हमारे रब, तू जिसे आग में डाल दे उसे तूने रुसवा कर दिया, और ज़ालिमों का कोई मददगार नहीं। ऐ हमारे रब, हमने एक पुकारने वाले को ईमान की तरफ़ पुकारते सुना कि अपने रब पर ईमान लाओ, तो हम ईमान लाए। ऐ हमारे रब, तो हमारे गुनाह माफ़ कर दे और हमारी बुराइयाँ हमसे दूर कर दे, और हमें नेक लोगों के साथ मौत दे। ऐ हमारे रब, और हमें वह दे जिसका तूने अपने रसूलों के ज़रिए हमसे वादा किया है, और क़यामत के दिन हमें रुसवा न कर, बेशक तू वादा नहीं तोड़ता। तो उनके रब ने उनकी दुआ क़बूल की: मैं तुम में से किसी काम करने वाले का काम ज़ाया नहीं करता, चाहे वह मर्द हो या औरत, तुम एक-दूसरे में से हो। तो जिन लोगों ने हिजरत की, और अपने घरों से निकाले गए, और मेरी राह में सताए गए, और लड़े और मारे गए, मैं ज़रूर उनकी बुराइयाँ दूर कर दूँगा और उन्हें ऐसे बाग़ों में दाख़िल करूँगा जिनके नीचे नहरें बहती हैं, यह अल्लाह की तरफ़ से बदला है, और अल्लाह के पास ही अच्छा बदला है। तुझे काफ़िरों का शहरों में घूमना-फिरना धोखे में न डाले। यह थोड़े दिनों का फ़ायदा है, फिर उनका ठिकाना जहन्नम है, और वह बहुत बुरी जगह है। लेकिन जो लोग अपने रब से डरते रहे उनके लिए ऐसे बाग़ हैं जिनके नीचे नहरें बहती हैं, वे उनमें हमेशा रहेंगे, यह अल्लाह की तरफ़ से मेहमानी है, और जो अल्लाह के पास है वह नेक लोगों के लिए सबसे बेहतर है। और अहले किताब में से कुछ लोग ऐसे भी हैं जो अल्लाह पर ईमान रखते हैं और उस पर भी जो तुम्हारी तरफ़ उतारा गया और उस पर भी जो उनकी तरफ़ उतारा गया, वे अल्लाह के आगे झुके रहते हैं, वे अल्लाह की आयतों को थोड़ी क़ीमत पर नहीं बेचते। उन्हीं के लिए उनके रब के पास उनका बदला है, बेशक अल्लाह जल्दी हिसाब लेने वाला है। ऐ ईमान वालो, सब्र करो और एक-दूसरे को सब्र की ताक़ीद करो, और डटे रहो, और अल्लाह से डरते रहो ताकि तुम कामयाब हो जाओ।",1,https://audio.opendua.org/hisn/v0.0.2/OD-004.mp3
2-01,2,1,Invocation when getting dressed,کپڑے پہنتے وقت کی دعا,Invocation when getting dressed,(الْحَمْدُ للَّهِ الَّذِي كَسَانِي هَذَا (الثَّوْبَ) وَرَزَقَنِيهِ مِنْ غَيْرِ حَوْلٍ مِنِّي وَلاَ قُوَّة...),Al-ḥamdu li-llāhi alladhī ka-sānī hādhā ath-thawba wa razaqanīhi min ghayri ḥawlin minnī walā quwwah...,"(All Praise is for Allah who has clothed me with this garment and provided it for me, with no power nor might from myself.)",تمام تعریفیں اللہ کے لیے ہیں جس نے مجھے یہ (کپڑا) پہنایا اور میری کسی طاقت اور قوت کے بغیر مجھے یہ عطا فرمایا۔,सारी तारीफ़ अल्लाह के लिए है जिसने मुझे यह (कपड़ा) पहनाया और मुझे इसे बिना किसी अपनी ताक़त और ज़ोर के दिया।,1,https://audio.opendua.org/hisn/v0.0.2/OD-005.mp3
3-01,3,1,Invocation when putting on new clothes,نیا کپڑا پہنتے وقت کی دعا,Invocation when putting on new clothes,( اللَّهُمَّ لَكَ الْحَمْدُ أَنْتَ كَسَوْتَنِيهِ، أَسْأَلُكَ مِنْ خَيْرِهِ وَخَيْرِ مَا صُنِعَ لَهُ، وَأَعُوذُ بِكَ مِنْ شَرِّهِ وَشَرِّ مَا صُنِعَ لَهُ).,"Allāhumma laka l-ḥamdu anta ka-sawtanīhi, asʾaluka min khayrihi wa khayri mā ṣuniʿa lahu, wa aʿūdhu bika min sharrihi washarri mā ṣuniʿa lah","(O Allah, for You is all praise, You have clothed me with it (i.e. the garment), I ask You for the good of it and the good for which it was made, and I seek refuge with You from the evil of it and the evil for which it was made.)",اے اللہ! تیرے ہی لیے تمام تعریف ہے، تو نے مجھے یہ پہنایا ہے، میں تجھ سے اس کی بھلائی اور جس مقصد کے لیے یہ بنایا گیا ہے اس کی بھلائی مانگتا ہوں، اور تیری پناہ مانگتا ہوں اس کے شر سے اور جس مقصد کے لیے یہ بنایا گیا ہے اس کے شر سے۔,"ऐ अल्लाह, तेरे ही लिए तारीफ़ है, तूने ही मुझे यह पहनाया, मैं तुझसे इसकी भलाई और जिस काम के लिए यह बनाया गया उसकी भलाई माँगता हूँ, और तेरी पनाह माँगता हूँ इसकी बुराई से और जिस काम के लिए यह बनाया गया उसकी बुराई से।",1,https://audio.opendua.org/hisn/v0.0.2/OD-006.mp3
4-01,4,1,Invocations for someone who has put on new clothes,نیا کپڑا پہننے والے کے لیے دعا,Invocations for someone who has put on new clothes,(تُبْلِي وَيُخْلِفُ اللَّهُ تَعَالَى),Tublī wa yukhlifu llāhu taʿālā,(May you wear it out and Allah تعالى replace it (with another).’ The intended meaning: A supplication for long life.),تو اسے پرانا کر دے اور اللہ تعالیٰ اس کے بدلے نیا عطا فرمائے۔,इसे पुराना कर डालो और अल्लाह तआला इसकी जगह नया दे।,1,https://audio.opendua.org/hisn/v0.0.2/OD-007.mp3
4-02,4,2,Invocations for someone who has put on new clothes,نیا کپڑا پہننے والے کے لیے دعا,Invocations for someone who has put on new clothes,(اِلْبَسْ جَدِيداً وَعِشْ حَمِيداً وَمُتْ شَهِيداً).,Al-bas jadīdan waʿish ḥamīdan wamut shahīdā,"(Wear anew, live commendably and die a shaheed.)(shaheed:One who dies fighting the kuffar in order to make the word of Allah superior or in defense of Islam. It also has other meanings found in the Sunnah such as: the one who dies defending his life, wealth or family; the woman who passes away due to childbirth; one who drowns…etc.)",نیا پہن، تعریف کے ساتھ زندہ رہ، اور شہید ہو کر مر۔,"नया पहन, इज़्ज़त से जी, और शहीद होकर मर।",1,https://audio.opendua.org/hisn/v0.0.2/OD-008.mp3
5-01,5,1,What to say when undressing,کپڑے اتارتے وقت کیا کہیں,What to say when undressing,(بِسْمِ اللَّهِ).,Bismi llāh,(In the name of Allah.),اللہ کے نام سے۔,अल्लाह के नाम से।,1,https://audio.opendua.org/hisn/v0.0.2/OD-009.mp3
6-01,6,1,Invocation for entering the restroom,بیت الخلا میں داخل ہوتے وقت کی دعا,Invocation for entering the restroom,([بِسْمِ اللَّهِ] اللَّهُمَّ إِنِّي أَعُوذُ بِكَ مِنَ الْخُبْثِ وَالْخَبائِث).,Bismi llāhi llāhumma innī aʿūdhu bika mina l-khubthi wa-l-khabʾith,"((In the name of Allah). O Allah, I take refuge with you from all evil and evil-doers.)",[اللہ کے نام کے ساتھ] اے اللہ! میں خبیث جنوں اور خبیث جنیوں سے تیری پناہ مانگتا ہوں۔,"(अल्लाह के नाम से) ऐ अल्लाह, मैं तेरी पनाह माँगता हूँ हर तरह की गंदगी और बुराई से, और नर व मादा शैतानों से।",1,https://audio.opendua.org/hisn/v0.0.2/OD-010.mp3
7-01,7,1,Invocation for leaving the restroom,بیت الخلا سے نکلتے وقت کی دعا,Invocation for leaving the restroom,(غُفْرَانَكَ).,Ghufrānak,(I ask You (Allah) for forgiveness.),میں تجھ سے بخشش مانگتا ہوں۔,(ऐ अल्लाह) मैं तुझसे बख़्शिश माँगता हूँ।,1,https://audio.opendua.org/hisn/v0.0.2/OD-011.mp3
8-01,8,1,What to say before performing ablution,وضو سے پہلے کا ذکر,What to say before performing ablution,(بِسْمِ اللَّهِ).,Bismi llāh,(In the name of Allah.),اللہ کے نام کے ساتھ۔,अल्लाह के नाम से।,1,https://audio.opendua.org/hisn/v0.0.2/OD-012.mp3
9-01,9,1,What to say upon completing ablution,وضو مکمل کرنے کے بعد کا ذکر,What to say upon completing ablution,(أَشْهَدُ أَنْ لاَ إِلَهَ إِلاَّ اللَّهُ وَحْدَهُ لاَ شَرِيكَ لَهُ وَأَشْهَدُ أَنَّ مُحَمَّداً عَبْدُهُ وَرَسُولُهُ..).,Ashhadu an lā ilāha illā llāhu waḥdahu lā sharīka lahu wa ashhadu anna muḥammadan ʿabduhu wa rasūluh..,"(I bear witness that none has the right to be worshipped except Allah, alone without partner, and I bear witness that Muhammad is His slave and Messenger.)",میں گواہی دیتا ہوں کہ اللہ کے سوا کوئی معبود نہیں، وہ اکیلا ہے، اس کا کوئی شریک نہیں، اور میں گواہی دیتا ہوں کہ محمد ﷺ اس کے بندے اور رسول ہیں۔,"मैं गवाही देता हूँ कि अल्लाह के सिवा कोई माबूद नहीं, वह अकेला है, उसका कोई साझी नहीं, और मैं गवाही देता हूँ कि मुहम्मद ﷺ उसके बंदे और रसूल हैं।",1,https://audio.opendua.org/hisn/v0.0.2/OD-013.mp3
9-02,9,2,What to say upon completing ablution,وضو مکمل کرنے کے بعد کا ذکر,What to say upon completing ablution,(اللَّهُمَّ اجْعَلْنِي مِنَ التَّوَّابِينَ وَاجْعَلْنِي مِنَ الْمُتَطَهِّرِينَ),Allāhumma ijʿalnī mina at-tawwābīna wa ijʿalnī mina l-mutaṭahhirīn,"(O Allah, make me of those who return to You often in repentance and make me of those who remain clean and pure.)",اے اللہ! مجھے بہت زیادہ توبہ کرنے والوں میں سے بنا اور مجھے پاک رہنے والوں میں سے بنا۔,"ऐ अल्लाह, मुझे बहुत तौबा करने वालों में शामिल कर, और मुझे पाक-साफ़ रहने वालों में शामिल कर।",1,https://audio.opendua.org/hisn/v0.0.2/OD-014.mp3
9-03,9,3,What to say upon completing ablution,وضو مکمل کرنے کے بعد کا ذکر,What to say upon completing ablution,(سُبْحانَكَ اللَّهُمَّ وَبِحَمْدِكَ، أَشْهَدُ أَنْ لاَ إِلَهَ إِلاَّ أَنْتَ، أَسْتَغْفِرُكَ وَأَتوبُ إِلَيْكَ).,"Subḥnaka llāhumma wa bi-ḥamdika, ashhadu an lā ilāha illā anta, astaghfiruka wa atwbu ilayk","(How perfect You are O Allah, and I praise You, I bear witness that none has the right to be worshipped except You, I seek Your forgiveness and turn in repentance to You.)",اے اللہ! تو پاک ہے اور میں تیری تعریف کرتا ہوں، میں گواہی دیتا ہوں کہ تیرے سوا کوئی معبود نہیں، میں تجھ سے بخشش مانگتا ہوں اور تیری طرف رجوع کرتا ہوں۔,"तू पाक है ऐ अल्लाह, और मैं तेरी तारीफ़ करता हूँ, मैं गवाही देता हूँ कि तेरे सिवा कोई माबूद नहीं, मैं तुझसे माफ़ी माँगता हूँ और तेरी तरफ़ तौबा करता हूँ।",1,https://audio.opendua.org/hisn/v0.0.2/OD-015.mp3
10-01,10,1,What to say when leaving the home,گھر سے نکلتے وقت کا ذکر,What to say when leaving the home,(بِسْمِ اللَّهِ، تَوَكَّلْتُ عَلَى اللَّهِ، وَلَاَ حَوْلَ وَلَا قُوَّةَ إِلاَّ بِاللَّهِ).,"Bismi llāhi, tawakkaltu ʿalā llāhi, walā ḥawla walā quwwata illā bi-llāh","(In the name of Allah, I place my trust in Allah, and there is no might nor power except with Allah.)",اللہ کے نام کے ساتھ، میں نے اللہ پر بھروسا کیا، اور نیکی اور برائی سے بچنے کی طاقت نہیں مگر اللہ کی توفیق سے۔,"अल्लाह के नाम से, मैंने अल्लाह पर भरोसा किया, और अल्लाह के सिवा किसी में कोई ताक़त और कोई ज़ोर नहीं।",1,https://audio.opendua.org/hisn/v0.0.2/OD-016.mp3
10-02,10,2,What to say when leaving the home,گھر سے نکلتے وقت کا ذکر,What to say when leaving the home,(اللَّهُمَّ إِنِّي أَعُوذُ بِكَ أَنْ أَضِلَّ، أَوْ أُضَلَّ، أَوْ أَزِلَّ، أَوْ أُزَلَّ، أَوْ أَظْلِمَ، أَوْ أُظْلَمَ، أَوْ أَجْهَلَ، أَوْ يُجْهَلَ عَلَيَّ).,"Allāhumma innī aʿūdhu bika an aḍilla, aw uḍalla, aw azilla, aw uzalla, aw aẓlima, aw uẓlama, aw ajhala, aw yujhala ʿalayya","(O Allah, I take refuge with You lest I should stray or be led astray, or slip or be tripped, or oppress or be oppressed, or behave foolishly or be treated foolishly.)(slip: i.e. to commit a sin unintentionally)",اے اللہ! میں تیری پناہ چاہتا ہوں کہ میں گمراہ ہو جاؤں یا گمراہ کیا جاؤں، یا پھسل جاؤں یا پھسلایا جاؤں، یا ظلم کروں یا مجھ پر ظلم کیا جائے، یا جہالت کروں یا مجھ سے جہالت کی جائے۔,"ऐ अल्लाह, मैं तेरी पनाह माँगता हूँ कि मैं भटक जाऊँ या मुझे भटका दिया जाए, या मैं फिसल जाऊँ या मुझे फिसला दिया जाए, या मैं ज़ुल्म करूँ या मुझ पर ज़ुल्म किया जाए, या मैं नादानी करूँ या मेरे साथ नादानी की जाए।",1,https://audio.opendua.org/hisn/v0.0.2/OD-017.mp3
11-01,11,1,What to say when entering the home,گھر میں داخل ہوتے وقت کا ذکر,What to say when entering the home,(بِسْمِ اللَّهِ وَلَجْنَا، وَبِسْمِ اللَّهِ خَرَجْنَا، وَعَلَى اللَّهِ رَبِّنَا تَوَكَّلْنَا، ثُمَّ لِيُسَلِّمْ عَلَى أَهْلِهِ).,"Bismi llāhi wa lajnā, wa bismi llāhi kharajnā, wa ʿalā llāhi rabbinā tawakkalnā, thumma li-yusallim ʿalā ahlih","(In the name of Allah we enter and in the name of Allah we leave, and upon our Lord we place our trust.)",اللہ کے نام کے ساتھ ہم داخل ہوئے، اور اللہ کے نام کے ساتھ ہم نکلے، اور اللہ ہمارے رب پر ہی ہم نے بھروسا کیا، پھر اپنے گھر والوں کو سلام کرے۔,"अल्लाह के नाम से हम अंदर आए, और अल्लाह के नाम से हम बाहर गए, और अपने रब अल्लाह पर हमने भरोसा किया। (फिर घर के लोगों को सलाम करे।)",1,https://audio.opendua.org/hisn/v0.0.2/OD-018.mp3
12-01,12,1,Invocation for going to the mosque,مسجد جاتے وقت کی دعا,Invocation for going to the mosque,(اللَّهُمَّ اجْعَلْ فِي قَلْبِي نُوراً، وَفِي لِسَانِي نُوراً، وَفِي سَمْعِي نُوراً، وَفِي بَصَرِي نُوراً، وَمِنْ فَوْقِي نُوراً، وَمِنْ تَحْتِي نُوراً، وَعَنْ يَمِينِي نُوراً، وَعَنْ شِمَالِي نُوراً، وَمِنْ أَمَامِي نُوراً، وَمِنْ خَلْفِي نُوراً، وَاجْعَلْ فِي نَفْسِي نُوراً، وَأَعْظِمْ لِي نُوراً، وَعَظِّم لِي نُوراً، وَاجْعَلْ لِي نُوراً، وَاجْعَلْنِي نُوراً، اللَّهُمَّ أَعْطِنِي نُوراً، وَاجْعَلْ فِي عَصَبِي نُوراً، وَفِي لَحْمِي نُوراً، وَفِي دَمِي نُوراً، وَفِي شَعْرِي نُوراً، وَفِي بَشَرِي نُوراً)([اللَّهُمَّ اجْعَلْ لِي نُوراً فِي قَبْرِي... وَنُوراً فِي عِظَامِي])[(وَزِدْنِي نُوراً، وَزِدْنِي نُوراً، وَزِدْنِي نُوراً)][(وَهَبْ لِي نُوراً عَلَى نُورٍ)],"Allāhumma ijʿal fī qalbī nūran, wa fī li-sānī nūran, wa fī samʿī nūran, wa fī baṣarī nūran, wamin fawqī nūran, wamin taḥtī nūran, waʿan yamīnī nūran, waʿan shimālī nūran, wamin amāmī nūran, wamin khalfī nūran, wa ijʿal fī nafsī nūran, wa aʿẓim lī nūran, wa ʿaẓẓim lī nūran, wa ijʿal lī nūran, wa ijʿalnī nūran, allāhumma aʿṭinī nūran, wa ijʿal fī ʿaṣabī nūran, wa fī laḥmī nūran, wa fī damī nūran, wa fī shaʿrī nūran, wa fī basharī nūran allāhumma ijʿal lī nūran fī qabrī... wa nūran fī ʿiẓāmī wa zidnī nūran, wa zidnī nūran, wa zidnī nūran wahab lī nūran ʿalā nūr","(‘O Allaah, place within my heart light; and upon my tongue light; and within my ears light; and within my eyes light; and place above me light; and beneath me light; and on my right light; and on my left light; and in front of me light; and behind me light; and place light within my soul; and augment light for me; and greaten light for me; and grant me light and make me light. O Allaah, bestow upon me light; and place light in my tendons; and light in my flesh; and light in my blood; and in light in my hair and light in my skin.’ [O Allaah, place light for me in my grave and light in my bones]. [And increase me with light and increase me with light and increase me with light]. [And grant me light upon light.]’)",اے اللہ! میرے دل میں نور پیدا کر، اور میری زبان میں نور، اور میرے کان میں نور، اور میری آنکھ میں نور، اور میرے اوپر سے نور، اور میرے نیچے سے نور، اور میرے دائیں طرف سے نور، اور میرے بائیں طرف سے نور، اور میرے آگے سے نور، اور میرے پیچھے سے نور، اور میری جان میں نور پیدا کر، اور میرے لیے نور کو بڑھا دے، اور میرے لیے نور کو عظیم بنا دے، اور میرے لیے نور بنا دے، اور مجھے نور بنا دے، اے اللہ! مجھے نور عطا فرما، اور میرے پٹھوں میں نور پیدا کر، اور میرے گوشت میں نور، اور میرے خون میں نور، اور میرے بالوں میں نور، اور میری جلد میں نور۔ [اے اللہ! میرے لیے میری قبر میں نور پیدا کر... اور میری ہڈیوں میں نور] [اور مجھے نور میں اضافہ عطا فرما، اور مجھے نور میں اضافہ عطا فرما، اور مجھے نور میں اضافہ عطا فرما] [اور مجھے نور پر نور عطا فرما],"ऐ अल्लाह, मेरे दिल में नूर रख, और मेरी ज़बान में नूर, और मेरे कानों में नूर, और मेरी आँखों में नूर, और मेरे ऊपर नूर, और मेरे नीचे नूर, और मेरे दाहिने नूर, और मेरे बाएँ नूर, और मेरे आगे नूर, और मेरे पीछे नूर, और मेरी जान में नूर रख, और मेरे लिए नूर बड़ा कर, और मेरे लिए नूर को बुज़ुर्ग बना, और मेरे लिए नूर बना दे, और मुझे नूर बना दे। ऐ अल्लाह, मुझे नूर अता कर, और मेरी नसों में नूर रख, और मेरे गोश्त में नूर, और मेरे ख़ून में नूर, और मेरे बालों में नूर, और मेरी खाल में नूर। [ऐ अल्लाह, मेरी क़ब्र में मेरे लिए नूर बना, और मेरी हड्डियों में नूर।] [और मुझे नूर बढ़ा दे, और मुझे नूर बढ़ा दे, और मुझे नूर बढ़ा दे।] [और मुझे नूर पर नूर अता कर।]",1,https://audio.opendua.org/hisn/v0.0.2/OD-019.mp3
13-01,13,1,Invocation for entering the mosque,مسجد میں داخل ہوتے وقت کی دعا,Invocation for entering the mosque,(يَبْدَأُ بِرِجْلِهِ الْيُمْنَى) ، وَيَقُولُ: ((أَعُوذُ بِاللَّهِ العَظِيمِ، وَبِوَجْهِهِ الْكَرِيمِ، وَسُلْطَانِهِ الْقَدِيمِ، مِنَ الشَّيْطَانِ الرَّجِيمِ)) [بِسْمِ اللَّهِ، وَالصَّلَاةُ] [وَالسَّلَامُ عَلَى رَسُولِ اللَّهِ] ((اللَّهُمَّ افْتَحْ لِي أَبْوَابَ رَحْمَتِكَ)).,"Aʿūdhu bi-llāhi l-ʿaẓīmi, wa bi-wajhihi l-karīmi, wa sulṭānihi l-qadīmi, mina ash-shayṭāni ar-rajīmi bismi llāhi, wa aṣ-ṣalātu wa as-salāmu ʿalā rasūli llāhi llāhumma iftaḥ lī abwāba raḥmatik","(I take refuge with Allah, The Supreme and with His Noble Face, and His eternal authority from the accursed devil. In the name of Allah, and prayers and peace be upon the Messenger of Allah. O Allah, open the gates of Your mercy for me.)",(دائیں پاؤں سے داخل ہوتے) اور کہتے: میں اللہ عظیم کی پناہ مانگتا ہوں، اور اس کے کریم چہرے کی، اور اس کی قدیم بادشاہی کی، شیطان مردود سے۔ [اللہ کے نام کے ساتھ، اور درود] [اور سلام رسول اللہ ﷺ پر] اے اللہ! میرے لیے اپنی رحمت کے دروازے کھول دے۔,"(दाहिने पैर से दाख़िल हो) और कहे: मैं अल्लाह बुज़ुर्ग की पनाह माँगता हूँ, और उसके बुज़ुर्ग चेहरे की, और उसकी हमेशा रहने वाली बादशाहत की, धुतकारे हुए शैतान से। [अल्लाह के नाम से, और दुरूद] [और सलाम हो अल्लाह के रसूल पर] ऐ अल्लाह, मेरे लिए अपनी रहमत के दरवाज़े खोल दे।",1,https://audio.opendua.org/hisn/v0.0.2/OD-020.mp3
14-01,14,1,Invocation for leaving the mosque,مسجد سے نکلتے وقت کی دعا,Invocation for leaving the mosque,((يَبْدَأُ بِرِجْلِهِ الْيُسْرَى)) وَيَقُولُ: ((بِسْمِ اللَّهِ وَالصّلَاةُ وَالسَّلَامُ عَلَى رَسُولِ اللَّهِ، اللَّهُمَّ إِنِّي أَسْأَلُكَ مِنْ فَضْلِك، اللَّهُمَّ اعْصِمْنِي مِنَ الشَّيْطَانِ الرَّجِيمِ)).,"Bismi llāhi wa aṣ-ṣlātu wa as-salāmu ʿalā rasūli llāhi, allāhumma innī asʾaluka min faḍlik, allāhumma iʿṣimnī mina ash-shayṭāni ar-rajīm","(In the name of Allah, and prayers and peace be upon the Messenger of Allah. O Allah, I ask You from Your favour. O Allah, guard me from the accursed devil.)",(بائیں پاؤں سے نکلتے) اور کہتے: اللہ کے نام کے ساتھ، اور درود و سلام رسول اللہ ﷺ پر، اے اللہ! میں تجھ سے تیرا فضل مانگتا ہوں، اے اللہ! مجھے شیطان مردود سے بچا۔,"(बाएँ पैर से निकले) और कहे: अल्लाह के नाम से, और दुरूद और सलाम हो अल्लाह के रसूल पर, ऐ अल्लाह, मैं तुझसे तेरे फ़ज़ल का सवाल करता हूँ, ऐ अल्लाह, मुझे धुतकारे हुए शैतान से बचा।",1,https://audio.opendua.org/hisn/v0.0.2/OD-021.mp3
15-01,15,1,What to say upon hearing the Athan (call to prayer),اذان سنتے وقت کے اذکار,What to say upon hearing the Athan (call to prayer),يَقُولُ مِثْلَ مَا يَقُولُ المُؤَذِّنُ إِلاَّ فِي ((حَيَّ عَلَى الصَّلَاةِ وَحَيَّ عَلَى الْفَلَاحِ)) فَيقُولُ: ((لاَ حَوْلَ وَلاَ قُوَّةَ إِلاَّ بِاللَّهِ)).,Lā ḥawla walā quwwata illā bi-llāh,"‘One repeats just as the mu-aththin (one who calls to prayer) says, except when he says: Hayya 'alas-salah (or) hayya 'alal-falah ‘come to prayer, come to success’ instead, one should say: La hawla wala quwwata illa billah. ‘There is no might nor power except with Allah.’","مؤذن جو کچھ کہے اسی طرح دہرائے، سوائے ""حَیَّ عَلَی الصَّلاۃ"" اور ""حَیَّ عَلَی الْفَلاح"" کے، ان کے جواب میں کہے: ""لَا حَوْلَ وَلَا قُوَّۃَ إِلَّا بِاللہ"" (نیکی اور برائی سے بچنے کی طاقت نہیں مگر اللہ کی مدد سے)۔","जो मुअज़्ज़िन कहे वही दोहराए, सिवाय हय्या अलस्सलाह और हय्या अलल-फ़लाह के, इन पर यह कहे: अल्लाह के सिवा किसी में कोई ताक़त और कोई ज़ोर नहीं।",1,https://audio.opendua.org/hisn/v0.0.2/OD-022.mp3
15-02,15,2,What to say upon hearing the Athan (call to prayer),اذان سنتے وقت کے اذکار,What to say upon hearing the Athan (call to prayer),يَقُولُ: ((وَأَنَا أَشْهَدُ أَنْ لاَ إِلَهَ إِلاَّ اللَّهُ وَحْدَهُ لاَ شَرِيكَ لَهُ وَأَنَّ مُحَمَّداً عَبْدُهُ وَرَسُولُهُ، رَضِيتُ بِاللَّهِ رَبَّاً، وَبِمُحَمَّدٍ رَسُولاً، وَبِالْإِسْلاَمِ دِينَاً)) ((يَقُولُ ذَلِكَ عَقِبَ تَشَهُّدِ الْمُؤَذِّنِ)).,"Wa anā ashhadu an lā ilāha illā llāhu waḥdahu lā sharīka lahu waʾanna muḥammadan ʿabduhu wa rasūluhu, raḍītu bi-llāhi rabbā, wa bi-muḥammadin rasūlan, wa bi-l-ʾislāmi dīnā","Immediately following the declaration of faith called by the mu-aththin, one says:‘And I too bear witness that none has the right to be worshipped except Allah, alone, without partner, and that Muhammad is His salve and Messenger. I am pleased with Allah as a Lord, and Muhammad as a Messenger and Islam as a religion.’",مؤذن کی تشہد (شہادتین) کے فوراً بعد یہ کہے: میں بھی گواہی دیتا ہوں کہ اللہ کے سوا کوئی معبود نہیں، وہ اکیلا ہے، اس کا کوئی شریک نہیں، اور یہ کہ محمد ﷺ اس کے بندے اور رسول ہیں۔ میں اللہ کے رب ہونے، محمد ﷺ کے رسول ہونے اور اسلام کے دین ہونے پر راضی ہوا۔,"मुअज़्ज़िन के कलिमा-ए-शहादत के फ़ौरन बाद यह कहे: और मैं भी गवाही देता हूँ कि अल्लाह के सिवा कोई माबूद नहीं, वह अकेला है, उसका कोई साझी नहीं, और यह कि मुहम्मद ﷺ उसके बंदे और रसूल हैं, मैं राज़ी हुआ अल्लाह के रब होने पर, मुहम्मद ﷺ के रसूल होने पर, और इस्लाम के दीन होने पर।",1,https://audio.opendua.org/hisn/v0.0.2/OD-023.mp3
15-03,15,3,What to say upon hearing the Athan (call to prayer),اذان سنتے وقت کے اذکار,What to say upon hearing the Athan (call to prayer),((يُصَلِّي عَلَى النَّبِيِّ صلى الله عليه وسلم بَعْدَ فَرَاغِهِ مِنْ إِجَابَةِ الْمُؤَذِّنِ)).,,‘One should then send prayers on the Prophet (sal-Allaahu 'alayhe wa sallam) after answering the call of the mu.adhdhin’.,مؤذن کا جواب دینے سے فارغ ہونے کے بعد نبی کریم ﷺ پر درود بھیجے۔,मुअज़्ज़िन का जवाब देने के बाद नबी ﷺ पर दुरूद भेजे।,1,
15-04,15,4,What to say upon hearing the Athan (call to prayer),اذان سنتے وقت کے اذکار,What to say upon hearing the Athan (call to prayer),يَقُولُ: ((اللَّهُمَّ رَبَّ هَذِهِ الدَّعْوَةِ التَّامَّةِ، وَالصَّلاَةِ الْقَائِمَةِ، آتِ مُحَمَّداً الْوَسِيلَةَ وَالْفَضِيلَةَ، وَابْعَثْهُ مَقَامَاً مَحمُوداً الَّذِي وَعَدْتَهُ، [إِنَّكَ لَا تُخْلِفُ الْمِيعَادَ])).,"Allāhumma rabba hādhihi ad-daʿwati at-tāmmati, wa aṣ-ṣalāti l-qāʾimati, āti muḥammadan al-wasīlata wa-l-faḍīlata, wa ibʿathhu maqāmā maḥmūdan alladhī wa ʿadtahu, innaka lā tukhlifu l-mīʿād","‘O Allah, Owner of this perfect call and Owner of this prayer to be performed, bestow upon Muhammad al-waseelah and al-fadeelah and send him upon a praised platform which You have promised him. Verily, You never fail in Your promise.’al-waseelah: A station in paradise.al-fadeelah: A rank above the rest of creation.praised platform: One in which all of creation will praise him on, in order to bring about the account quickly and be relieved from the lengthy standing or the role of intercession.",یہ کہے: اے اللہ! اس کامل پکار اور قائم ہونے والی نماز کے رب! محمد ﷺ کو وسیلہ اور فضیلت عطا فرما، اور انہیں اس مقامِ محمود پر فائز فرما جس کا تو نے ان سے وعدہ کیا ہے، [بے شک تو وعدہ خلافی نہیں کرتا]۔,"यह कहे: ऐ अल्लाह, इस मुकम्मल पुकार और क़ायम होने वाली नमाज़ के रब, मुहम्मद ﷺ को वसीला और फ़ज़ीलत अता कर, और उन्हें उस मक़ाम-ए-महमूद पर पहुँचा जिसका तूने उनसे वादा किया है। [बेशक तू वादा नहीं तोड़ता।]",1,https://audio.opendua.org/hisn/v0.0.2/OD-025.mp3
15-05,15,5,What to say upon hearing the Athan (call to prayer),اذان سنتے وقت کے اذکار,What to say upon hearing the Athan (call to prayer),((يَدْعُو لِنَفسِهِ بَيْنَ الْأَذَانِ وَالْإِقَامَةِ فَإِنَّ الدُّعَاءَ حِينَئِذٍ لاَ يُرَدُّ)).,,One should also supplicate for himself during the time between the athan and the iqamah as supplication at such time is not rejected.,اذان اور اقامت کے درمیان اپنے لیے دعا کرے، کیونکہ اس وقت کی دعا رد نہیں کی جاتی۔,"अज़ान और इक़ामत के बीच अपने लिए दुआ करे, क्योंकि उस वक़्त की दुआ रद्द नहीं होती।",1,
16-01,16,1,Invocations for the beginning of the prayer,نماز کے آغاز (استفتاح) کی دعائیں,Invocations for the beginning of the prayer,((اللَّهُمَّ بَاعِدْ بَيْنِي وَبَيْنَ خَطَايَايَ كَمَا بَاعَدْتَ بَيْنَ الْمَشْرِقِ وَالْمَغْرِبِ، اللَّهُمَّ نَقِّنِي مِنْ خَطَايَايَ كَمَا يُنَقَّى الثَّوْبُ الْأَبْيَضُ مِنَ الدَّنَسِ، اللَّهُمَّ اغْسِلْني مِنْ خَطَايَايَ، بِالثَّلْجِ وَالْماءِ وَالْبَرَدِ)).,"Allāhumma bāʿid baynī wa bayna khaṭāyāya kamā bāʿadta bayna l-mashriqi wa-l-maghribi, allāhumma naqqinī min khaṭāyāya kamā yunaqqā ath-thawbu l-ʾabyaḍu mina ad-danasi, allāhumma ighsilny min khaṭāyāya, bi-ath-thalji wa-l-mʾi wa-l-barad","(O Allah, distance me from my sins just as You have distanced The East from The West, O Allah, purify me of my sins as a white robe is purified of filth, O Allah, cleanse me of my sins with snow, water, and ice.)",اے اللہ! میرے اور میرے گناہوں کے درمیان اتنی دوری کر دے جتنی تو نے مشرق اور مغرب کے درمیان کر رکھی ہے۔ اے اللہ! مجھے میرے گناہوں سے اس طرح پاک کر دے جیسے سفید کپڑا میل کچیل سے پاک کیا جاتا ہے۔ اے اللہ! مجھے میرے گناہوں سے برف، پانی اور اولوں سے دھو دے۔,"ऐ अल्लाह! मुझमें और मेरे गुनाहों के बीच उतनी दूरी कर दे जितनी तूने पूरब और पश्चिम के बीच की है। ऐ अल्लाह! मुझे मेरे गुनाहों से ऐसे पाक कर दे जैसे सफ़ेद कपड़ा मैल से साफ़ किया जाता है। ऐ अल्लाह! मुझे मेरे गुनाहों से बर्फ़, पानी और ओलों से धो दे।",1,https://audio.opendua.org/hisn/v0.0.2/OD-027.mp3
16-02,16,2,Invocations for the beginning of the prayer,نماز کے آغاز (استفتاح) کی دعائیں,Invocations for the beginning of the prayer,((سُبْحانَكَ اللَّهُمَّ وَبِحَمْدِكَ، وَتَبارَكَ اسْمُكَ، وَتَعَالَى جَدُّكَ، وَلاَ إِلَهَ غَيْرُكَ)).,"Subḥnaka llāhumma wa bi-ḥamdika, wa tabraka ismuka, wa taʿālā jadduka, walā ilāha ghayruk","(How perfect You are O Allah, and I praise You. Blessed be Your name, and lofty is Your position and none has the right to be worshipped except You.)",پاک ہے تو، اے اللہ! اور تیری ہی حمد ہے، تیرا نام بابرکت ہے، تیری شان بلند ہے، اور تیرے سوا کوئی معبود نہیں۔,"पाक है तू, ऐ अल्लाह! और तेरी ही तारीफ़ है, तेरा नाम बरकत वाला है, तेरी शान बुलंद है, और तेरे सिवा कोई सच्चा माबूद नहीं।",1,https://audio.opendua.org/hisn/v0.0.2/OD-028.mp3
16-03,16,3,Invocations for the beginning of the prayer,نماز کے آغاز (استفتاح) کی دعائیں,Invocations for the beginning of the prayer,((وَجَّهْتُ وَجْهِيَ لِلَّذِي فَطَرَ السَّمَوَاتِ وَالأَرْضَ حَنِيفَاً وَمَا أَنَا مِنَ الْمُشْرِكِينَ، إِنَّ صَلاَتِي، وَنُسُكِي، وَمَحْيَايَ، وَمَمَاتِي لِلَّهِ رَبِّ الْعَالَمِينَ، لاَ شَرِيكَ لَهُ وَبِذَلِكَ أُمِرْتُ وَأَنَا مِنَ الْمُسْلِمِينَ. اللَّهُمَّ أَنْتَ المَلِكُ لاَ إِلَهَ إِلاَّ أَنْتَ، أَنْتَ رَبِّي وَأَنَا عَبْدُكَ، ظَلَمْتُ نَفْسِي وَاعْتَرَفْتُ بِذَنْبِي فَاغْفِرْ لِي ذُنُوبي جَمِيعَاً إِنَّهُ لاَ يَغْفِرُ الذُّنوبَ إِلاَّ أَنْتَ. وَاهْدِنِي لِأَحْسَنِ الأَخْلاقِ لاَ يَهْدِي لِأَحْسَنِها إِلاَّ أَنْتَ، وَاصْرِفْ عَنِّي سَيِّئَهَا، لاَ يَصْرِفُ عَنِّي سَيِّئَهَا إِلاَّ أَنْتَ، لَبَّيْكَ وَسَعْدَيْكَ، وَالخَيْرُ كُلُّهُ بِيَـــــــدَيْكَ، وَالشَّـــــرُّ لَيْسَ إِلَيْــــــكَ، أَنَا بِكَ وَإِلَيْكَ، تَبارَكْتَ وَتَعَالَيْتَ، أَسْتَغْفِرُكَ وَأَتوبُ إِلَيْكَ)).,"Wajjahtu wajhiya lilladhī faṭara as-samawāti wa-l-ʾarḍa ḥanīfā wamā anā mina l-mushrikīna, inna ṣalātī, wa nusukī, wa maḥyāya, wa mamātī li-llāhi rabbi l-ʿālamīna, lā sharīka lahu wa bi-dhālika umirtu wa anā mina l-muslimīn. allāhumma anta l-maliku lā ilāha illā anta, anta rabbī wa anā ʿabduka, ẓalamtu nafsī wa iʿtaraftu bi-dhanbī fa ighfir lī dhunūby jamīʿā innahu lā yaghfiru adh-dhunwba illā ant. wa ihdinī li-aḥsani l-ʾakhlqi lā yahdī li-aḥsanih illā anta, wa iṣrif ʿannī sayyiʾahā, lā yaṣrifu ʿannī sayyiʾahā illā anta, labbayka wa saʿdayka, wa-l-khayru kulluhu bi-yadayka, wa ash-sharru laysa ilayka, anā bika wa ilayka, tabrakta wa taʿālayta, astaghfiruka wa atwbu ilayk","(I have turned my face sincerely towards He who has brought forth the heavens and the Earth and I am not of those who associate (others with Allah). Indeed my prayer, my sacrifice, my life and my death are for Allah, Lord of the worlds, no partner has He, with this I am commanded and I am of the Muslims. O Allah, You are the Sovereign, none has the right to be worshipped except You. You are my Lord and I am Your servant, I have wronged my own soul and have acknowledged my sin, so forgive me all my sins for no one forgives sins except You. Guide me to the best of characters for none can guide to it other than You, and deliver me from the worst of characters for none can deliver me from it other than You. Here I am, in answer to Your call, happy to serve you. All good is within Your hands and evil does not stem from You. I exist by your will and will return to you. Blessed and High are You, I seek Your forgiveness and repent unto You.)(Allah does not create pure evil which does not have any good or contain any benefit, wisdom or mercy at all, nor does He punish anyone without having commited a sin. Something can be good in terms of its creation when viewed in a particular perspective and at the same time be evil when viewed in another way. Allah created the devil and by him, He tests His servants, so there are those who hate the devil, fight him and his way and they stand at enmity towards him and his followers and there are others who are at allegiance with the devil and follow his steps. So evil exists in His creatures by His will and wisdom, not in His actions or act of creating.)",میں نے یکسو ہو کر اپنا رخ اس ذات کی طرف کر لیا جس نے آسمانوں اور زمین کو پیدا کیا، اور میں مشرکوں میں سے نہیں ہوں۔ بے شک میری نماز، میری قربانی، میرا جینا اور میرا مرنا سب اللہ رب العالمین کے لیے ہے، اس کا کوئی شریک نہیں، اور مجھے یہی حکم دیا گیا ہے اور میں مسلمانوں میں سے ہوں۔ اے اللہ! تو ہی بادشاہ ہے، تیرے سوا کوئی معبود نہیں، تو میرا رب ہے اور میں تیرا بندہ ہوں، میں نے اپنی جان پر ظلم کیا اور اپنے گناہ کا اعتراف کرتا ہوں، تو میرے سارے گناہ معاف فرما دے، بے شک تیرے سوا کوئی گناہ معاف نہیں کرتا۔ اور مجھے بہترین اخلاق کی ہدایت دے، تیرے سوا کوئی بہترین اخلاق کی ہدایت نہیں دیتا، اور مجھ سے برے اخلاق کو دور کر دے، تیرے سوا کوئی مجھ سے انہیں دور نہیں کر سکتا۔ میں حاضر ہوں، تیری اطاعت کے لیے تیار ہوں، ساری بھلائی تیرے ہی ہاتھ میں ہے، اور برائی تیری طرف منسوب نہیں۔ میں تیرے ہی سہارے اور تیری ہی طرف ہوں، تو بابرکت اور بلند و بالا ہے، میں تجھ سے بخشش مانگتا ہوں اور تیری طرف توبہ کرتا ہوں۔,"मैंने अपना चेहरा एकाग्र होकर उसकी ओर कर लिया जिसने आसमानों और ज़मीन को पैदा किया, और मैं मुशरिकों में से नहीं हूँ। बेशक मेरी नमाज़, मेरी क़ुर्बानी, मेरा जीना और मेरा मरना सब अल्लाह रब्बुल-आलमीन के लिए है, उसका कोई साझी नहीं, और मुझे यही हुक्म दिया गया है और मैं मुसलमानों में से हूँ। ऐ अल्लाह! तू ही बादशाह है, तेरे सिवा कोई सच्चा माबूद नहीं, तू मेरा रब है और मैं तेरा बंदा हूँ, मैंने अपनी जान पर ज़ुल्म किया और अपने गुनाह का इक़रार करता हूँ, तो तू मेरे सारे गुनाह माफ़ कर दे, बेशक गुनाह तेरे सिवा कोई माफ़ नहीं करता। और मुझे सबसे अच्छे अख़लाक़ की हिदायत दे, तेरे सिवा कोई सबसे अच्छे अख़लाक़ की हिदायत नहीं देता, और मुझसे बुरे अख़लाक़ को दूर कर दे, तेरे सिवा कोई मुझसे उसे दूर नहीं कर सकता। मैं हाज़िर हूँ, तेरी इताअत के लिए तैयार हूँ, हर भलाई तेरे ही हाथ में है, और बुराई तेरी तरफ़ से नहीं है। मैं तेरे ही सहारे और तेरी ही तरफ़ हूँ, तू बरकत वाला और बुलंद है, मैं तुझसे बख़्शिश माँगता हूँ और तेरी तरफ़ तौबा करता हूँ।",1,https://audio.opendua.org/hisn/v0.0.2/OD-029.mp3
16-04,16,4,Invocations for the beginning of the prayer,نماز کے آغاز (استفتاح) کی دعائیں,Invocations for the beginning of the prayer,((اللَّهُمَّ رَبَّ جِبْرَائِيلَ، وَمِيْكَائِيلَ، وَإِسْرَافِيلَ، فَاطِرَ السَّمَوَاتِ وَالأَرْضِ، عَالِمَ الغَيْبِ وَالشَّهَادَةِ أَنْتَ تَحْكُمُ بَيْنَ عِبَادِكَ فِيمَا كَانُوا فِيهِ يَخْتَلِفُونَ. اهْدِنِي لِمَا اخْتُلِفَ فِيهِ مِنَ الْحَقِّ بِإِذْنِكَ إِنَّكَ تَهْدِي مَنْ تَشَاءُ إِلَى صِرَاطٍ مُسْتَقيمٍ)).,"Allāhumma rabba jibrāʾīla, wa mīkāʾīla, wa isrāfīla, fāṭira as-samawāti wa-l-ʾarḍi, ʿālima l-ghaybi wa ash-shahādati anta taḥkumu bayna ʿibādika fīmā kānū fīhi yakhtalifūn. ihdinī limā ikhtulifa fīhi mina l-ḥaqqi bi-idhnika innaka tahdī man tashāʾu ilā ṣirāṭin mustaqym","(O Allah, Lord of Jibra-eel, Meeka-eel and Israfeel (great angles), Creator of the heavens and the Earth, Knower of the seen and the unseen. You are the arbitrator between Your servants in that which they have disputed. Guide me to the truth by Your leave, in that which they have differed, for verily You guide whom You will to a straight path.)",اے اللہ! جبرائیل، میکائیل اور اسرافیل کے رب، آسمانوں اور زمین کے پیدا کرنے والے، غیب اور حاضر کے جاننے والے! تو ہی اپنے بندوں کے درمیان ان باتوں کا فیصلہ کرتا ہے جن میں وہ اختلاف کرتے ہیں۔ مجھے اپنی اجازت سے اس حق بات کی ہدایت دے جس میں اختلاف کیا گیا ہے، بے شک تو جسے چاہتا ہے سیدھے راستے کی ہدایت دیتا ہے۔,"ऐ अल्लाह! जिब्राईल, मीकाईल और इस्राफ़ील के रब, आसमानों और ज़मीन के पैदा करने वाले, ग़ैब और हाज़िर का जानने वाले! तू ही अपने बंदों के बीच उन बातों का फ़ैसला करता है जिनमें वे झगड़ते हैं। मुझे उस हक़ बात की हिदायत दे जिसमें मतभेद हुआ है, अपनी इजाज़त से, बेशक तू जिसे चाहता है सीधे रास्ते की हिदायत देता है।",1,https://audio.opendua.org/hisn/v0.0.2/OD-030.mp3
16-05,16,5,Invocations for the beginning of the prayer,نماز کے آغاز (استفتاح) کی دعائیں,Invocations for the beginning of the prayer,((اللَّهُ أَكْبَرُ كَبِيرَاً، اللَّهُ أَكْبَرُ كَبِيراً، اللَّهُ أَكْبَرُ كَبِيراً، وَالْحَمْدُ لِلَّهِ كَثيراً، وَالْحَمْدُ لِلَّهِ كَثيراً، وَالْحَمْدُ لِلَّهِ كَثيراً، وَسُبْحَانَ اللَّهِ بُكْرَةً وَأَصِيلاً)) ثَلاثاً ((أَعُوذُ بِاللَّهِ مِنَ الشَّيْطَانِ: مِنْ نَفْخِهِ، وَنَفْثِهِ، وَهَمْزِهِ)).,"Allāhu akbaru ka-bi-yrā
Wa-l-ḥamdu li-llāhi ka-thīrā
Wa subḥāna llāhi bukratan wa aṣīlā
Aʿūdhu bi-llāhi mina ash-shayṭāni: min nafkhihi, wa nafthihi, wa hamzih","(Allah is Most Great, Allah is Most Great, Allah is Most Great, much praise is for Allah, much praise is for Allah, much praise is for Allah, and I declare the perfection of Allah in the early morning and in the late afternoon.)(I take refuge with Allah from the devil, from his pride, his poetry and his madness.)",اللہ سب سے بڑا ہے، بہت بڑا، اللہ سب سے بڑا ہے، بہت بڑا، اللہ سب سے بڑا ہے، بہت بڑا، اور بہت زیادہ تعریف اللہ کے لیے ہے، بہت زیادہ تعریف اللہ کے لیے ہے، بہت زیادہ تعریف اللہ کے لیے ہے، اور صبح و شام اللہ کی پاکی بیان کرتا ہوں (تین بار)۔ میں شیطان سے اللہ کی پناہ مانگتا ہوں: اس کے غرور سے، اس کے شعر (وسوسے) سے، اور اس کے جنون سے۔,"अल्लाह सबसे बड़ा है, बहुत बड़ा; अल्लाह सबसे बड़ा है, बहुत बड़ा; अल्लाह सबसे बड़ा है, बहुत बड़ा; और बहुत ज़्यादा तारीफ़ अल्लाह के लिए है, बहुत ज़्यादा तारीफ़ अल्लाह के लिए है, बहुत ज़्यादा तारीफ़ अल्लाह के लिए है, और सुबह-शाम अल्लाह की पाकी बयान करता हूँ (तीन बार)। मैं शैतान से अल्लाह की पनाह माँगता हूँ — उसके घमंड से, उसकी शायरी (वसवसे) से, और उसके पागलपन से।",1,https://audio.opendua.org/hisn/v0.0.2/OD-031.mp3
16-06,16,6,Invocations for the beginning of the prayer,نماز کے آغاز (استفتاح) کی دعائیں,Invocations for the beginning of the prayer,((اللَّهُمَّ لَكَ الْحَمْدُ، أَنْتَ نُورُ السَّمَوَاتِ وَالأَرْضِ وَمَنْ فِيهِنَّ، وَلَكَ الْحَمْدُ أَنْتَ قَيِّمُ السَّمَوَاتِ وَالأَرْضِ وَمَنْ فِيهِنَّ، [وَلَكَ الْحَمْدُ أَنْتَ رَبُّ السَّمَواتِ وَالأَرْضِ وَمَنْ فِيهِنَّ] [وَلَكَ الْحَمْدُ لَكَ مُلْكُ السَّمَوَاتِ وَالأَرْضِ وَمَنْ فِيهِنَّ] [وَلَكَ الْحَمْدُ أَنْتَ مَلِكُ السَّمَوَاتِ وَالأَرْضِ] [وَلَكَ الْحَمْدُ] [أَنْتَ الْحَقُّ، وَوَعْدُكَ الْحَقُّ، وَقَوْلُكَ الْحَقُّ، وَلِقاؤُكَ الْحَقُّ، وَالْجَنَّةُ حَقٌّ، وَالنَّارُ حَقٌّ، وَالنَّبِيُّونَ حَقٌّ، وَمحَمَّدٌ صلى الله عليه وسلم حَقٌّ، وَالسّاعَةُ حَقٌّ] [اللَّهُمَّ لَكَ أَسْلَمتُ، وَعَلَيْكَ تَوَكَّلْتُ، وَبِكَ آمَنْتُ، وَإِلَيْكَ أَنَبْتُ، وَبِكَ خاصَمْتُ، وَإِلَيْكَ حاكَمْتُ. فَاغْفِرْ لِي مَا قَدَّمْتُ، وَمَا أَخَّرْتُ، وَمَا أَسْرَرْتُ، وَمَا أَعْلَنْتُ] [وَمَا أَنْتَ أَعْلَمُ بِهِ مِنِّي] [أَنْتَ المُقَدِّمُ، وَأَنْتَ المُؤَخِّرُ لاَ إِلَهَ إِلاَّ أَنْتَ] [أَنْتَ إِلَهِي لاَ إِلَهَ إِلاَّ أَنْتَ] [وَلاَ حَوْلَ وَلاَ قُوَّةَ إِلاَّ بِاللَّهِ])).,"Allāhumma laka l-ḥamdu, anta nūru as-samawāti wa-l-ʾarḍi waman fīhinna, walaka l-ḥamdu anta qayyimu as-samawāti wa-l-ʾarḍi waman fīhinna, walaka l-ḥamdu anta rabbu as-samawti wa-l-ʾarḍi waman fīhinna walaka l-ḥamdu laka mulku as-samawāti wa-l-ʾarḍi waman fīhinna walaka l-ḥamdu anta maliku as-samawāti wa-l-ʾarḍi walaka l-ḥamdu anta l-ḥaqqu, wa waʿduka l-ḥaqqu, wa qawluka l-ḥaqqu, wa li-qʾuka l-ḥaqqu, wa-l-jannatu ḥaqqun, wa an-nāru ḥaqqun, wa an-nabiyyūna ḥaqqun, wa mḥammadun ṣallā llāh ʿalayhi wa sallam ḥaqqun, wa as-sʿatu ḥaqqun allāhumma laka aslamtu, wa ʿalayka tawakkaltu, wabika āmantu, wa ilayka anabtu, wabika khṣamtu, wa ilayka ḥkamt. fa ighfir lī mā qaddamtu, wamā akhkhartu, wamā asrartu, wamā aʿlantu anta l-muqaddimu, wa anta l-muʾakhkhiru lā ilāha illā anta anta ilahī lā ilāha illā ant","(O Allah, to You belongs all praise, You are the Light of the heavens and the Earth and all that is within them. To You belongs all praise, You are the Sustainer of the heavens and the Earth and all that is within them. To You belongs all praise. You are Lord of the heavens and the Earth and all that is within them. To You belongs all praise and the kingdom of the heavens and the Earth and all that is within them. To You belongs all praise, You are the King of the heavens and the Earth and to You belongs all praise. You are The Truth, Your promise is true, your Word is true, and the Day in which we will encounter You is true, the Garden of Paradise is true and the Fire is true, and the Prophets are true, Muhammad is true and the Final Hour is true. O Allah, unto You I have submitted, and upon You I have relied, and in You I have believed, and to You I have turned in repentance, and over You I have disputed, and to You I have turned for judgment. So forgive me for what has come to pass of my sins and what will come to pass, and what I have hidden and what I have made public. You are Al-Muqaddim and Al-Mu-akhkhir. None has the right to be worshipped except You, You are my Deity, none has the right to be worshipped except You.)(Meaning of Al-Muqaddim and Al-Mu-akhkhir: Allah puts forward and favours whom He wills from amongst His creation just as He defers and holds back whom He wills in accordance to His wisdom. E.g. Favouring man over the rest of creation, favouring the Prophets over the rest of mankind, favouring Muhammad over all the Prophets and Messengers…etc.)",اے اللہ! تیرے ہی لیے حمد ہے، تو آسمانوں اور زمین اور جو کچھ ان میں ہے اس کا نور ہے، اور تیرے ہی لیے حمد ہے، تو آسمانوں اور زمین اور جو کچھ ان میں ہے اس کا نگہبان ہے، [اور تیرے ہی لیے حمد ہے، تو آسمانوں اور زمین اور جو کچھ ان میں ہے اس کا رب ہے] [اور تیرے ہی لیے حمد ہے، آسمانوں اور زمین اور جو کچھ ان میں ہے اس کی بادشاہت تیرے ہی لیے ہے] [اور تیرے ہی لیے حمد ہے، تو آسمانوں اور زمین کا بادشاہ ہے] [اور تیرے ہی لیے حمد ہے] [تو حق ہے، تیرا وعدہ حق ہے، تیرا قول حق ہے، تیری ملاقات حق ہے، جنت حق ہے، جہنم حق ہے، انبیاء حق ہیں، محمد ﷺ حق ہیں، اور قیامت حق ہے] [اے اللہ! میں نے تیرے ہی سامنے سر تسلیم خم کیا، تجھ ہی پر بھروسا کیا، تجھ ہی پر ایمان لایا، تیری ہی طرف رجوع کیا، تیری ہی مدد سے جھگڑا کیا، اور تیرے ہی سامنے فیصلے کے لیے پیش ہوا۔ تو میرے وہ گناہ معاف کر دے جو میں نے پہلے کیے اور جو بعد میں کروں گا، جو میں نے چھپا کر کیے اور جو ظاہر کیے] [اور جنہیں تو مجھ سے زیادہ جانتا ہے] [تو ہی آگے کرنے والا اور تو ہی پیچھے کرنے والا ہے، تیرے سوا کوئی معبود نہیں] [تو ہی میرا معبود ہے، تیرے سوا کوئی معبود نہیں] [اور اللہ کے سوا کوئی طاقت اور قوت نہیں]۔,"ऐ अल्लाह! तेरे लिए ही सारी तारीफ़ है, तू आसमानों और ज़मीन और उनमें जो कुछ है उसका नूर है, और तेरे लिए ही तारीफ़ है, तू आसमानों और ज़मीन और उनमें जो कुछ है उसका थामने वाला है, और तेरे लिए ही तारीफ़ है, तू आसमानों और ज़मीन और उनमें जो कुछ है उसका रब है, और तेरे लिए ही तारीफ़ है, आसमानों और ज़मीन और उनमें जो कुछ है उसकी बादशाहत तेरे ही लिए है, और तेरे लिए ही तारीफ़ है, तू आसमानों और ज़मीन का बादशाह है, और तेरे लिए ही तारीफ़ है। तू सच्चा है, तेरा वादा सच्चा है, तेरा कलाम सच्चा है, तुझसे मिलना सच्चा है, जन्नत सच्चाई है, जहन्नम सच्चाई है, नबी सच्चे हैं, मुहम्मद ﷺ सच्चे हैं, और क़यामत सच्चाई है। ऐ अल्लाह! मैंने तेरे ही आगे सर झुकाया, तुझ पर ही भरोसा किया, तुझ पर ही ईमान लाया, तेरी ही तरफ़ रुजू किया, तेरी मदद से झगड़ा किया, और तेरे ही आगे फ़ैसले के लिए पेश हुआ। तो तू मेरे वे गुनाह माफ़ कर दे जो मैंने पहले किए और जो बाद में करूँगा, जो छुपाकर किए और जो खुलकर किए, और जिन्हें तू मुझसे ज़्यादा जानता है। तू ही आगे करने वाला और तू ही पीछे करने वाला है, तेरे सिवा कोई सच्चा माबूद नहीं। तू ही मेरा माबूद है, तेरे सिवा कोई सच्चा माबूद नहीं। और अल्लाह के सिवा कोई ताक़त और कूवत नहीं।",1,https://audio.opendua.org/hisn/v0.0.2/OD-032.mp3
17-01,17,1,Invocations during Ruki' (bowing in prayer),رکوع کی دعا,Invocations during Ruki' (bowing in prayer),((سُبْحانَ رَبِّيَ الْعَظِيمِ)). ثلاث مرَّاتٍ.,Subḥna rabbiya l-ʿaẓīm,"(How perfect my Lord is, The Supreme.’(three times))",پاک ہے میرا رب جو عظمت والا ہے (تین بار)۔,पाक है मेरा रब जो सबसे बड़ा है (तीन बार)।,3,https://audio.opendua.org/hisn/v0.0.2/OD-033.mp3
17-02,17,2,Invocations during Ruki' (bowing in prayer),رکوع کی دعا,Invocations during Ruki' (bowing in prayer),((سُبْحَانَكَ اللَّهُمَّ رَبَّنَا وَبِحَمْدِكَ، اللَّهُمَّ اغْفِرْ لِي)).,"Subḥānaka llāhumma rabbanā wa bi-ḥamdika, allāhumma ighfir lī","(How perfect You are O Allah, our Lord and I praise You. O Allah, forgive me.)",پاک ہے تو، اے اللہ ہمارے رب! اور تیری ہی حمد ہے، اے اللہ! مجھے بخش دے۔,"पाक है तू, ऐ अल्लाह हमारे रब! और तेरी ही तारीफ़ है, ऐ अल्लाह! मुझे बख़्श दे।",1,https://audio.opendua.org/hisn/v0.0.2/OD-034.mp3
17-03,17,3,Invocations during Ruki' (bowing in prayer),رکوع کی دعا,Invocations during Ruki' (bowing in prayer),((سُبُّوُحٌ، قُدُّوسٌ، رَبُّ المَلاَئِكَةِ وَالرُّوحِ)).,"Subbuwuḥun, quddūsun, rabbu l-malāʾikati wa ar-rūḥ","(Perfect and Holy (He is), Lord of the angles and the Rooh (i.e. Jibra-eel).)",پاک ہے، نہایت پاک ہے، فرشتوں اور روح (جبرائیل) کا رب۔,"पाक है, बहुत पाक है, फ़रिश्तों और रूह (जिब्राईल) का रब।",1,https://audio.opendua.org/hisn/v0.0.2/OD-035.mp3
17-04,17,4,Invocations during Ruki' (bowing in prayer),رکوع کی دعا,Invocations during Ruki' (bowing in prayer),((اللَّهُمَّ لَكَ رَكَعْتُ، وَبِكَ آمَنْتُ، وَلَكَ أَسْلَمْتُ، خَشَعَ لَكَ سَمْعِي، وَبَصَرِي، وَمُخِّي، وَعَــــظْمِي، وَعَصَبِي، [وَمَا استَقَلَّتْ بِهِ قَدَمِي])).,"Allāhumma laka rakaʿtu, wabika āmantu, walaka aslamtu, khashaʿa laka samʿī, wa baṣarī, wa mukhkhī, wa ʿaẓmī, wa ʿaṣabī, wamā staqallat bihi qadamī","(O Allah, unto You I have bowed, and in You I have believed, and to You I have submitted. My hearing, sight, mind, bones, tendons and what my feet carry are humbled before You.)",اے اللہ! میں نے تیرے ہی لیے رکوع کیا، تجھ ہی پر ایمان لایا اور تیرے ہی سامنے سر تسلیم خم کیا، تیرے سامنے میرے کان، میری آنکھ، میرا دماغ، میری ہڈی، میرا پٹھا [اور جسے میرے پاؤں اٹھائے ہوئے ہیں] عاجزی سے جھک گئے۔,"ऐ अल्लाह! मैंने तेरे ही आगे रुकू किया, तुझ पर ही ईमान लाया और तेरे ही आगे सर झुकाया, तेरे सामने मेरे कान, मेरी आँख, मेरा दिमाग़, मेरी हड्डी, मेरी नस और मेरे पैर जो मुझे उठाए हुए हैं — सब झुक गए।",1,https://audio.opendua.org/hisn/v0.0.2/OD-036.mp3
17-05,17,5,Invocations during Ruki' (bowing in prayer),رکوع کی دعا,Invocations during Ruki' (bowing in prayer),((سُبْحَانَ ذِي الْجَبَرُوتِ، وَالْمَلَكُوتِ، وَالْكِبْرِيَاءِ، وَالْعَظَمَةِ)).,"Subḥāna dhī l-jabarūti, wa-l-malakūti, wa-l-kibriyāʾi, wa-l-ʿaẓamah","(How perfect He is, The Possessor of total power, sovereignty, magnificence and grandeur.)",پاک ہے وہ جو کامل قوت، بادشاہت، بڑائی اور عظمت والا ہے۔,"पाक है वह जो पूरी ताक़त, बादशाहत, बड़ाई और अज़मत वाला है।",1,https://audio.opendua.org/hisn/v0.0.2/OD-037.mp3
18-01,18,1,Invocations for rising from the Ruki',رکوع سے اٹھتے وقت کی دعا,Invocations for rising from the Ruki',((سَمِعَ اللَّهُ لِمَنْ حَمِدَهُ)).,Samiʿa llāhu liman ḥamidah,(May Allah answer he who praises Him.)(This supplication is to be made while rising.),اللہ نے سن لی اس کی جس نے اس کی حمد کی۔,अल्लाह ने उसकी सुन ली जिसने उसकी तारीफ़ की।,1,https://audio.opendua.org/hisn/v0.0.2/OD-038.mp3
18-02,18,2,Invocations for rising from the Ruki',رکوع سے اٹھتے وقت کی دعا,Invocations for rising from the Ruki',((رَبَّنَا وَلَكَ الْحَمْدُ، حَمْداً كَثيراً طَيِّباً مُبارَكاً فِيهِ)).,"Rabbanā walaka l-ḥamdu, ḥamdan ka-thyran ṭayyiban mubrakan fīh","(Our Lord, for You is all praise, an abundant beautiful blessed praise.)",اے ہمارے رب! تیرے ہی لیے حمد ہے، بہت زیادہ، پاکیزہ اور بابرکت حمد۔,"ऐ हमारे रब! तेरे लिए ही तारीफ़ है, बहुत ज़्यादा, पाकीज़ा और बरकत वाली तारीफ़।",1,https://audio.opendua.org/hisn/v0.0.2/OD-039.mp3
18-03,18,3,Invocations for rising from the Ruki',رکوع سے اٹھتے وقت کی دعا,Invocations for rising from the Ruki',((مِلْءَ السَّمَوَاتِ وَمِلْءَ الأَرْضِ، وَمَا بَيْنَهُمَا، وَمِلْءَ مَا شِئْتَ مِنْ شَيءٍ بَعْدُ. أَهلَ الثَّناءِ وَالْمَجْدِ، أَحَقُّ مَا قَالَ الْعَبْدُ، وَكُلُّنَا لَكَ عَبْدٌ. اللَّهُمَّ لاَ مَانِعَ لِمَا أَعْطَيْتَ، وَلاَ مُعْطِيَ لِمَا مَنَعْتَ، وَلاَ يَنْفَعُ ذَا الجَدِّ مِنْكَ الجَدُّ)).,"Milʾa as-samawāti wa milʾa l-ʾarḍi, wamā baynahumā, wa milʾa mā shiʾta min shayʾin baʿd. ahla ath-thanʾi wa-l-majdi, aḥaqqu mā qāla l-ʿabdu, wa kullunā laka ʿabd. allāhumma lā māniʿa limā aʿṭayta, walā muʿṭiya limā manaʿta, walā yanfaʿu dhā l-jaddi minka l-jaddu","(The heavens and the Earth and all between them abound with Your praises, and all that You will abounds with Your praises. O Possessor of praise and majesty, the truest thing a slave has said (of You) and we are all Your slaves. O Allah, none can prevent what You have willed to bestow and none can bestow what You have willed to prevent, and no wealth or majesty can benefit anyone, as from You is all wealth and majesty.)(This supplication is made optionally only in conjunction with the previous one.)",آسمانوں کو بھر دینے والی، زمین کو بھر دینے والی، اور ان دونوں کے درمیان جو کچھ ہے اسے بھر دینے والی، اور اس کے بعد جو کچھ تو چاہے اسے بھر دینے والی حمد۔ اے تعریف اور بزرگی کے لائق! بندے نے جو سب سے سچی بات کہی ہے وہ یہی ہے، اور ہم سب تیرے بندے ہیں۔ اے اللہ! جو تو عطا کرے اسے کوئی روکنے والا نہیں، اور جو تو روک لے اسے کوئی دینے والا نہیں، اور کسی مالدار کو اس کی دولت تیرے مقابلے میں کچھ فائدہ نہیں دے سکتی۔,"आसमानों को भर देने वाली, ज़मीन को भर देने वाली, और उन दोनों के बीच की हर चीज़ को भर देने वाली, और उसके बाद जो कुछ तू चाहे उसे भर देने वाली तारीफ़। ऐ तारीफ़ और बड़ाई के लायक़! बंदे ने जो सबसे सच्ची बात कही है वह यही है, और हम सब तेरे बंदे हैं। ऐ अल्लाह! जो तू दे उसे कोई रोक नहीं सकता, और जो तू रोक ले उसे कोई दे नहीं सकता, और किसी दौलतमंद को उसकी दौलत तेरे मुक़ाबले में कुछ फ़ायदा नहीं दे सकती।",1,https://audio.opendua.org/hisn/v0.0.2/OD-040.mp3
19-01,19,1,Invocations during Sujood,سجدے کی دعائیں,Invocations during Sujood,((سُبْحَانَ رَبِّيَ الأَعْلَى)) ثلاث مرَّاتٍ.,Subḥāna rabbiya l-ʾaʿlā,"(How perfect my Lord is, The Most High.’(three times))",پاک ہے میرا رب جو سب سے بلند ہے (تین بار)۔,पाक है मेरा रब जो सबसे बुलंद है (तीन बार)।,3,https://audio.opendua.org/hisn/v0.0.2/OD-041.mp3
19-02,19,2,Invocations during Sujood,سجدے کی دعائیں,Invocations during Sujood,((سُبْحَانَكَ اللَّهُمَّ رَبَّنَا وَبِحَمْدِكَ، اللَّهُمَّ اغْفِرْ لِي)).,"Subḥānaka llāhumma rabbanā wa bi-ḥamdika, allāhumma ighfir lī","(How perfect You are O Allah, our Lord, and I praise You. O Allah, forgive me.)",پاک ہے تو، اے اللہ ہمارے رب! اور تیری ہی حمد ہے، اے اللہ! مجھے بخش دے۔,"पाक है तू, ऐ अल्लाह हमारे रब! और तेरी ही तारीफ़ है, ऐ अल्लाह! मुझे बख़्श दे।",1,https://audio.opendua.org/hisn/v0.0.2/OD-042.mp3
19-03,19,3,Invocations during Sujood,سجدے کی دعائیں,Invocations during Sujood,((سُبوحٌ، قُدُّوسٌ، رَبُّ الْمَلَائِكَةِ وَالرُّوحِ)).,"Subwḥun, quddūsun, rabbu l-malāʾikati wa ar-rūḥ","(Perfect and Holy (He is), Lord of the angles and the Rooh (i.e. Jibra-eel).)",پاک ہے، نہایت پاک ہے، فرشتوں اور روح (جبرائیل) کا رب۔,"पाक है, बहुत पाक है, फ़रिश्तों और रूह (जिब्राईल) का रब।",1,https://audio.opendua.org/hisn/v0.0.2/OD-043.mp3
19-04,19,4,Invocations during Sujood,سجدے کی دعائیں,Invocations during Sujood,((اللَّهُمَّ لَكَ سَجَدْتُ وَبِكَ آمَنْتُ، وَلَكَ أَسْلَمْتُ، سَجَدَ وَجْهِيَ لِلَّذِي خَلَقَهُ، وَصَوَّرَهُ، وَشَقَّ سَمْعَهُ وَبَصَرَهُ، تَبَارَكَ اللَّهُ أَحْسنُ الْخَالِقينَ)).,"Allāhumma laka sajadtu wabika āmantu, walaka aslamtu, sajada wajhiya lilladhī khalaqahu, wa ṣawwarahu, washaqqa samʿahu wa baṣarahu, tabāraka llāhu aḥsnu l-khāliqyn","(O Allah, unto You I have prostrated and in You I have believed, and unto You I have submitted. My face has prostrated before He Who created it and fashioned it, and brought forth its faculties of hearing and seeing. Blessed is Allah, the Best of creators.)",اے اللہ! میں نے تیرے ہی لیے سجدہ کیا، تجھ ہی پر ایمان لایا اور تیرے ہی سامنے سر تسلیم خم کیا، میرے چہرے نے اس ذات کے سامنے سجدہ کیا جس نے اسے پیدا کیا، اس کی صورت بنائی، اور اس کے کان اور آنکھ کی قوتیں نکالیں، بابرکت ہے اللہ جو سب سے بہتر پیدا کرنے والا ہے۔,"ऐ अल्लाह! मैंने तेरे ही आगे सजदा किया, तुझ पर ही ईमान लाया और तेरे ही आगे सर झुकाया। मेरे चेहरे ने उसके आगे सजदा किया जिसने इसे पैदा किया, इसकी सूरत बनाई, और इसके कान और आँख की ताक़त निकाली, बरकत वाला है अल्लाह जो सबसे अच्छा पैदा करने वाला है।",1,https://audio.opendua.org/hisn/v0.0.2/OD-044.mp3
19-05,19,5,Invocations during Sujood,سجدے کی دعائیں,Invocations during Sujood,((سُبْحَانَ ذِي الْجَبَرُوتِ، وَالْمَلَكُوتِ، وَالْكِبْرِيَاءِ، وَالْعَظَمَةِ)).,"Subḥāna dhī l-jabarūti, wa-l-malakūti, wa-l-kibriyāʾi, wa-l-ʿaẓamah","(How perfect He is, The Possessor of total power, sovereignty, magnificence and grandeur.)",پاک ہے وہ جو کامل قوت، بادشاہت، بڑائی اور عظمت والا ہے۔,"पाक है वह जो पूरी ताक़त, बादशाहत, बड़ाई और अज़मत वाला है।",1,https://audio.opendua.org/hisn/v0.0.2/OD-045.mp3
19-06,19,6,Invocations during Sujood,سجدے کی دعائیں,Invocations during Sujood,((اللَّهُمَّ اغْفِرْ لِي ذَنْبِي كُلَّهُ: دِقَّهُ وَجِلَّهُ، وَأَوَّلَهُ وَآخِرَهُ، وَعَلاَنِيَّتَهُ وَسِرَّهُ)).,"Allāhumma ighfir lī dhanbī kullahu: diqqahu wa jillahu, wa awwalahu wa ākhirahu, wa ʿalāniyyatahu wa sirrah","(O Allah, forgive me all of my sins, the small and great of them, the first and last of them, and the seen and hidden of them.)",اے اللہ! میرے سارے گناہ معاف فرما، چھوٹے بھی اور بڑے بھی، پہلے بھی اور بعد کے بھی، ظاہر بھی اور پوشیدہ بھی۔,"ऐ अल्लाह! मेरे सारे गुनाह माफ़ कर दे — छोटे भी और बड़े भी, पहले भी और बाद के भी, खुले भी और छुपे भी।",1,https://audio.opendua.org/hisn/v0.0.2/OD-046.mp3
19-07,19,7,Invocations during Sujood,سجدے کی دعائیں,Invocations during Sujood,((اللَّهُمَّ إِنِّي أَعُوذُ بِرِضَاكَ مِنْ سَخَطِكَ، وَبِمُعَافَاتِكَ مِنْ عُقوبَتِكَ، وَأَعُوذُ بِكَ مِنْكَ، لاَ أُحْصِي ثَنَاءً عَلَيْكَ، أَنْتَ كَمَا أَثْنَيْتَ عَلَى نَفْسِكَ)).,"Allāhumma innī aʿūdhu bi-riḍāka min sakhaṭika, wa bi-muʿāfātika min ʿuqwbatika, wa aʿūdhu bika minka, lā uḥṣī thanāʾan ʿalayka, anta kamā athnayta ʿalā nafsik","(O Allah, I take refuge within Your pleasure from Your displeasure and within Your pardon from Your punishment, and I take refuge in You from You. I cannot enumerate Your praise, You are as You have praised Yourself.)",اے اللہ! میں تیری ناراضگی سے بچنے کے لیے تیری رضا کی پناہ مانگتا ہوں، اور تیری سزا سے بچنے کے لیے تیری معافی کی پناہ مانگتا ہوں، اور میں تجھ سے تیری ہی پناہ مانگتا ہوں۔ میں تیری تعریف پوری طرح شمار نہیں کر سکتا، تو ویسا ہی ہے جیسی تو نے خود اپنی تعریف کی ہے۔,"ऐ अल्लाह! मैं तेरी नाराज़गी से बचने के लिए तेरी रज़ा की, और तेरी सज़ा से बचने के लिए तेरी माफ़ी की पनाह माँगता हूँ, और मैं तुझसे तेरी ही पनाह माँगता हूँ। मैं तेरी तारीफ़ पूरी तरह बयान नहीं कर सकता, तू वैसा ही है जैसी तूने ख़ुद अपनी तारीफ़ की है।",1,https://audio.opendua.org/hisn/v0.0.2/OD-047.mp3
20-01,20,1,Invocations for sitting between two prostrations,دو سجدوں کے درمیان بیٹھنے کی دعا,Invocations for sitting between two prostrations,((رَبِّ اغْفِرْ لِي، رَبِّ اغْفِرْ لِي)).,"Rabbi ighfir lī, rabbi ighfir lī","(My Lord forgive me, My Lord forgive me.)",اے میرے رب! مجھے بخش دے، اے میرے رب! مجھے بخش دے۔,"ऐ मेरे रब! मुझे बख़्श दे, ऐ मेरे रब! मुझे बख़्श दे।",1,https://audio.opendua.org/hisn/v0.0.2/OD-048.mp3
20-02,20,2,Invocations for sitting between two prostrations,دو سجدوں کے درمیان بیٹھنے کی دعا,Invocations for sitting between two prostrations,((اللَّهُمَّ اغْفِرْ لِي، وَارْحَمْنِي، وَاهْدِنِي، وَاجْبُرْنِي، وَعَافِنِي، وَارْزُقْنِي، وَارْفَعْنِي)).,"Allāhumma ighfir lī, wa irḥamnī, wa ihdinī, wa ijburnī, wa ʿāfinī, wa irzuqnī, wa irfaʿnī","(O Allah, forgive me, have mercy upon me, guide me, enrich me, give me health, grant me sustenance and raise my rank.)",اے اللہ! مجھے بخش دے، مجھ پر رحم فرما، مجھے ہدایت دے، میری کمی پوری فرما، مجھے عافیت دے، مجھے رزق دے، اور میرا درجہ بلند فرما۔,"ऐ अल्लाह! मुझे बख़्श दे, मुझ पर रहम कर, मुझे हिदायत दे, मेरी कमी पूरी कर, मुझे तंदुरुस्ती दे, मुझे रोज़ी दे, और मेरा दर्जा बुलंद कर।",1,https://audio.opendua.org/hisn/v0.0.2/OD-049.mp3
21-01,21,1,Supplications for prostrating due to recitation of the Qur'an,سجدۂ تلاوت کی دعا,Supplications for prostrating due to recitation of the Qur'an,((سَجَدَ وَجْهِيَ لِلَّذِي خَلَقَهُ، وَشَقَّ سَمْعَهُ وَبَصَرَهُ بِحَوْلِهِ وَقُوَّتِهِ، ﴿فَتَبارَكَ اللَّهُ أَحْسَنُ الْخَالِقِينَ﴾)).,"Sajada wajhiya lilladhī khalaqahu, washaqqa samʿahu wa baṣarahu bi-ḥawlihi wa quwwatihi, fa tabraka llāhu aḥsanu l-khāliqīn","(My face fell prostrate before He who created it and brought forth its faculties of hearing and seeing by His might and power.<< So Blessed is Allah, the best of creators.)",میرے چہرے نے اس ذات کے سامنے سجدہ کیا جس نے اسے پیدا کیا اور اپنی طاقت اور قوت سے اس کے کان اور آنکھ کی قوتیں نکالیں، تو بابرکت ہے اللہ جو سب سے بہتر پیدا کرنے والا ہے۔,"मेरे चेहरे ने उसके आगे सजदा किया जिसने इसे पैदा किया और अपनी ताक़त और क़ुव्वत से इसके कान और आँख की ताक़त निकाली, तो बरकत वाला है अल्लाह जो सबसे अच्छा पैदा करने वाला है।",1,https://audio.opendua.org/hisn/v0.0.2/OD-050.mp3
21-02,21,2,Supplications for prostrating due to recitation of the Qur'an,سجدۂ تلاوت کی دعا,Supplications for prostrating due to recitation of the Qur'an,((اللَّهُمَّ اكْتُبْ لِي بِهَا عِنْدَكَ أَجْراً، وَضَعْ عَنِّي بِهَا وِزْراً، وَاجْعَلْهَا لِي عِنْدَكَ ذُخْراً، وَتَقَبَّلْهَا مِنِّي كَمَا تَقَبَّلْتَهَا مِنْ عَبْدِكَ دَاوُدَ)).,"Allāhumma iktub lī bihā ʿindaka ajran, waḍaʿ ʿannī bihā wizran, wa ijʿalhā lī ʿindaka dhukhran, wa taqabbalhā minnī kamā taqabbaltahā min ʿabdika dāwud","(O Allah, record for me a reward for this (prostration), and remove from me a sin. Save it for me and accept it from me just as You had accepted it from Your servant Dawood.)",اے اللہ! اس سجدے کے بدلے میرے لیے اپنے پاس اجر لکھ دے، اس سے میرا ایک گناہ دور فرما، اسے میرے لیے اپنے پاس ذخیرہ بنا دے، اور اسے مجھ سے اسی طرح قبول فرما جیسے تو نے اپنے بندے داؤد علیہ السلام سے قبول کیا تھا۔,"ऐ अल्लाह! इस सजदे के बदले मेरे लिए अपने पास सवाब लिख दे, इससे मेरा एक गुनाह मिटा दे, इसे मेरे लिए अपने पास जमा बना दे, और इसे मुझसे उसी तरह क़ुबूल कर जैसे तूने अपने बंदे दाऊद अलैहिस्सलाम से क़ुबूल किया था।",1,https://audio.opendua.org/hisn/v0.0.2/OD-051.mp3
22-01,22,1,Invocation for At-Tashahhud (sitting in prayer),التشہد,Invocation for At-Tashahhud (sitting in prayer),((التَّحِيَّاتُ لِلَّهِ، وَالصَّلَواتُ، وَالطَّيِّباتُ، السَّلاَمُ عَلَيْكَ أَيُّهَا النَّبِيُّ وَرَحْمَةُ اللَّهِ وَبَرَكَاتُهُ، السَّلاَمُ عَلَيْنَا وَعَلَى عِبَادِ اللَّهِ الصَّالِحِينَ. أَشْهَدُ أَنْ لاَ إِلَهَ إِلاَّ اللَّهُ وَأَشْهَدُ أَنَّ مُحَمَّداً عَبْدُهُ وَرَسولُهُ)).,"At-taḥiyyātu li-llāhi, wa aṣ-ṣalawtu, wa aṭ-ṭayyibtu, as-salāmu ʿalayka ayyuhā an-nabiyyu wa raḥmatu llāhi wa barakātuhu, as-salāmu ʿalaynā wa ʿalā ʿibādi llāhi aṣ-ṣāliḥīn. ashhadu an lā ilāha illā llāhu wa ashhadu anna muḥammadan ʿabduhu wa raswluh","(At-tahiyyat is for Allah. All acts of worship and good deeds are for Him. Peace and the mercy and blessings of Allah be upon you O Prophet. Peace be upon us and all of Allah’s righteous servants. I bear witness that none has the right to be worshipped except Allah and I bear witness that Muhammad is His slave and Messenger.)(At-tahiyyat: all words which indicate the glorification of Allah. His eternal existence, His perfection and His sovereignty.)",تمام زبانی، بدنی اور مالی عبادتیں اللہ ہی کے لیے ہیں۔ اے نبی! آپ پر سلام ہو اور اللہ کی رحمت اور اس کی برکتیں ہوں۔ ہم پر اور اللہ کے نیک بندوں پر سلام ہو۔ میں گواہی دیتا ہوں کہ اللہ کے سوا کوئی معبود نہیں اور میں گواہی دیتا ہوں کہ محمد ﷺ اس کے بندے اور رسول ہیں۔,"सारी ज़बानी, बदनी और माली इबादतें अल्लाह के लिए हैं। ऐ नबी! आप पर सलाम हो और अल्लाह की रहमत और उसकी बरकतें हों। हम पर और अल्लाह के नेक बंदों पर सलाम हो। मैं गवाही देता हूँ कि अल्लाह के सिवा कोई सच्चा माबूद नहीं और मैं गवाही देता हूँ कि मुहम्मद ﷺ उसके बंदे और रसूल हैं।",1,https://audio.opendua.org/hisn/v0.0.2/OD-052.mp3
23-01,23,1,How to recite blessings on the Prophet after the Tashahhud,التشہد کے بعد نبی ﷺ پر درود بھیجنے کا طریقہ,How to recite blessings on the Prophet after the Tashahhud,((اللَّهُمَّ صَلِّ عَلَى مُحَمَّدٍ، وَعَلَى آلِ مُحَمَّدٍ، كَمَا صَلَّيتَ عَلَى إِبْرَاهِيمَ، وَعَلَى آلِ إِبْرَاهِيمَ، إِنَّكَ حَمِيدٌ مَجِيدٌ، اللَّهُمَّ بَارِكْ عَلَى مُحَمَّدٍ وَعَلَى آلِ مُحَمَّدٍ، كَمَا بَارَكْتَ عَلَى إِبْرَاهِيمَ وَعَلَى آلِ إِبْرَاهِيمَ، إِنَّكَ حَمِيدٌ مَجِيدٌ)).,"Allāhumma ṣalli ʿalā muḥammadin, wa ʿalā āli muḥammadin, kamā ṣallayta ʿalā ibrāhīma, wa ʿalā āli ibrāhīma, innaka ḥamīdun majīdun, allāhumma bārik ʿalā muḥammadin wa ʿalā āli muḥammadin, kamā bārakta ʿalā ibrāhīma wa ʿalā āli ibrāhīma, innaka ḥamīdun majīd","(O Allah, send prayers upon Muhammad and the followers of Muhammad, just as You sent prayers upon Ibraheem and upon the followers of Ibraheem. Verily, You are full of praise and majesty. O Allah, send blessings upon Mohammad and upon the family of Muhammad, just as You sent blessings upon Ibraheem and upon the family of Ibraheem. Verily, You are full of praise and majesty.)(send prayers: praise and exalt him in the highest and superior of gatherings: that of the closest angels to Allah)((al) has been translated in it’s broadest sense: some scholars are of the view that the meaning here is more specific and that it means: his followers from among his family.)",اے اللہ! محمد ﷺ پر اور محمد ﷺ کی آل پر رحمت نازل فرما، جیسے تو نے ابراہیم علیہ السلام پر اور ابراہیم علیہ السلام کی آل پر رحمت نازل فرمائی، بے شک تو تعریف کے لائق، بزرگی والا ہے۔ اے اللہ! محمد ﷺ پر اور محمد ﷺ کی آل پر برکت نازل فرما، جیسے تو نے ابراہیم علیہ السلام پر اور ابراہیم علیہ السلام کی آل پر برکت نازل فرمائی، بے شک تو تعریف کے لائق، بزرگی والا ہے۔,"ऐ अल्लाह! मुहम्मद ﷺ पर और मुहम्मद ﷺ की आल पर दरूद भेज, जैसे तूने इब्राहीम अलैहिस्सलाम पर और इब्राहीम अलैहिस्सलाम की आल पर दरूद भेजा, बेशक तू तारीफ़ के लायक़ और बुज़ुर्गी वाला है। ऐ अल्लाह! मुहम्मद ﷺ पर और मुहम्मद ﷺ की आल पर बरकत नाज़िल फ़रमा, जैसे तूने इब्राहीम अलैहिस्सलाम पर और इब्राहीम अलैहिस्सलाम की आल पर बरकत नाज़िल फ़रमाई, बेशक तू तारीफ़ के लायक़ और बुज़ुर्गी वाला है।",1,https://audio.opendua.org/hisn/v0.0.2/OD-053.mp3
23-02,23,2,How to recite blessings on the Prophet after the Tashahhud,التشہد کے بعد نبی ﷺ پر درود بھیجنے کا طریقہ,How to recite blessings on the Prophet after the Tashahhud,((اللَّهُمَّ صَلِّ عَلَى مُحَمَّدٍ وَعَلَى أَزْوَاجِهِ وَذُرِّيَّتِهِ، كَمَا صَلَّيْتَ عَلَى آلِ إِبْرَاهِيمَ. وَبَارِكْ عَلَى مُحَمَّدٍ وَعَلَى أَزْواجِهِ وَذُرِّيَّتِهِ، كَمَا بَارَكْتَ عَلَى آلِ إِبْرَاهِيمَ. إِنَّكَ حَمِيدٌ مَجِيدٌ)).,"Allāhumma ṣalli ʿalā muḥammadin wa ʿalā azwājihi wa dhurriyyatihi, kamā ṣallayta ʿalā āli ibrāhīm. wa bārik ʿalā muḥammadin wa ʿalā azwjihi wa dhurriyyatihi, kamā bārakta ʿalā āli ibrāhīm. innaka ḥamīdun majīd","(O Allah, send prayers upon Muhammad and upon the wives and descendants of Muhammad, just as You sent prayers upon the family of Ibraheem, and send blessings upon Muhammad and upon the wives and descendants of Muhammad, just as You sent blessings upon the family of Ibraheem. Verily, You are full of praise and majesty.)",اے اللہ! محمد ﷺ پر، ان کی بیویوں پر اور ان کی اولاد پر رحمت نازل فرما، جیسے تو نے ابراہیم علیہ السلام کی آل پر رحمت نازل فرمائی، اور محمد ﷺ پر، ان کی بیویوں پر اور ان کی اولاد پر برکت نازل فرما، جیسے تو نے ابراہیم علیہ السلام کی آل پر برکت نازل فرمائی۔ بے شک تو تعریف کے لائق، بزرگی والا ہے۔,"ऐ अल्लाह! मुहम्मद ﷺ पर, उनकी बीवियों पर और उनकी औलाद पर दरूद भेज, जैसे तूने इब्राहीम अलैहिस्सलाम की आल पर दरूद भेजा। और मुहम्मद ﷺ पर, उनकी बीवियों पर और उनकी औलाद पर बरकत नाज़िल फ़रमा, जैसे तूने इब्राहीम अलैहिस्सलाम की आल पर बरकत नाज़िल फ़रमाई। बेशक तू तारीफ़ के लायक़ और बुज़ुर्गी वाला है।",1,https://audio.opendua.org/hisn/v0.0.2/OD-054.mp3
24-01,24,1,Invocations after the final Tash-ahhud and before ending the prayer,آخری التشہد کے بعد، سلام سے پہلے کی دعائیں,Invocations after the final Tash-ahhud and before ending the prayer,((اللَّهُــمَّ إِنِّي أَعُوذُ بِكَ مِنْ عَذَابِ الْقَبْرِ، وَمِنْ عَذَابِ جَهَنَّمَ، وَمِنْ فِتْنَةِ الْمَحْيَا وَالْمَمَاتِ، وَمِنْ شَرِّ فِتْنَةِ الْمَسِيحِ الدَّجَّالِ)).,"Allāhumma innī aʿūdhu bika min ʿadhābi l-qabri, wamin ʿadhābi jahannama, wamin fitnati l-maḥyā wa-l-mamāti, wamin sharri fitnati l-masīḥi ad-dajjāl","(O Allah, I take refuge in You from the punishment of the grave, from the torment of the Fire, from the trials and tribulations of life and death and from the evil affliction of Al-Maseeh Ad-Dajjal.)(Al-Maseeh Ad-Dajjal: among the great signs of the last hour and the greatest trials to befall mankind, which every Prophet has warned about. Most of mankind will follow him. He will appear from Asbahan, Iran at the time when the Muslims will conquer Constantinople. He will be given special powers and will make the truth seem false and vice versa. He will claim to be righteous and then he will claim prophethood and finally, divinity. From his features is that he will be blind in his right eye which is a definite proof that contradicts his claim to be Allah as it is a sign of imperfection. The word Kafir will be written between his eyes which every believer, literate or illiterate will recognise.)",اے اللہ! میں تیری پناہ مانگتا ہوں قبر کے عذاب سے، جہنم کے عذاب سے، زندگی اور موت کے فتنے سے، اور مسیح دجال کے فتنے کی برائی سے۔,"ऐ अल्लाह! मैं तेरी पनाह माँगता हूँ क़ब्र के अज़ाब से, जहन्नम के अज़ाब से, ज़िंदगी और मौत के फ़ितने से, और मसीह दज्जाल के फ़ितने की बुराई से।",1,https://audio.opendua.org/hisn/v0.0.2/OD-055.mp3
24-02,24,2,Invocations after the final Tash-ahhud and before ending the prayer,آخری التشہد کے بعد، سلام سے پہلے کی دعائیں,Invocations after the final Tash-ahhud and before ending the prayer,((اللَّهُمَّ إِنِّي أَعوذُ بِكَ مِنْ عَذَابِ الْقَبْرِ، وَأَعوذُ بِكَ مِنْ فِتْنَةِ الْمَسِيحِ الدَّجَّالِ، وَأَعوذُ بِكَ مِنْ فِتْنَةِ الْمَحْيَا وَالْمَمَاتِ. اللَّهُمَّ إِنِّي أَعوذُ بِكَ مِنَ الْمَأْثَمِ وَالْمَغْرَمِ)).,"Allāhumma innī aʿwdhu bika min ʿadhābi l-qabri, wa aʿwdhu bika min fitnati l-masīḥi ad-dajjāli, wa aʿwdhu bika min fitnati l-maḥyā wa-l-mamāt. allāhumma innī aʿwdhu bika mina l-maʾthami wa-l-maghram","(O Allah, I take refuge in You from the punishment of the grave, and I take refuge in You from the temptation and trial of Al-Maseeh Ad-Dajjal, and I take refuge in You from the trials and tribulations of life and death. O Allah, I take refuge in You from sin and debt.)",اے اللہ! میں تیری پناہ مانگتا ہوں قبر کے عذاب سے، اور تیری پناہ مانگتا ہوں مسیح دجال کے فتنے سے، اور تیری پناہ مانگتا ہوں زندگی اور موت کے فتنے سے۔ اے اللہ! میں تیری پناہ مانگتا ہوں گناہ اور قرض سے۔,"ऐ अल्लाह! मैं तेरी पनाह माँगता हूँ क़ब्र के अज़ाब से, और मैं तेरी पनाह माँगता हूँ मसीह दज्जाल के फ़ितने से, और मैं तेरी पनाह माँगता हूँ ज़िंदगी और मौत के फ़ितने से। ऐ अल्लाह! मैं तेरी पनाह माँगता हूँ गुनाह और क़र्ज़ से।",1,https://audio.opendua.org/hisn/v0.0.2/OD-056.mp3
24-03,24,3,Invocations after the final Tash-ahhud and before ending the prayer,آخری التشہد کے بعد، سلام سے پہلے کی دعائیں,Invocations after the final Tash-ahhud and before ending the prayer,((اللَّهُمَّ إِنِّي ظَلَمْتُ نَفْسِي ظُلْماً كَثِيراً، وَلاَ يَغْفِرُ الذُّنوبَ إِلاَّ أَنْتَ، فَاغْفِرْ لِي مَغْفِرَةً مِنْ عِنْدِكَ وَارْحَمْنِي، إِنَّكَ أَنْتَ الغَفورُ الرَّحيمُ)).,"Allāhumma innī ẓalamtu nafsī ẓulman ka-thīran, walā yaghfiru adh-dhunwba illā anta, fa ighfir lī maghfiratan min ʿindika wa irḥamnī, innaka anta l-ghafwru ar-raḥīm","(O Allah, I have indeed oppressed my soul excessively and none can forgive sin except You, so forgive me a forgiveness from Yourself and have mercy upon me. Surely, You are The Most-Forgiving, The Most-Merciful.)(From Yourself: i.e. from Your innermost grace without deserving it and a forgiveness which is befitting to your tremendous generosity.)",اے اللہ! میں نے اپنی جان پر بہت ظلم کیا ہے، اور تیرے سوا کوئی گناہ معاف نہیں کرتا، تو اپنی طرف سے مجھے بخش دے اور مجھ پر رحم فرما، بے شک تو ہی بہت بخشنے والا، نہایت رحم فرمانے والا ہے۔,"ऐ अल्लाह! मैंने अपनी जान पर बहुत ज़ुल्म किया है, और तेरे सिवा कोई गुनाह माफ़ नहीं करता, तो तू अपनी तरफ़ से मुझे बख़्श दे और मुझ पर रहम कर, बेशक तू ही बहुत बख़्शने वाला, बहुत रहम करने वाला है।",1,https://audio.opendua.org/hisn/v0.0.2/OD-057.mp3
24-04,24,4,Invocations after the final Tash-ahhud and before ending the prayer,آخری التشہد کے بعد، سلام سے پہلے کی دعائیں,Invocations after the final Tash-ahhud and before ending the prayer,((اللَّهُمَّ اغْفِرْ لِي مَا قَدَّمْتُ، وَمَا أَخَّرْتُ، وَمَا أَسْرَرْتُ، وَمَا أَعْلَنْتُ، وَمَا أَسْرَفْتُ، وَمَا أَنْتَ أَعْلَمُ بِهِ مِنِّي. أَنْتَ الْمُقَدِّمُ، وَأَنْتَ الْمُؤَخِّرُ لاَ إِلَهَ إِلاَّ أَنْتَ)).,"Allāhumma ighfir lī mā qaddamtu, wamā akhkhartu, wamā asrartu, wamā aʿlantu, wamā asraftu, wamā anta aʿlamu bihi minnī. anta l-muqaddimu, wa anta l-muʾakhkhiru lā ilāha illā ant","(O Allah, forgive me for those sins which have come to pass as well as those which shall come to pass, and those I have committed in secret as well as those I have made public, and where I have exceeded all bounds as well as those things about which You are more knowledgeable. You are Al-Muqaddim and Al-Mu-akhkhir. None has the right to be worshipped except You.)(Meaning of Al-Muqaddim and Al-Mu-akhkhir: Allah puts forward and favours whom He wills from amongst His creation just as He defers and holds back whom He wills in accordance to His wisdom. E.g. Favouring man over the rest of creation, favouring the Prophets over the rest of mankind, favouring Muhammad over all the Prophets and Messengers…etc.)",اے اللہ! میرے وہ گناہ معاف فرما دے جو میں نے پہلے کیے اور جو بعد میں کروں گا، جو میں نے چھپا کر کیے اور جو ظاہر کیے، جن میں میں نے حد سے تجاوز کیا، اور جنہیں تو مجھ سے زیادہ جانتا ہے۔ تو ہی آگے کرنے والا اور تو ہی پیچھے کرنے والا ہے، تیرے سوا کوئی معبود نہیں۔,"ऐ अल्लाह! मेरे वे गुनाह माफ़ कर दे जो मैंने पहले किए और जो बाद में करूँगा, जो छुपाकर किए और जो खुलकर किए, जिनमें मैं हद से बढ़ गया, और जिन्हें तू मुझसे ज़्यादा जानता है। तू ही आगे करने वाला और तू ही पीछे करने वाला है, तेरे सिवा कोई सच्चा माबूद नहीं।",1,https://audio.opendua.org/hisn/v0.0.2/OD-058.mp3
24-05,24,5,Invocations after the final Tash-ahhud and before ending the prayer,آخری التشہد کے بعد، سلام سے پہلے کی دعائیں,Invocations after the final Tash-ahhud and before ending the prayer,((اللَّهُمَّ أَعِنِّي عَلَى ذِكْرِكَ، وَشُكْرِكَ، وَحُسْنِ عِبادَتِكَ)).,"Allāhumma aʿinnī ʿalā dhikrika, wa shukrika, wa ḥusni ʿibdatik","(O Allah, help me to remember You, to thank You, and to worship You in the best of manners.)",اے اللہ! اپنا ذکر کرنے، اپنا شکر ادا کرنے اور اچھے طریقے سے اپنی عبادت کرنے میں میری مدد فرما۔,"ऐ अल्लाह! तेरा ज़िक्र करने, तेरा शुक्र अदा करने, और अच्छे तरीक़े से तेरी इबादत करने में मेरी मदद कर।",1,https://audio.opendua.org/hisn/v0.0.2/OD-059.mp3
24-06,24,6,Invocations after the final Tash-ahhud and before ending the prayer,آخری التشہد کے بعد، سلام سے پہلے کی دعائیں,Invocations after the final Tash-ahhud and before ending the prayer,((اللَّهُمَّ إِنِّي أَعُوذُ بِكَ مِنَ الْبُخْلِ، وَأَعوذُ بِكَ مِنَ الْجُبْنِ، وَأَعُوذُ بِكَ مِنْ أَنْ أُرَدَّ إِلَى أَرْذَلِ الْعُمُرِ، وَأَعُوذُ بِكَ مِنْ فِتْنَةِ الدُّنْيَا وَعَذَابِ الْقَبْرِ)).,"Allāhumma innī aʿūdhu bika mina l-bukhli, wa aʿwdhu bika mina l-jubni, wa aʿūdhu bika min an uradda ilā ardhali l-ʿumuri, wa aʿūdhu bika min fitnati ad-dunyā wa ʿadhābi l-qabr","(O Allah, I take refuge in You from miserliness and cowardice, I take refuge in You lest I be returned to the worst of lives “i.e. old age, being weak, incapable and in a state of fear”, and I take refuge in You from the trials and tribulations of this life and the punishment of the grave.)",اے اللہ! میں تیری پناہ مانگتا ہوں بخل سے، اور تیری پناہ مانگتا ہوں بزدلی سے، اور تیری پناہ مانگتا ہوں اس بات سے کہ مجھے بدترین عمر (یعنی ناکارہ بڑھاپے) کی طرف لوٹا دیا جائے، اور تیری پناہ مانگتا ہوں دنیا کے فتنے اور قبر کے عذاب سے۔,"ऐ अल्लाह! मैं तेरी पनाह माँगता हूँ कंजूसी से, मैं तेरी पनाह माँगता हूँ बुज़दिली से, मैं तेरी पनाह माँगता हूँ इससे कि मुझे सबसे बुरी उम्र (निकम्मे बुढ़ापे) की तरफ़ लौटाया जाए, और मैं तेरी पनाह माँगता हूँ दुनिया के फ़ितने और क़ब्र के अज़ाब से।",1,https://audio.opendua.org/hisn/v0.0.2/OD-060.mp3
24-07,24,7,Invocations after the final Tash-ahhud and before ending the prayer,آخری التشہد کے بعد، سلام سے پہلے کی دعائیں,Invocations after the final Tash-ahhud and before ending the prayer,((اللَّهُمَّ إِنِّي أَسْأَلُكَ الْجَنَّةَ وَأَعُوذُ بِكَ مِنَ النَّارِ)).,Allāhumma innī asʾaluka l-jannata wa aʿūdhu bika mina an-nār,"(O Allah, I ask You to grant me Paradise and I take refuge in You from the Fire.)",اے اللہ! میں تجھ سے جنت مانگتا ہوں اور جہنم سے تیری پناہ مانگتا ہوں۔,ऐ अल्लाह! मैं तुझसे जन्नत माँगता हूँ और जहन्नम से तेरी पनाह माँगता हूँ।,1,https://audio.opendua.org/hisn/v0.0.2/OD-061.mp3
24-08,24,8,Invocations after the final Tash-ahhud and before ending the prayer,آخری التشہد کے بعد، سلام سے پہلے کی دعائیں,Invocations after the final Tash-ahhud and before ending the prayer,((اللَّهُمَّ بِعِلْمِكَ الغَيْبَ وَقُدْرَتِكَ عَلَى الْخَلقِ أَحْيِنِي مَا عَلِمْتَ الْحَيَاةَ خَيْراً لِي، وَتَوَفَّنِي إِذَا عَلِمْتَ الْوَفَاةَ خَيْراً لِي، اللَّهُمَّ إِنِّي أَسْأَلُكَ خَشْيَتَكَ فِي الْغَيْبِ وَالشَّهَادَةِ، وَأَسْأَلُكَ كَلِمَةَ الْحَقِّ فِي الرِّضَا وَالْغَضَبِ، وَأَسْأَلُكَ الْقَصْدَ فِي الْغِنَى وَالْفَقْرِ، وَأَسْأَلُكَ نَعِيماً لاَ يَنْفَدُ، وَأَسْأَلُكَ قُرَّةَ عَيْنٍ لاَ تَنْقَطِعُ، وَأَسْأَلُكَ الرِّضَا بَعْدَ الْقَضَاءِ، وَأَسْــــأَلُكَ بَرْدَ الْعَيْشِ بَعْدَ الْمَوْتِ، وَأَسْأَلُكَ لَذَّةَ النَّظَرِ إِلَى وَجْهِكَ، وَالشَّوْقَ إِلَى لِقائِكَ فِي غَيرِ ضَرَّاءَ مُضِرَّةٍ، وَلاَ فِتْنَةٍ مُضِلَّةٍ، اللَّهُمَّ زَيِّنَا بِزِينَةِ الإِيمَانِ، وَاجْعَلْنَا هُدَاةً مُهْتَدِينَ)).,"Allāhumma bi-ʿilmika l-ghayba wa qudratika ʿalā l-khalqi aḥyinī mā ʿalimta l-ḥayāta khayran lī, wa tawaffanī idhā ʿalimta l-wafāta khayran lī, allāhumma innī asʾaluka khashyataka fī l-ghaybi wa ash-shahādati, wa asʾaluka ka-limata l-ḥaqqi fī ar-riḍā wa-l-ghaḍabi, wa asʾaluka l-qaṣda fī l-ghinā wa-l-faqri, wa asʾaluka naʿīman lā yanfadu, wa asʾaluka qurrata ʿaynin lā tanqaṭiʿu, wa asʾaluka ar-riḍā baʿda l-qaḍāʾi, wa asʾaluka barda l-ʿayshi baʿda l-mawti, wa asʾaluka ladhdhata an-naẓari ilā wajhika, wa ash-shawqa ilā li-qʾika fī ghayri ḍarrāʾa muḍirratin, walā fitnatin muḍillatin, allāhumma zayyinā bi-zīnati l-ʾīmāni, wa ijʿalnā hudātan muhtadīn","(O Allah, by Your knowledge of the unseen and Your power over creation, keep me alive so long as You know such life to be good for me and take me if You know death to be better for me. O Allah, make me fearful of You whether in secret or in public and I ask You to make me true in speech, in times of pleasure and anger.I ask you to make me moderate in times of wealth and poverty and I ask You for everlasting bliss and joy which will never cease.I ask You to make me pleased with what You have decreed and for an easy life after death.I ask You for the sweetness of looking upon Your Face and a longing to encounter You in a manner which does not entail a calamity which will bring about harm nor a trial which will cause deviation. O Allah, beautify us with the adornment of faith and make us of those who guide and are rightly guided.)",اے اللہ! تیرے غیب کے علم اور تیری مخلوق پر قدرت کی بنا پر، مجھے اس وقت تک زندہ رکھ جب تک تو جانتا ہے کہ زندگی میرے لیے بہتر ہے، اور مجھے اس وقت وفات دے جب تو جانتا ہے کہ موت میرے لیے بہتر ہے۔ اے اللہ! میں تجھ سے پوشیدہ اور ظاہر میں تیرا خوف مانگتا ہوں، اور تجھ سے مانگتا ہوں کہ رضا اور غصے دونوں حالتوں میں سچی بات کہوں، اور تجھ سے مانگتا ہوں کہ مالداری اور فقر دونوں میں میانہ روی اختیار کروں، اور تجھ سے ایسی نعمت مانگتا ہوں جو کبھی ختم نہ ہو، اور تجھ سے ایسی آنکھوں کی ٹھنڈک مانگتا ہوں جو کبھی منقطع نہ ہو، اور تجھ سے تیرے فیصلے کے بعد رضا مانگتا ہوں، اور تجھ سے موت کے بعد آرام کی زندگی مانگتا ہوں، اور تجھ سے تیرا دیدار کرنے کی لذت اور تجھ سے ملنے کا شوق مانگتا ہوں، ایسی تکلیف دہ مصیبت کے بغیر جو نقصان پہنچائے، اور ایسے گمراہ کن فتنے کے بغیر جو بھٹکا دے۔ اے اللہ! ہمیں ایمان کی زینت سے آراستہ فرما، اور ہمیں ایسا بنا دے جو خود ہدایت پر ہوں اور دوسروں کو ہدایت دینے والے ہوں۔,"ऐ अल्लाह! अपने ग़ैब के इल्म और अपनी मख़लूक़ पर क़ुदरत की बुनियाद पर, मुझे तब तक ज़िंदा रख जब तक तू जानता है कि जीना मेरे लिए बेहतर है, और मुझे तब मौत दे जब तू जानता है कि मरना मेरे लिए बेहतर है। ऐ अल्लाह! मैं तुझसे माँगता हूँ कि मुझे छुपे और खुले में तेरा डर हो, और मैं तुझसे माँगता हूँ कि ख़ुशी और ग़ुस्से दोनों हालात में मेरी ज़बान से हक़ बात निकले, और मैं तुझसे माँगता हूँ कि अमीरी और ग़रीबी दोनों में मैं संतुलन रखूँ, और मैं तुझसे ऐसी नेमत माँगता हूँ जो कभी ख़त्म न हो, और मैं तुझसे ऐसी आँखों की ठंडक माँगता हूँ जो कभी न टूटे, और मैं तुझसे तेरे फ़ैसले के बाद रज़ामंदी माँगता हूँ, और मैं तुझसे मौत के बाद चैन की ज़िंदगी माँगता हूँ, और मैं तुझसे तेरा दीदार करने की लज़्ज़त और तुझसे मिलने की तड़प माँगता हूँ, बिना किसी नुक़सानदेह तकलीफ़ के और बिना किसी गुमराह करने वाले फ़ितने के। ऐ अल्लाह! हमें ईमान की ज़ीनत से सजा दे, और हमें ऐसा बना दे जो ख़ुद हिदायत पर हों और दूसरों को हिदायत देने वाले हों।",1,https://audio.opendua.org/hisn/v0.0.2/OD-062.mp3
24-09,24,9,Invocations after the final Tash-ahhud and before ending the prayer,آخری التشہد کے بعد، سلام سے پہلے کی دعائیں,Invocations after the final Tash-ahhud and before ending the prayer,((اللَّهُمَّ إِنِّي أَسْأَلُكَ يَا أَللَّهُ بِأَنَّكَ الْوَاحِدُ الْأَحَدُ الصَّمَدُ الَّذِي لَمْ يَلِدْ وَلَمْ يولَدْ، وَلَمْ يَكنْ لَهُ كُفُواً أَحَدٌ، أَنْ تَغْفِرَ لِي ذُنُوبِي إِنَّكَ أَنْتَ الْغَفُورُ الرَّحِّيمُ)).,"Allāhumma innī asʾaluka yā llāhu bi-annaka l-wāḥidu l-ʾaḥadu aṣ-ṣamadu alladhī lam yalid walam ywlad, walam yakn lahu kufūan aḥadun, an taghfira lī dhunūbī innaka anta l-ghafūru ar-raḥīm","(O Allah, I ask You O Allah, as You are The One, The Only, AS-Samad, The One who begets not, nor was He begotten and there is none like unto Him that You forgive me my sins for verily You are The Oft-Forgiving, Most-Merciful.)(AS-Samad: The Self-Sufficient Master, Possessor of perfect attributes whom all of creation turn to in all their needs.)",اے اللہ! میں تجھ سے، اے اللہ! اس وسیلے سے مانگتا ہوں کہ تو ہی وہ واحد، اکیلا، بےنیاز (صمد) ہے جس نے نہ کسی کو جنا اور نہ وہ جنا گیا، اور نہ کوئی اس کا ہمسر ہے — کہ تو میرے گناہ معاف فرما دے، بے شک تو ہی بہت بخشنے والا، نہایت رحم فرمانے والا ہے۔,"ऐ अल्लाह! मैं तुझसे, ऐ अल्लाह! इस वसीले से माँगता हूँ कि तू ही अकेला, यकता, बेनियाज़ है, जिसने न किसी को जना और न वह जना गया, और न कोई उसके बराबर है — कि तू मेरे गुनाह माफ़ कर दे, बेशक तू ही बहुत बख़्शने वाला, बहुत रहम करने वाला है।",1,https://audio.opendua.org/hisn/v0.0.2/OD-063.mp3
24-10,24,10,Invocations after the final Tash-ahhud and before ending the prayer,آخری التشہد کے بعد، سلام سے پہلے کی دعائیں,Invocations after the final Tash-ahhud and before ending the prayer,((اللَّهُمَّ إِنِّي أَسْأَلُكَ بِأَنَّ لَكَ الْحَمْدَ لَا إِلَهَ إِلاَّ أَنْتَ وَحْدَكَ لاَ شَرِيكَ لَكَ، الْمَنَّانُ، يَا بَدِيعَ السَّمَوَاتِ وَالْأَرْضِ يَا ذَا الْجَلاَلِ وَالْإِكْرَامِ، يَا حَيُّ يَا قَيُّومُ إِنِّي أَسْأَلُكَ الْجَنَّةَ وَأَعُوذُ بِكَ مِنَ النَّارِ)).,"Allāhumma innī asʾaluka biʾanna laka l-ḥamda lā ilāha illā anta waḥdaka lā sharīka laka, al-mannānu, yā badīʿa as-samawāti wa-l-ʾarḍi yā dhā l-jalāli wa-l-ʾikrāmi, yā ḥayyu yā qayyūmu innī asʾaluka l-jannata wa aʿūdhu bika mina an-nār","(O Allah, I ask You as unto You is all praise, none has the right to be worshipped except You, alone, without partner. You are the Benefactor. O Originator of the heavens and the Earth, O Possessor of majesty and honour, O Ever Living, O Self-Subsisting and Supporter of all, verily I ask You for Paradise and I take refuge with You from the Fire.)",اے اللہ! میں تجھ سے اس وسیلے سے مانگتا ہوں کہ تیرے ہی لیے حمد ہے، تیرے سوا کوئی معبود نہیں، تو اکیلا ہے، تیرا کوئی شریک نہیں، تو بہت احسان کرنے والا ہے۔ اے آسمانوں اور زمین کو انوکھے طریقے سے پیدا کرنے والے! اے جلال اور بزرگی والے! اے ہمیشہ زندہ رہنے والے! اے سب کو سنبھالنے والے! میں تجھ سے جنت مانگتا ہوں اور جہنم سے تیری پناہ مانگتا ہوں۔,"ऐ अल्लाह! मैं तुझसे इस वसीले से माँगता हूँ कि तेरे लिए ही सारी तारीफ़ है, तेरे सिवा कोई सच्चा माबूद नहीं, तू अकेला है, तेरा कोई साझी नहीं, तू बहुत एहसान करने वाला है। ऐ आसमानों और ज़मीन को अनोखे तरीक़े से पैदा करने वाले! ऐ बुज़ुर्गी और इज़्ज़त वाले! ऐ ज़िंदा! ऐ सबको थामने वाले! मैं तुझसे जन्नत माँगता हूँ और जहन्नम से तेरी पनाह माँगता हूँ।",1,https://audio.opendua.org/hisn/v0.0.2/OD-064.mp3
24-11,24,11,Invocations after the final Tash-ahhud and before ending the prayer,آخری التشہد کے بعد، سلام سے پہلے کی دعائیں,Invocations after the final Tash-ahhud and before ending the prayer,((اللَّهُمَّ إِنِّي أَسْأَلُكَ بِأَنَّي أَشْهَدُ أَنَّكَ أَنْتَ اللَّهُ لاَ إِلَهَ إِلاَّ أَنْتَ الْأَحَدُ الصَّمَدُ الَّذِي لَمْ يَلِدْ وَلَمْ يُولَدْ وَلَمْ يَكُنْ لَهُ كُفُواً أَحَدٌ)) .,Allāhumma innī asʾaluka bi-annay ashhadu annaka anta llāhu lā ilāha illā anta l-ʾaḥadu aṣ-ṣamadu alladhī lam yalid walam yūlad walam yakun lahu kufūan aḥad,"(O Allah, I ask You, as I bear witness that You are Allah, none has the right to be worshipped except You, The One, AS-Samad Who begets not nor was He begotten and there is none like unto Him.)(AS-Samad: The Self-Sufficient Master, Possessor of perfect attributes whom all of creation turn to in all their needs.)",اے اللہ! میں تجھ سے اس بات کے وسیلے سے مانگتا ہوں کہ میں گواہی دیتا ہوں کہ تو ہی اللہ ہے، تیرے سوا کوئی معبود نہیں، تو اکیلا، بےنیاز (صمد) ہے، جس نے نہ کسی کو جنا اور نہ وہ جنا گیا، اور نہ کوئی اس کا ہمسر ہے۔,"ऐ अल्लाह! मैं तुझसे इस बात के वसीले से माँगता हूँ कि मैं गवाही देता हूँ कि तू ही अल्लाह है, तेरे सिवा कोई सच्चा माबूद नहीं, तू अकेला, बेनियाज़ है, जिसने न किसी को जना और न वह जना गया, और न कोई उसके बराबर है।",1,https://audio.opendua.org/hisn/v0.0.2/OD-065.mp3
25-01,25,1,What to say after completing the prayer,نماز کے بعد کے اذکار,What to say after completing the prayer,((أَسْتَغْفِرُ اللَّهَ (ثَلاَثَاً) اللَّهُمَّ أَنْتَ السَّلاَمُ، وَمِنْكَ السَّلاَمُ، تَبَارَكْتَ يَا ذَا الْجَلاَلِ وَالْإِكْرَامِ)).,"Astaghfiru llāh
Allāhumma anta as-salāmu, wa minka as-salāmu, tabārakta yā dhā l-jalāli wa-l-ʾikrām","(I ask Allah for forgiveness.(three times) (O Allah, You are As-Salam and from You is all peace, blessed are You, O Possessor of majesty and honour.) (AS-Salam: The One Who is free from all defects and deficiencies.))",میں اللہ سے بخشش مانگتا ہوں (تین بار)۔ اے اللہ! تو ہی سلامتی ہے اور تجھی سے سلامتی ہے، تو بابرکت ہے، اے جلال اور بزرگی والے!,"मैं अल्लाह से बख़्शिश माँगता हूँ (तीन बार)। ऐ अल्लाह! तू ही सलामती है और तुझी से सलामती है, तू बरकत वाला है, ऐ बुज़ुर्गी और इज़्ज़त वाले!",1,https://audio.opendua.org/hisn/v0.0.2/OD-066.mp3
25-02,25,2,What to say after completing the prayer,نماز کے بعد کے اذکار,What to say after completing the prayer,((لاَ إِلَهَ إِلاَّ اللَّهُ وَحْدَهُ لاَ شَرِيكَ لَهُ، لَهُ الْمُلْكُ وَلَهُ الْحَمْدُ وَهُوَ عَلَى كُلِّ شَيْءٍ قَدِيرٌ [ثلاثاً]، اللَّهُمَّ لاَ مَانِعَ لِمَا أَعْطَيْتَ، وَلاَ مُعْطِيَ لِمَا مَنَعْتَ، وَلاَ يَنْفَعُ ذَا الْجَدِّ مِنْكَ الجَدُّ)).,"Lā ilāha illā llāhu waḥdahu lā sharīka lahu, lahu l-mulku walahu l-ḥamdu wahuwa ʿalā kulli shayʾin qadīr
Allāhumma lā māniʿa limā aʿṭayta, walā muʿṭiya limā manaʿta, walā yanfaʿu dhā l-jaddi minka l-jaddu","(None has the right to be worshipped except Allah, alone, without partner, to Him belongs all sovereignty and praise and He is over all things omnipotent.O Allah, none can prevent what You have willed to bestow and none can bestow what You have willed to prevent, and no wealth or majesty can benefit anyone, as from You is all wealth and majesty.)",اللہ کے سوا کوئی معبود نہیں، وہ اکیلا ہے، اس کا کوئی شریک نہیں، بادشاہت اسی کی ہے اور تعریف اسی کے لیے ہے، اور وہ ہر چیز پر قادر ہے (تین بار)۔ اے اللہ! جو تو عطا کرے اسے کوئی روکنے والا نہیں، اور جو تو روک لے اسے کوئی دینے والا نہیں، اور کسی مالدار کو اس کی دولت تیرے مقابلے میں کچھ فائدہ نہیں دے سکتی۔,"अल्लाह के सिवा कोई सच्चा माबूद नहीं, वह अकेला है, उसका कोई साझी नहीं, बादशाहत उसी की है और तारीफ़ उसी के लिए है, और वह हर चीज़ पर क़ादिर है (तीन बार)। ऐ अल्लाह! जो तू दे उसे कोई रोक नहीं सकता, और जो तू रोक ले उसे कोई दे नहीं सकता, और किसी दौलतमंद को उसकी दौलत तेरे मुक़ाबले में कुछ फ़ायदा नहीं दे सकती।",1,https://audio.opendua.org/hisn/v0.0.2/OD-067.mp3
25-03,25,3,What to say after completing the prayer,نماز کے بعد کے اذکار,What to say after completing the prayer,"((لَا إِلَهَ إِلاَّ اللَّهُ وَحْدَهُ لاَ شَرِيكَ لَهُ، لَهُ الْمُلْكُ، وَلَهُ الْحَمدُ، وَهُوَ عَلَى كُلِّ شَيْءٍ قَدِيرٌ. لاَ حَوْلَ وَلاَ قُوَّةَ إِلاَّ بِاللَّهِ، لاَ إِلَهَ إِلاَّ اللَّهُ، وَلاَ نَعْبُدُ إِلاَّ إِيَّاهُ, لَهُ النِّعْمَةُ وَلَهُ الْفَضْلُ وَلَهُ الثَّنَاءُ الْحَسَنُ، لَا إِلَهَ إِلاَّ اللَّهُ مُخْلِصِينَ لَهُ الدِّينَ وَلَوْ كَرِهَ الكَافِرُونَ)).","Lā ilāha illā llāhu waḥdahu lā sharīka lahu, lahu l-mulku, walahu l-ḥamdu, wahuwa ʿalā kulli shayʾin qadīr. lā ḥawla walā quwwata illā bi-llāhi, lā ilāha illā llāhu, walā naʿbudu illā iyyāhu, lahu an-niʿmatu walahu l-faḍlu walahu ath-thanāʾu l-ḥasanu, lā ilāha illā llāhu mukhliṣīna lahu ad-dīna walaw kariha l-kāfirūn","(None has the right to be worshipped except Allah, alone, without partner, to Him belongs all sovereignty and praise and He is over all things omnipotent. There is no might nor power except with Allah, none has the right to be worshipped except Allah and we worship none except Him. For Him is all favour, grace, and glorious praise. None has the right to be worshipped except Allah and we are sincere in faith and devotion to Him although the disbelievers detest it.)",اللہ کے سوا کوئی معبود نہیں، وہ اکیلا ہے، اس کا کوئی شریک نہیں، بادشاہت اسی کی ہے اور تعریف اسی کے لیے ہے، اور وہ ہر چیز پر قادر ہے۔ اللہ کے سوا کوئی طاقت اور قوت نہیں، اللہ کے سوا کوئی معبود نہیں، اور ہم اسی کی عبادت کرتے ہیں، نعمت اسی کی ہے، فضل اسی کا ہے، اور اچھی تعریف اسی کے لیے ہے۔ اللہ کے سوا کوئی معبود نہیں، اور ہم دین کو اسی کے لیے خالص کرتے ہوئے اس کی عبادت کرتے ہیں، اگرچہ کافر اسے ناپسند کریں۔,"अल्लाह के सिवा कोई सच्चा माबूद नहीं, वह अकेला है, उसका कोई साझी नहीं, बादशाहत उसी की है और तारीफ़ उसी के लिए है, और वह हर चीज़ पर क़ादिर है। अल्लाह के सिवा कोई ताक़त और कूवत नहीं, अल्लाह के सिवा कोई सच्चा माबूद नहीं, और हम उसी की इबादत करते हैं, नेमत उसी की है, फ़ज़ल उसी का है, और अच्छी तारीफ़ उसी के लिए है। अल्लाह के सिवा कोई सच्चा माबूद नहीं, हम दीन को उसी के लिए ख़ालिस करते हुए उसकी इबादत करते हैं, चाहे काफ़िरों को यह कितना ही नागवार क्यों न हो।",1,https://audio.opendua.org/hisn/v0.0.2/OD-068.mp3
25-04,25,4,What to say after completing the prayer,نماز کے بعد کے اذکار,What to say after completing the prayer,((سُبْحَانَ اللَّهِ، وَالْحَمْدُ لِلَّهِ، وَاللَّهُ أَكْبَرُ (ثلاثاً وثلاثين) لاَ إِلَهَ إِلاَّ اللَّهُ وَحْدَهُ لاَ شَرِيكَ لَهُ، لَهُ الْمُلْكُ وَلَهُ الْحَمْدُ وَهُوَ عَلَى كُلِّ شَيْءٍ قَدِيرٌ)).,"Subḥāna llāh
Wa-l-ḥamdu li-llāh
Wa-llāhu akbar
Lā ilāha illā llāhu waḥdahu lā sharīka lahu, lahu l-mulku walahu l-ḥamdu wahuwa ʿalā kulli shayʾin qadīr","(How perfect Allah is, all praise is for Allah, and Allah is the greatest.(thirty-three times) (None has the right to be worshipped except Allah, alone, without partner, to Him belongs all sovereignty and praise and He is over all things omnipotent.))",پاک ہے اللہ، اور تمام تعریف اللہ کے لیے ہے، اور اللہ سب سے بڑا ہے (تینتیس بار)۔ اللہ کے سوا کوئی معبود نہیں، وہ اکیلا ہے، اس کا کوئی شریک نہیں، بادشاہت اسی کی ہے اور تعریف اسی کے لیے ہے، اور وہ ہر چیز پر قادر ہے۔,"पाक है अल्लाह, तारीफ़ है अल्लाह के लिए, और अल्लाह सबसे बड़ा है (तैंतीस बार)। अल्लाह के सिवा कोई सच्चा माबूद नहीं, वह अकेला है, उसका कोई साझी नहीं, बादशाहत उसी की है और तारीफ़ उसी के लिए है, और वह हर चीज़ पर क़ादिर है।",33,https://audio.opendua.org/hisn/v0.0.2/OD-069.mp3
25-05,25,5,What to say after completing the prayer,نماز کے بعد کے اذکار,What to say after completing the prayer,بسم الله الرحمن الرحيم ﴿قُلْ هُوَ اللَّهُ أَحَدٌ* اللَّهُ الصَّمَدُ* لَمْ يَلِدْ وَلَمْ يُولَدْ* وَلَمْ يَكُن لَّهُ كُفُواً أَحَدٌ﴾، بسم الله الرحمن الرحيم ﴿قُلْ أَعُوذُ بِرَبِّ الْفَلَقِ* مِن شَرِّ مَا خَلَقَ* وَمِن شَرِّ غَاسِقٍ إِذَا وَقَبَ* وَمِن شَرِّ النَّفَّاثَاتِ فِي الْعُقَدِ* وَمِن شَرِّ حَاسِدٍ إِذَا حَسَدَ﴾،بسم الله الرحمن الرحيم ﴿قُلْ أَعُوذُ بِرَبِّ النَّاسِ* مَلِكِ النَّاسِ* إِلَهِ النَّاسِ* مِن شَرِّ الْوَسْوَاسِ الْخَنَّاسِ* الَّذِي يُوَسْوِسُ فِي صُدُورِ النَّاسِ* مِنَ الْجِنَّةِ وَ النَّاسِ﴾ بَعْدَ كُلِّ صَلاَةٍ.,Bismi llāh ar-raḥmān ar-raḥīm qul huwa llāhu aḥadun allāhu aṣ-ṣamadu lam yalid walam yūlad walam yakun llahu kufūan aḥadun bismi llāh ar-raḥmān ar-raḥīm qul aʿūdhu birabbi l-falaqi min sharri mā khalaqa wamin sharri ghāsiqin idhā waqaba wamin sharri an-naffāthāti fī l-ʿuqadi wamin sharri ḥāsidin idhā ḥasada bismi llāh ar-raḥmān ar-raḥīm qul aʿūdhu birabbi an-nāsi maliki an-nāsi ilāhi an-nāsi min sharri l-waswāsi l-khannāsi alladhī yuwaswisu fī ṣudūri an-nāsi mina l-jinnati wa an-nās,"The following three Soorahs should be recited once after Zuhr, 'Asr and 'Ishaa prayers and thrice after the Fajr and Maghrib prayers.[Soorah al-Ikhlaas (112)] [Soorah al-Falaq (113)] [Soorah an-Naas (114)]",بسم اللہ الرحمٰن الرحیم: کہہ دیجیے: وہ اللہ ایک ہے، اللہ بےنیاز ہے، نہ اس نے کسی کو جنا اور نہ وہ جنا گیا، اور نہ کوئی اس کا ہمسر ہے۔ بسم اللہ الرحمٰن الرحیم: کہہ دیجیے: میں صبح کے رب کی پناہ مانگتا ہوں، ہر اس چیز کے شر سے جو اس نے پیدا کی، اور اندھیری رات کے شر سے جب وہ چھا جائے، اور گرہوں میں پھونکنے والیوں کے شر سے، اور حسد کرنے والے کے شر سے جب وہ حسد کرے۔ بسم اللہ الرحمٰن الرحیم: کہہ دیجیے: میں لوگوں کے رب کی پناہ مانگتا ہوں، لوگوں کے بادشاہ کی، لوگوں کے معبود کی، بار بار پیچھے ہٹنے والے وسوسہ ڈالنے والے کے شر سے، جو لوگوں کے دلوں میں وسوسہ ڈالتا ہے، خواہ وہ جنوں میں سے ہو یا انسانوں میں سے — یہ ہر نماز کے بعد پڑھی جائیں۔,"अल्लाह के नाम से जो बड़ा मेहरबान निहायत रहम वाला है। कह दो: वह अल्लाह एक है। अल्लाह बेनियाज़ है। न उसने किसी को जना और न वह जना गया। और न कोई उसका हमसर है। अल्लाह के नाम से जो बड़ा मेहरबान निहायत रहम वाला है। कह दो: मैं सुबह के रब की पनाह माँगता हूँ, उस चीज़ की बुराई से जो उसने पैदा की, और अंधेरी रात की बुराई से जब वह छा जाए, और गाँठों में फूँकने वालियों की बुराई से, और हसद करने वाले की बुराई से जब वह हसद करे। अल्लाह के नाम से जो बड़ा मेहरबान निहायत रहम वाला है। कह दो: मैं लोगों के रब की पनाह माँगता हूँ, लोगों के बादशाह की, लोगों के माबूद की, बार-बार वसवसा डालने वाले की बुराई से, जो लोगों के दिलों में वसवसा डालता है, चाहे वह जिन्नों में से हो या इंसानों में से — यह तीनों सूरतें हर नमाज़ के बाद पढ़ी जाती हैं, ज़ुहर, असर और इशा के बाद एक-एक बार, और फ़ज्र व मग़रिब के बाद तीन-तीन बार।",1,https://audio.opendua.org/hisn/v0.0.2/OD-070.mp3
25-06,25,6,What to say after completing the prayer,نماز کے بعد کے اذکار,What to say after completing the prayer,﴿اللَّهُ لاَ إِلَهَ إِلاَّ هُوَ الْحَيُّ الْقَيُّومُ لاَ تَأْخُذُهُ سِنَةٌ وَلاَ نَوْمٌ لَّهُ مَا فِي السَّمَوَاتِ وَمَا فِي الأَرْضِ مَن ذَا الَّذِي يَشْفَعُ عِنْدَهُ إِلاَّ بِإِذْنِهِ يَعْلَمُ مَا بَيْنَ أَيْدِيهِمْ وَمَا خَلْفَهُمْ وَلاَ يُحِيطُونَ بِشَيْءٍ مِّنْ عِلْمِهِ إِلاَّ بِمَا شَاءَ وَسِعَ كُرْسِيُّهُ السَّمَوَاتِ وَالأَرْضَ وَلاَ يَؤُودُهُ حِفْظُهُمَا وَهُوَ الْعَلِيُّ الْعَظِيمُ﴾ عَقِبَ كلِّ صَلاَةٍ.,Allāhu lā ilāha illā huwa l-ḥayyu l-qayyūmu lā taʾkhudhuhu sinatun walā nawmun llahu mā fī as-samawāti wamā fī l-ʾarḍi man dhā alladhī yashfaʿu ʿindahu illā bi-idhnihi yaʿlamu mā bayna aydīhim wamā khalfahum walā yuḥīṭūna bi-shayʾin mmin ʿilmihi illā bimā shāʾa wasiʿa kursiyyuhu as-samawāti wa-l-ʾarḍa walā yaʾūduhu ḥifẓuhumā wahuwa l-ʿaliyyu l-ʿaẓīm,"It is also from the Sunnah to recite Aayat ul-Kursee after each prayer:[Soorah al-Baqarah, Aayah 255]",اللہ، اس کے سوا کوئی معبود نہیں، وہ زندہ ہے، ہمیشہ قائم رہنے والا ہے، اسے نہ اونگھ آتی ہے نہ نیند، آسمانوں اور زمین میں جو کچھ ہے سب اسی کا ہے، کون ہے جو اس کی اجازت کے بغیر اس کے ہاں سفارش کر سکے؟ وہ جانتا ہے جو ان کے آگے ہے اور جو ان کے پیچھے ہے، اور وہ اس کے علم میں سے کچھ بھی احاطہ نہیں کر سکتے سوائے اس کے جو وہ چاہے، اس کی کرسی آسمانوں اور زمین کو گھیرے ہوئے ہے، اور ان دونوں کی حفاظت اسے تھکاتی نہیں، اور وہ سب سے بلند، سب سے عظیم ہے — یہ آیت الکرسی ہر نماز کے بعد پڑھی جاتی ہے۔,"अल्लाह के सिवा कोई सच्चा माबूद नहीं, वह ज़िंदा है, सबको थामने वाला है, उसे न ऊँघ आती है न नींद, आसमानों और ज़मीन में जो कुछ है सब उसी का है, कौन है जो उसकी इजाज़त के बिना उसके यहाँ सिफ़ारिश कर सके, वह जानता है जो उनके आगे है और जो उनके पीछे है, और वे उसके इल्म में से कुछ भी नहीं समेट सकते सिवाय उतने के जितना वह चाहे, उसकी कुर्सी आसमानों और ज़मीन को घेरे हुए है, और उन दोनों की हिफ़ाज़त उसे थकाती नहीं, और वह सबसे बुलंद, सबसे बड़ा है — यह आयतुल-कुर्सी हर नमाज़ के बाद पढ़ी जाती है।",1,https://audio.opendua.org/hisn/v0.0.2/OD-071.mp3
25-07,25,7,What to say after completing the prayer,نماز کے بعد کے اذکار,What to say after completing the prayer,((لاَ إِلَهَ إِلاَّ اللَّهُ وَحْدَهُ لاَ شَرِيكَ لَهُ، لَهُ الْمُلْكُ وَلَهُ الْحَمْدُ يُحْيِي وَيُمِيتُ وَهُوَ عَلَى كُلِّ شَيْءٍ قَدِيرٌ)) عَشْرَ مَرّاتٍ بَعْدَ صَلاةِ الْمَغْرِبِ وَالصُّبْحِ.,"Lā ilāha illā llāhu waḥdahu lā sharīka lahu, lahu l-mulku walahu l-ḥamdu yuḥyī wa yumītu wahuwa ʿalā kulli shayʾin qadīr","(None has the right to be worshipped except Allah, alone, without partner, to Him belongs all sovereignty and praise, He gives life and causes death and He is over all things omnipotent.(ten times after the maghrib and fajr prayers))",((اللہ کے سوا کوئی معبود نہیں، وہ اکیلا ہے، اس کا کوئی شریک نہیں، اسی کی بادشاہت ہے اور اسی کے لیے تمام تعریفیں ہیں، وہ زندہ کرتا ہے اور مارتا ہے، اور وہ ہر چیز پر قادر ہے)) مغرب اور فجر کی نماز کے بعد دس دس مرتبہ۔,"अल्लाह के सिवा कोई सच्चा माबूद नहीं, वह अकेला है, उसका कोई साझी नहीं, बादशाहत उसी की है और तारीफ़ उसी के लिए है, वही ज़िंदगी देता है और वही मौत देता है, और वह हर चीज़ पर क़ादिर है — यह मग़रिब और फ़ज्र की नमाज़ के बाद दस बार पढ़ा जाता है।",10,https://audio.opendua.org/hisn/v0.0.2/OD-072.mp3
25-08,25,8,What to say after completing the prayer,نماز کے بعد کے اذکار,What to say after completing the prayer,((اللَّهُمَّ إِنِّي أَسْأَلُكَ عِلْماً نافِعاً، وَرِزْقاً طَيِّباً، وَعَمَلاً مُتَقَبَّلاً)) بَعْدَ السّلامِ مِنْ صَلاَةِ الفَجْرِ.,"Allāhumma innī asʾaluka ʿilman nfiʿan, wa rizqan ṭayyiban, wa ʿamalan mutaqabbalā","(O Allah, I ask You for knowledge which is beneficial and sustenance which is good, and deeds which are acceptable.)(To be said after giving salam for the fajr prayer)",((اے اللہ! میں تجھ سے نفع بخش علم، پاکیزہ رزق اور مقبول عمل کا سوال کرتا ہوں)) فجر کی نماز سے سلام پھیرنے کے بعد۔,"ऐ अल्लाह! मैं तुझसे फ़ायदेमंद इल्म, पाकीज़ा रोज़ी, और क़ुबूल होने वाले अमल का सवाल करता हूँ — यह फ़ज्र की नमाज़ के सलाम के बाद पढ़ा जाता है।",1,https://audio.opendua.org/hisn/v0.0.2/OD-073.mp3
26-01,26,1,Istikharah (seeking Allah's Counsel),استخارہ (اللہ سے بہتری مانگنا),Istikharah (seeking Allah's Counsel),قَالَ جَابرُ بْنُ عَبْدِ اللَّهِ رَضِيَ اللَّهُ عَنْهُمَا: كَانَ رسُولُ اللَّهِ صلى الله عليه وسلم يُعَلِّمُنَا الْاسْتِخَارَةَ فِي الْأُمُورِ كُلِّهَا كَمَا يُعَلِّمُنَا السُّورَةَ مِنَ الْقُرْآنِ، يَقُولُ: ((إِذَا هَمَّ أَحَدُكُمْ بِالْأَمْرِ فَلْيَرْكَعْ رَكْعَتَيْنِ مِنْ غَيْرِ الْفَرِيضَةِ، ثُمَّ لْيَقُلْ: اللَّهُمَّ إِنِّي أَسْتَخِيرُكَ بِعِلْمِكَ، وَأَسْتَقْدِرُكَ بِقُدْرَتِكَ، وَأَسْأَلُكَ مِنْ فَضْلِكَ العَظِيمِ؛ فَإِنَّكَ تَقْدِرُ وَلاَ أَقْدِرُ، وَتَعْلَمُ وَلاَ أَعْلَمُ، وَأَنْتَ عَلاَّمُ الغُيُوبِ، اللَّهُمَّ إِنْ كُنْتَ تَعْلَمُ أَنَّ هَذَا الأمْرَ - وَيُسَمِّي حَاجَتَهُ - خَيْرٌ لِي فِي دِينِي وَمَعَاشِي وَعَاقِبَةِ أَمْرِي – أَوْ قَالَ: عَاجِلِهِ وَآجِلِهِ - فَاقْدُرْهُ لِي وَيَسِّرْهُ لِي ثمَّ بَارِكْ لِي فِيهِ، وَإِنْ كُنْتَ تَعْلَمُ أَنَّ هَذَا الْأَمْرَ شَرٌّ لِي فِي دِينِي وَمَعَاشِي وَعَاقِبَةِ أَمْرِي – أَوْ قَالَ: عَاجِلِهِ وَآجِلِهِ – فَاصْرِفْهُ عَنِّي وَاصْرِفْنِي عَنْهُ وَاقْدُرْ لِيَ الْخَيْرَ حَيْثُ كَانَ، ثُمَّ أَرْضِنِي بِهِ)).وَمَا نَدِمَ مَنِ اسْتَخَارَ الْخَالِقَ، وَشَاوَرَ الْمَخْلُوقِينَ الْمُؤْمِنِينَ وَتَثَبَّتَ فِي أَمْرِهِ، فَقَدْ قَالَ اللَّه تعالى: ﴿وَشاوِرْهُمْ فِي الْأَمْرِ فَإِذَا عَزَمْتَ فَتَوَكَّلْ عَلَى اللَّهِ﴾ .,"Allāhumma innī astakhīruka bi-ʿilmika, wa astaqdiruka bi-qudratika, wa asʾaluka min faḍlika l-ʿaẓīmi; fa innaka taqdiru walā aqdiru, wa taʿlamu walā aʿlamu, wa anta ʿallāmu l-ghuyūbi, allāhumma in kunta taʿlamu anna hādhā l-ʾmra {{need}} khayrun lī fī dīnī wa maʿāshī wa ʿāqibati amrī fa iqdurhu lī wa yassirhu lī thmma bārik lī fīhi, waʾin kunta taʿlamu anna hādhā l-ʾamra sharrun lī fī dīnī wa maʿāshī wa ʿāqibati amrī fa iṣrifhu ʿannī wa iṣrifnī ʿanhu wa iqdur liya l-khayra ḥaythu kāna, thumma arḍinī bih
Allāhumma innī astakhīruka bi-ʿilmika, wa astaqdiruka bi-qudratika, wa asʾaluka min faḍlika l-ʿaẓīmi; fa innaka taqdiru walā aqdiru, wa taʿlamu walā aʿlamu, wa anta ʿallāmu l-ghuyūbi, allāhumma in kunta taʿlamu anna hādhā l-ʾmra {{need}} khayrun lī fī ʿājili amrī wa ājilihi fa iqdurhu lī wa yassirhu lī thmma bārik lī fīhi, waʾin kunta taʿlamu anna hādhā l-ʾamra sharrun lī fī ʿājili amrī wa ājilihi fa iṣrifhu ʿannī wa iṣrifnī ʿanhu wa iqdur liya l-khayra ḥaythu kāna, thumma arḍinī bih","(On the authority of Jabir Ibn 'abdullah , he said: ’The Prophet would instruct us to pray for guidance in all of our concerns, just as he would teach us a chapter from the Quran. He would say ’ If any of you intends to undertake a matter then let him pray two supererogatory units (two rak'ah nafilah) of prayer and after which he should supplicate:‘O Allah, I seek Your counsel by Your knowledge and by Your power I seek strength and I ask You from Your immense favour, for verily You are able while I am not and verily You know while I do not and You are the Knower of the unseen. O Allah, if You know this affair -and here he mentions his need- to be good for me in relation to my religion, my life, and end, then decree and facilitate it for me, and bless me with it, and if You know this affair to be ill for me towards my religion, my life, and end, then remove it from me and remove me from it, and decree for me what is good wherever it be and make me satisfied with such.)(One who seeks guidance from his Creator and consults his fellow believers and then remains firm in his resolve does not regret, for Allah has said:…and consult them in the affair. Then when you have taken a decision, put your trust in Allah…)",جابر بن عبداللہ رضی اللہ عنہما فرماتے ہیں: رسول اللہ ﷺ ہمیں تمام معاملات میں استخارہ کرنا اس طرح سکھاتے تھے جیسے قرآن کی کوئی سورت سکھاتے، آپ ﷺ فرماتے: ((جب تم میں سے کسی کو کوئی کام پیش آئے تو وہ فرض کے علاوہ دو رکعت نماز پڑھے، پھر یہ دعا کرے: اے اللہ! میں تجھ سے تیرے علم کے ذریعے خیر طلب کرتا ہوں، اور تیری قدرت کے ذریعے قوت مانگتا ہوں، اور تیرے عظیم فضل کا سوال کرتا ہوں، بیشک تو قدرت رکھتا ہے اور میں نہیں رکھتا، اور تو جانتا ہے اور میں نہیں جانتا، اور تو غیب کی تمام باتوں کا جاننے والا ہے۔ اے اللہ! اگر تیرے علم میں یہ کام - اور اپنی حاجت کا نام لے - میرے دین، میری زندگی اور میرے انجام کے لیے بہتر ہے - یا فرمایا: میرے فوری اور آنے والے معاملے کے لیے - تو اسے میرے لیے مقدر فرما اور آسان کر دے، پھر اس میں میرے لیے برکت عطا فرما، اور اگر تیرے علم میں یہ کام میرے دین، میری زندگی اور میرے انجام کے لیے برا ہے - یا فرمایا: میرے فوری اور آنے والے معاملے کے لیے - تو اسے مجھ سے دور کر دے اور مجھے اس سے دور کر دے، اور جہاں بھی خیر ہو وہ میرے لیے مقدر فرما، پھر مجھے اس پر راضی کر دے)). اور جس نے اپنے خالق سے استخارہ کیا اور مومن مخلوق سے مشورہ کیا اور اپنے معاملے میں ثابت قدم رہا، وہ کبھی نادم نہیں ہوا، چنانچہ اللہ تعالیٰ نے فرمایا ہے: ﴿اور معاملات میں ان سے مشورہ کرو، پھر جب تم پختہ ارادہ کر لو تو اللہ پر بھروسہ کرو﴾۔,"जाबिर बिन अब्दुल्लाह रज़ियल्लाहु अन्हुमा कहते हैं: रसूलुल्लाह ﷺ हमें हर काम में इस्तिख़ारा करना ऐसे सिखाते थे जैसे हमें क़ुरआन की कोई सूरह सिखाते थे। आप ﷺ फ़रमाते: जब तुम में से कोई किसी काम का इरादा करे तो फ़र्ज़ के अलावा दो रकात नमाज़ पढ़े, फिर कहे: ऐ अल्लाह! मैं तेरे इल्म के ज़रिए तुझसे भलाई माँगता हूँ, और तेरी क़ुदरत के ज़रिए तुझसे ताक़त माँगता हूँ, और तेरे बड़े फ़ज़ल का सवाली हूँ, क्योंकि तू क़ुदरत रखता है और मैं नहीं रखता, तू जानता है और मैं नहीं जानता, और तू ग़ैब की बातों को ख़ूब जानने वाला है। ऐ अल्लाह! अगर तू जानता है कि यह काम — और अपनी ज़रूरत का नाम ले — मेरे लिए मेरे दीन, मेरी दुनिया और मेरे अंजाम के लिहाज़ से बेहतर है, या कहे: अभी और बाद में, तो इसे मेरे लिए मुक़द्दर कर और आसान कर दे, फिर इसमें मेरे लिए बरकत डाल दे। और अगर तू जानता है कि यह काम मेरे लिए मेरे दीन, मेरी दुनिया और मेरे अंजाम के लिहाज़ से बुरा है, या कहे: अभी और बाद में, तो इसे मुझसे फेर दे और मुझे इससे फेर दे, और जहाँ भी भलाई हो वह मेरे लिए मुक़द्दर कर दे, फिर मुझे उस पर राज़ी कर दे। जिसने अपने पैदा करने वाले से इस्तिख़ारा किया और मोमिन मख़लूक़ से मशवरा किया और अपने काम में सोच-समझकर फ़ैसला किया, वह कभी नादिम नहीं हुआ, क्योंकि अल्लाह तआला ने फ़रमाया है: और उनसे काम में मशवरा लीजिए, फिर जब आपका इरादा पक्का हो जाए तो अल्लाह पर भरोसा कीजिए।",1,https://audio.opendua.org/hisn/v0.0.2/OD-074.mp3
27-01,27,1,Words of remembrance for morning and evening,صبح و شام کے اذکار,Words of remembrance for morning and evening,أَعُوذُ بِاللَّهِ مِنَ الشَّيطَانِ الرَّجِيمِ ﴿اللَّهُ لاَ إِلَهَ إِلاَّ هُوَ الْحَيُّ الْقَيُّومُ لاَ تَأْخُذُهُ سِنَةٌ وَلاَ نَوْمٌ لَّهُ مَا فِي السَّمَوَاتِ وَمَا فِي الأَرْضِ مَن ذَا الَّذِي يَشْفَعُ عِنْدَهُ إِلاَّ بِإِذْنِهِ يَعْلَمُ مَا بَيْنَ أَيْدِيهِمْ وَمَا خَلْفَهُمْ وَلاَ يُحِيطُونَ بِشَيْءٍ مِّنْ عِلْمِهِ إِلاَّ بِمَا شَاء وَسِعَ كُرْسِيُّهُ السَّمَوَاتِ وَالْأَرْضَ وَلاَ يَؤُودُهُ حِفْظُهُمَا وَهُوَ الْعَلِيُّ الْعَظِيمُ﴾.,Aʿūdhu bi-llāhi mina ash-shayṭāni ar-rajīmi llāhu lā ilāha illā huwa l-ḥayyu l-qayyūmu lā taʾkhudhuhu sinatun walā nawmun llahu mā fī as-samawāti wamā fī l-ʾarḍi man dhā alladhī yashfaʿu ʿindahu illā bi-idhnihi yaʿlamu mā bayna aydīhim wamā khalfahum walā yuḥīṭūna bi-shayʾin mmin ʿilmihi illā bimā shāʾ wasiʿa kursiyyuhu as-samawāti wa-l-ʾarḍa walā yaʾūduhu ḥifẓuhumā wahuwa l-ʿaliyyu l-ʿaẓīm,"Allah - there is no deity except Him, the Ever-Living, the Sustainer of [all] existence. Neither drowsiness overtakes Him nor sleep. To Him belongs whatever is in the heavens and whatever is on the earth. Who is it that can intercede with Him except by His permission? He knows what is [presently] before them and what will be after them, and they encompass not a thing of His knowledge except for what He wills. His Kursi extends over the heavens and the earth, and their preservation tires Him not. And He is the Most High, the Most Great.","میں شیطان مردود سے اللہ کی پناہ مانگتا ہوں۔ ""اللہ کے سوا کوئی معبود نہیں، وہ زندہ ہے، ہر چیز کو سنبھالنے والا ہے، نہ اسے اونگھ آتی ہے نہ نیند۔ آسمانوں اور زمین میں جو کچھ ہے سب اسی کا ہے۔ کون ہے جو اس کی اجازت کے بغیر اس کے ہاں سفارش کر سکے؟ وہ ان کے آگے اور پیچھے کا سب کچھ جانتا ہے، اور لوگ اس کے علم میں سے کسی چیز کا احاطہ نہیں کر سکتے مگر جتنا وہ چاہے۔ اس کی کرسی نے آسمانوں اور زمین کو گھیر رکھا ہے اور ان دونوں کی حفاظت اسے تھکاتی نہیں، اور وہی بلند و بالا اور عظمت والا ہے۔""","अल्लाह के सिवा कोई सच्चा माबूद नहीं, वह हमेशा जीवित रहने वाला, सबको सँभालने वाला है। न उसे ऊँघ आती है और न नींद। आसमानों और ज़मीन में जो कुछ है सब उसी का है। कौन है जो उसकी इजाज़त के बिना उसके पास सिफ़ारिश कर सके? वह जानता है जो उनके आगे है और जो उनके पीछे है, और वे उसके ज्ञान में से कुछ भी नहीं समझ सकते सिवाय उसके जो वह चाहे। उसकी कुर्सी आसमानों और ज़मीन को घेरे हुए है, और उन दोनों की हिफ़ाज़त उसे थकाती नहीं। और वही सबसे ऊँचा, सबसे महान है।",1,https://audio.opendua.org/hisn/v0.0.2/OD-075.mp3
27-02,27,2,Words of remembrance for morning and evening,صبح و شام کے اذکار,Words of remembrance for morning and evening,بسم الله الرحمن الرحيم ﴿قُلْ هُوَ اللَّهُ أَحَدٌ* اللَّهُ الصَّمَدُ* لَمْ يَلِدْ وَلَمْ يُولَدْ* وَلَمْ يَكُن لَّهُ كُفُواً أَحَدٌ﴾. بسم الله الرحمن الرحيم ﴿قُلْ أَعُوذُ بِرَبِّ الْفَلَقِ* مِن شَرِّ مَا خَلَقَ* وَمِن شَرِّ غَاسِقٍ إِذَا وَقَبَ* وَمِن شَرِّ النَّفَّاثَاتِ فِي الْعُقَدِ* وَمِن شَرِّ حَاسِدٍ إِذَا حَسَدَ﴾. بسم الله الرحمن الرحيم ﴿قُلْ أَعُوذُ بِرَبِّ النَّاسِ* مَلِكِ النَّاسِ* إِلَهِ النَّاسِ* مِن شَرِّ الْوَسْوَاسِ الْخَنَّاسِ* الَّذِي يُوَسْوِسُ فِي صُدُورِ النَّاسِ* مِنَ الْجِنَّةِ وَ النَّاسِ﴾ (ثلاثَ مرَّاتٍ).,Bismi llāh ar-raḥmān ar-raḥīm qul huwa llāhu aḥadun allāhu aṣ-ṣamadu lam yalid walam yūlad walam yakun llahu kufūan aḥadun bismi llāh ar-raḥmān ar-raḥīm qul aʿūdhu birabbi l-falaqi min sharri mā khalaqa wamin sharri ghāsiqin idhā waqaba wamin sharri an-naffāthāti fī l-ʿuqadi wamin sharri ḥāsidin idhā ḥasada bismi llāh ar-raḥmān ar-raḥīm qul aʿūdhu birabbi an-nāsi maliki an-nāsi ilāhi an-nāsi min sharri l-waswāsi l-khannāsi alladhī yuwaswisu fī ṣudūri an-nāsi mina l-jinnati wa an-nās,"([Soorah al-Ikhlaas (112)]( 1 ) Say, He is Allah, [who is] One,( 2 ) Allah, the Eternal Refuge.( 3 ) He neither begets nor is born,( 4 ) Nor is there to Him any equivalent.)([Soorah al-Falaq (113)] ( 1 ) Say, I seek refuge in the Lord of daybreak( 2 ) From the evil of that which He created( 3 ) And from the evil of darkness when it settles( 4 ) And from the evil of the blowers in knots( 5 ) And from the evil of an envier when he envies. )([Soorah an-Naas (114)])( 1 ) Say, I seek refuge in the Lord of mankind,( 2 ) The Sovereign of mankind.( 3 ) The God of mankind,( 4 ) From the evil of the retreating whisperer -( 5 ) Who whispers [evil] into the breasts of mankind -( 6 ) From among the jinn and mankind.","بسم اللہ الرحمن الرحیم: ""کہہ دیجیے وہ اللہ ایک ہے، اللہ بے نیاز ہے، نہ اس نے کسی کو جنا اور نہ وہ جنا گیا، اور نہ کوئی اس کا ہمسر ہے۔"" بسم اللہ الرحمن الرحیم: ""کہہ دیجیے میں صبح کے رب کی پناہ مانگتا ہوں، ہر مخلوق کے شر سے، اور اندھیری رات کے شر سے جب وہ چھا جائے، اور گرہوں میں پھونکنے والیوں کے شر سے، اور حسد کرنے والے کے شر سے جب وہ حسد کرے۔"" بسم اللہ الرحمن الرحیم: ""کہہ دیجیے میں لوگوں کے رب کی پناہ مانگتا ہوں، لوگوں کے بادشاہ کی، لوگوں کے معبود کی، وسوسہ ڈالنے والے، پیچھے ہٹ جانے والے (شیطان) کے شر سے، جو لوگوں کے دلوں میں وسوسہ ڈالتا ہے، خواہ وہ جنوں میں سے ہو یا انسانوں میں سے۔"" (تین مرتبہ)","अल्लाह के नाम से जो बड़ा कृपाशील और अत्यंत दयावान है। (कहो: वह अल्लाह एक है, अल्लाह बेनियाज़ है, न उसने किसी को जन्म दिया न वह किसी से जन्मा, और न कोई उसके बराबर है।) अल्लाह के नाम से जो बड़ा कृपाशील और अत्यंत दयावान है। (कहो: मैं सुबह के रब की पनाह माँगता हूँ, हर उस चीज़ की बुराई से जो उसने पैदा की, और अंधेरी रात की बुराई से जब वह छा जाए, और गिरहों में फूँकने वालियों की बुराई से, और हसद करने वाले की बुराई से जब वह हसद करे।) अल्लाह के नाम से जो बड़ा कृपाशील और अत्यंत दयावान है। (कहो: मैं लोगों के रब की पनाह माँगता हूँ, लोगों के बादशाह की, लोगों के माबूद की, बार-बार पीछे हटने वाले वसवसा डालने वाले की बुराई से, जो लोगों के दिलों में वसवसा डालता है, चाहे वह जिन्नों में से हो या इंसानों में से।) (तीन बार)।",3,https://audio.opendua.org/hisn/v0.0.2/OD-076.mp3
27-03,27,3,Words of remembrance for morning and evening,صبح و شام کے اذکار,Words of remembrance for morning and evening,((أَصْبَحْنَا وَأَصْبَحَ الْمُلْكُ لِلَّهِ ، وَالْحَمْدُ لِلَّهِ، لاَ إِلَهَ إلاَّ اللَّهُ وَحْدَهُ لاَ شَرِيكَ لَهُ، لَهُ الْمُلْكُ وَلَهُ الْحَمْدُ وَهُوَ عَلَى كُلِّ شَيْءٍ قَدِيرٌ، رَبِّ أَسْأَلُكَ خَيْرَ مَا فِي هَذَا الْيَوْمِ وَخَيرَ مَا بَعْدَهُ ، وَأَعُوذُ بِكَ مِنْ شَرِّ مَا فِي هَذَا الْيَوْمِ وَشَرِّ مَا بَعْدَهُ، رَبِّ أَعُوذُ بِكَ مِنَ الْكَسَلِ وَسُوءِ الْكِبَرِ، رَبِّ أَعُوذُ بِكَ مِنْ عَذَابٍ فِي النَّارِ وَعَذَابٍ فِي الْقَبْرِ)). [ وإذا أمسى قال: أمسينا وأمسى الملك للَّه] [وإذا أمسى قال: رب أسألك خير ما في هذه الليلة، وخير ما بعدها، وأعوذ بك من شر ما في هذه الليلة، وشر ما بعدها.],"Aṣbaḥnā wa aṣbaḥa l-mulku li-llāhi wa-l-ḥamdu li-llāhi, lā ilāha illā llāhu waḥdahu lā sharīka lahu, lahu l-mulku walahu l-ḥamdu wahuwa ʿalā kulli shayʾin qadīrun, rabbi asʾaluka khayra mā fī hādhā l-yawmi wa khayra mā baʿdahu wa aʿūdhu bika min sharri mā fī hādhā l-yawmi washarri mā baʿdahu, rabbi aʿūdhu bika mina l-kasali wa sūʾi l-kibari, rabbi aʿūdhu bika min ʿadhābin fī an-nāri wa ʿadhābin fī l-qabr
Amsaynā wa amsā l-mulku li-llāhi wa-l-ḥamdu li-llāhi, lā ilāha illā llāhu waḥdahu lā sharīka lahu, lahu l-mulku walahu l-ḥamdu wahuwa ʿalā kulli shayʾin qadīrun, rabbi asʾaluka khayra mā fī hādhihi l-laylati wa khayra mā baʿdahā, wa aʿūdhu bika min sharri mā fī hādhihi l-laylati washarri mā baʿdahā, rabbi aʿūdhu bika mina l-kasali wa sūʾi l-kibari, rabbi aʿūdhu bika min ʿadhābin fī an-nāri wa ʿadhābin fī l-qabr","‘We have reached the morning and at this very time unto Allaah, belongs all sovereignty , and all praise is for Allaah. None has the right to be worshipped except Allaah, alone, without any partner, to Him belong all sovereignty and praise and He is over all things omnipotent. My Lord, I ask You for the good of this day and the good of what follows it and I take refuge in You from the evil of this day and the evil of what follows it . My Lord, I take refuge in You from laziness and senility. My Lord, I take refuge in You from torment in the Fire and punishment in the grave.’",ہم نے صبح کی اور بادشاہی اللہ ہی کی ہے، اور تمام تعریفیں اللہ ہی کے لیے ہیں، اللہ کے سوا کوئی معبود نہیں، وہ اکیلا ہے، اس کا کوئی شریک نہیں، بادشاہی اسی کی ہے اور تعریف اسی کی ہے اور وہ ہر چیز پر قادر ہے۔ اے میرے رب! میں تجھ سے اس دن کی بھلائی اور اس کے بعد کی بھلائی مانگتا ہوں، اور تیری پناہ چاہتا ہوں اس دن کے شر سے اور اس کے بعد کے شر سے۔ اے میرے رب! میں تیری پناہ چاہتا ہوں سستی سے اور برے بڑھاپے سے۔ اے میرے رب! میں تیری پناہ چاہتا ہوں جہنم کے عذاب سے اور قبر کے عذاب سے۔ [اور جب شام کرے تو کہے: ہم نے شام کی اور بادشاہی اللہ ہی کی ہے] [اور جب شام کرے تو کہے: اے میرے رب! میں تجھ سے اس رات کی بھلائی اور اس کے بعد کی بھلائی مانگتا ہوں، اور تیری پناہ چاہتا ہوں اس رات کے شر سے اور اس کے بعد کے شر سے۔],"हमने सुबह की और सल्तनत अल्लाह की हो गई, और सारी तारीफ़ अल्लाह के लिए है। अल्लाह के सिवा कोई माबूद नहीं, वह अकेला है, उसका कोई साझी नहीं, सल्तनत उसी की है और तारीफ़ उसी के लिए है, और वह हर चीज़ पर क़ादिर है। ऐ मेरे रब, मैं तुझसे इस दिन की भलाई और इसके बाद की भलाई माँगता हूँ, और तेरी पनाह माँगता हूँ इस दिन की बुराई से और इसके बाद की बुराई से। ऐ मेरे रब, मैं तेरी पनाह माँगता हूँ आलस्य से और बुढ़ापे की बुराई से। ऐ मेरे रब, मैं तेरी पनाह माँगता हूँ आग के अज़ाब से और क़ब्र के अज़ाब से। (शाम को कहें: हमने शाम की और सल्तनत अल्लाह की हो गई। ऐ मेरे रब, मैं तुझसे इस रात की भलाई और इसके बाद की भलाई माँगता हूँ, और तेरी पनाह माँगता हूँ इस रात की बुराई से और इसके बाद की बुराई से।)",1,https://audio.opendua.org/hisn/v0.0.2/OD-077-1.mp3
27-04,27,4,Words of remembrance for morning and evening,صبح و شام کے اذکار,Words of remembrance for morning and evening,((اللَّهُمَّ بِكَ أَصْبَحْنَا، وَبِكَ أَمْسَيْنَا ، وَبِكَ نَحْيَا، وَبِكَ نَمُوتُ وَإِلَيْكَ النُّشُورُ)). [وإذا أمسى قال: اللَّهم بك أمسينا، وبك أصبحنا، وبك نحيا، وبك نموت، وإليك المصير.],"Allāhumma bika aṣbaḥnā, wabika amsaynā, wabika naḥyā, wabika namūtu, wa ilayka an-nushūr
Allāhumma bika amsaynā, wabika aṣbaḥnā, wabika naḥyā, wabika namūtu, wa ilayka l-maṣīr","(O Allah, by your leave we have reached the morning and by Your leave we have reached the evening, by Your leave we live and die and unto You is our resurrection.)[In the evening:](O Allah, by Your leave we have reached the evening and by Your leave we have reached the morning, by Your leave we live and die and unto You is our return.)",اے اللہ! تیرے ہی سہارے سے ہم نے صبح کی اور تیرے ہی سہارے سے ہم نے شام کی، تیرے ہی سہارے سے ہم زندہ رہتے ہیں اور تیرے ہی سہارے سے ہم مرتے ہیں، اور تیری ہی طرف اٹھ کر جانا ہے۔ [اور جب شام کرے تو کہے: اے اللہ! تیرے ہی سہارے سے ہم نے شام کی اور تیرے ہی سہارے سے ہم نے صبح کی، تیرے ہی سہارے سے ہم زندہ رہتے ہیں اور تیرے ہی سہارے سے ہم مرتے ہیں، اور تیری ہی طرف لوٹ کر جانا ہے۔],"ऐ अल्लाह, तेरी ही वजह से हमने सुबह की और तेरी ही वजह से हमने शाम की, तेरी ही वजह से हम जीते हैं और तेरी ही वजह से हम मरते हैं, और तेरी ही तरफ़ हमें उठकर जाना है। (शाम को कहें: ऐ अल्लाह, तेरी ही वजह से हमने शाम की और तेरी ही वजह से हमने सुबह की, तेरी ही वजह से हम जीते हैं और तेरी ही वजह से हम मरते हैं, और तेरी ही तरफ़ लौटना है।)",1,https://audio.opendua.org/hisn/v0.0.2/OD-078-1.mp3
27-05,27,5,Words of remembrance for morning and evening,صبح و شام کے اذکار,Words of remembrance for morning and evening,((اللَّهُمَّ أَنْتَ رَبِّي لَا إِلَهَ إِلاَّ أَنْتَ، خَلَقْتَنِي وَأَنَا عَبْدُكَ، وَأَنَا عَلَى عَهْدِكَ وَوَعْدِكَ مَا اسْتَطَعْتُ، أَعُوذُ بِكَ مِنْ شَرِّ مَا صَنَعْتُ، أَبُوءُ لَكَ بِنِعْمَتِكَ عَلَيَّ، وَأَبُوءُ بِذَنْبِي فَاغْفِرْ لِي فَإِنَّهُ لاَ يَغْفِرُ الذُّنوبَ إِلاَّ أَنْتَ)).,"Allāhumma anta rabbī lā ilāha illā anta, khalaqtanī wa anā ʿabduka, wa anā ʿalā ʿahdika wa waʿdika mā istaṭaʿtu, aʿūdhu bika min sharri mā ṣanaʿtu, abūʾu laka bi-niʿmatika ʿalayya, wa abūʾu bi-dhanbī fa ighfir lī fa innahu lā yaghfiru adh-dhunwba illā ant","(O Allah, You are my Lord, none has the right to be worshipped except You, You created me and I am Your servant and I abide to Your covenant and promise as best I can, I take refuge in You from the evil of which I have committed. I acknowledge Your favour upon me and I acknowledge my sin, so forgive me, for verily none can forgive sin except You.)",اے اللہ! تو میرا رب ہے، تیرے سوا کوئی معبود نہیں، تو نے مجھے پیدا کیا اور میں تیرا بندہ ہوں، اور میں حسبِ استطاعت تیرے عہد اور وعدے پر قائم ہوں، میں اس برائی کے شر سے تیری پناہ چاہتا ہوں جو میں نے کی، میں تیری اس نعمت کا اعتراف کرتا ہوں جو مجھ پر ہے اور اپنے گناہ کا اعتراف کرتا ہوں، پس مجھے بخش دے، کیونکہ تیرے سوا کوئی گناہوں کو نہیں بخشتا۔,"ऐ अल्लाह, तू ही मेरा रब है, तेरे सिवा कोई माबूद नहीं, तूने मुझे पैदा किया और मैं तेरा बंदा हूँ, और मैं जहाँ तक हो सके तेरे अहद और वादे पर क़ायम हूँ। मैं अपने किए की बुराई से तेरी पनाह माँगता हूँ। मैं तेरे सामने तेरी नेमत का इक़रार करता हूँ जो तूने मुझ पर की, और अपने गुनाह का भी इक़रार करता हूँ, तो मुझे माफ़ कर दे, क्योंकि तेरे सिवा कोई गुनाह माफ़ नहीं कर सकता।",1,https://audio.opendua.org/hisn/v0.0.2/OD-079.mp3
27-06,27,6,Words of remembrance for morning and evening,صبح و شام کے اذکار,Words of remembrance for morning and evening,((اللَّهُمَّ إِنِّي أَصْبَحْتُ أُشْهِدُكَ، وَأُشْهِدُ حَمَلَةَ عَرْشِكَ، وَمَلاَئِكَتِكَ، وَجَمِيعَ خَلْقِكَ، أَنَّكَ أَنْتَ اللَّهُ لَا إِلَهَ إِلاَّ أَنْتَ وَحْدَكَ لاَ شَرِيكَ لَكَ، وَأَنَّ مُحَمَّداً عَبْدُكَ وَرَسُولُكَ)) (أربعَ مَرَّاتٍ).[ وإذا أمسى قال: اللَّهم إني أمسيت...],"Allāhumma innī aṣbaḥtu ushhiduka, wa ushhidu ḥamalata ʿarshika, wa malāʾikatika, wa jamīʿa khalqika, annaka anta llāhu lā ilāha illā anta waḥdaka lā sharīka laka, waʾanna muḥammadan ʿabduka wa rasūluk
Allāhumma innī amsaytu ushhiduka, wa ushhidu ḥamalata ʿarshika, wa malāʾikatika, wa jamīʿa khalqika, annaka anta llāhu lā ilāha illā anta waḥdaka lā sharīka laka, waʾanna muḥammadan ʿabduka wa rasūluk","(O Allah, verily I have reached the morning and call on You, the bearers of Your throne, Your angles, and all of Your creation to witness that You are Allah, none has the right to be worshipped except You, alone, without partner and that Muhammad is Your Servant and Messenger.) (four times in the morning & evening)(Note: for the evening, one reads (amsaytu) instead of (asbahtu).)",اے اللہ! میں نے صبح کی، اس حال میں کہ میں تجھے گواہ بناتا ہوں، اور تیرے عرش کے اٹھانے والوں کو، تیرے فرشتوں کو اور تیری تمام مخلوق کو گواہ بناتا ہوں کہ تو ہی اللہ ہے، تیرے سوا کوئی معبود نہیں، تو اکیلا ہے، تیرا کوئی شریک نہیں، اور یہ کہ محمد ﷺ تیرے بندے اور تیرے رسول ہیں۔ (چار مرتبہ) [اور جب شام کرے تو کہے: اے اللہ! میں نے شام کی...],"ऐ अल्लाह, मैंने सुबह करते हुए तुझे गवाह बनाया, और तेरे अर्श उठाने वालों को, तेरे फ़रिश्तों को, और तेरी सारी मख़लूक़ को गवाह बनाया कि तू ही अल्लाह है, तेरे सिवा कोई माबूद नहीं, तू अकेला है, तेरा कोई साझी नहीं, और यह कि मुहम्मद ﷺ तेरे बंदे और रसूल हैं। (चार बार) (शाम को कहें तो सुबह की जगह शाम कहें।)",4,https://audio.opendua.org/hisn/v0.0.2/OD-080-1.mp3
27-07,27,7,Words of remembrance for morning and evening,صبح و شام کے اذکار,Words of remembrance for morning and evening,((اللَّهُمَّ مَا أَصْبَحَ بِي مِنْ نِعْمَةٍ أَوْ بِأَحَدٍ مِنْ خَلْقِكَ فَمِنْكَ وَحْدَكَ لاَ شَرِيكَ لَكَ، فَلَكَ الْحَمْدُ وَلَكَ الشُّكْرُ)). [وإذا أمسى قال: اللَّهم ما أمسى بي...],"Allāhumma mā aṣbaḥa bī min niʿmatin aw bi-aḥadin min khalqika fa minka waḥdaka lā sharīka laka, falaka l-ḥamdu walaka ash-shukr
Allāhumma mā amsā bī min niʿmatin aw bi-aḥadin min khalqika fa minka waḥdaka lā sharīka laka, falaka l-ḥamdu walaka ash-shukr","(O Allah, what blessing I or any of Your creation have risen upon, is from You alone, without partner, so for You is all praise and unto You all thanks.)(…whoever says this in the morning has indeed offered his day’s thanks and whoever says this in the evening has indeed offered his night’s thanks.)(Note: for the evening, one reads (amsa) instead of (asbaha).)",اے اللہ! مجھے یا تیری کسی بھی مخلوق کو جو نعمت آج صبح میسر آئی وہ تیری ہی طرف سے ہے، اکیلے تیری، تیرا کوئی شریک نہیں، پس تیرے ہی لیے تعریف ہے اور تیرے ہی لیے شکر ہے۔ [اور جب شام کرے تو کہے: اے اللہ! مجھے آج شام جو نعمت میسر آئی...],"ऐ अल्लाह, जो नेमत मुझे या तेरी किसी भी मख़लूक़ को सुबह मिली है, वह तेरी ही तरफ़ से है, अकेले तेरी तरफ़ से, तेरा कोई साझी नहीं, तो सारी तारीफ़ तेरे लिए है और सारा शुक्र तेरे लिए है। (शाम को कहें तो सुबह की जगह शाम कहें।)",1,https://audio.opendua.org/hisn/v0.0.2/OD-081-1.mp3
27-08,27,8,Words of remembrance for morning and evening,صبح و شام کے اذکار,Words of remembrance for morning and evening,((اللَّهُمَّ عَافِنِي فِي بَدَنِي، اللَّهُمَّ عَافِنِي فِي سَمْعِي، اللَّهُمَّ عَافِنِي فِي بَصَرِي، لاَ إِلَهَ إِلاَّ أَنْتَ. اللَّهُمَّ إِنِّي أَعُوذُ بِكَ مِنَ الْكُفْرِ، وَالفَقْرِ، وَأَعُوذُ بِكَ مِنْ عَذَابِ القَبْرِ، لاَ إِلَهَ إِلاَّ أَنْتَ)) (ثلاثَ مرَّاتٍ).,"Allāhumma ʿāfinī fī badanī, allāhumma ʿāfinī fī samʿī, allāhumma ʿāfinī fī baṣarī, lā ilāha illā ant. allāhumma innī aʿūdhu bika mina l-kufri, wa-l-faqri, wa aʿūdhu bika min ʿadhābi l-qabri, lā ilāha illā ant","(O Allah, grant my body health, O Allah, grant my hearing health, O Allah, grant my sight health. None has the right to be worshipped except You.)(three times) (O Allah, I take refuge with You from disbelief and poverty, and I take refuge with You from the punishment of the grave. None has the right to be worshipped except You. (three times))",اے اللہ! میرے بدن کو عافیت دے، اے اللہ! میرے کانوں کو عافیت دے، اے اللہ! میری آنکھوں کو عافیت دے، تیرے سوا کوئی معبود نہیں۔ اے اللہ! میں کفر اور فقر سے تیری پناہ مانگتا ہوں، اور قبر کے عذاب سے تیری پناہ مانگتا ہوں، تیرے سوا کوئی معبود نہیں۔ (تین مرتبہ),"ऐ अल्लाह, मुझे मेरे बदन में आफ़ियत दे, ऐ अल्लाह, मुझे मेरे कानों में आफ़ियत दे, ऐ अल्लाह, मुझे मेरी आँखों में आफ़ियत दे, तेरे सिवा कोई माबूद नहीं। ऐ अल्लाह, मैं तेरी पनाह माँगता हूँ कुफ़्र से और मुफ़लिसी से, और मैं तेरी पनाह माँगता हूँ क़ब्र के अज़ाब से, तेरे सिवा कोई माबूद नहीं। (तीन बार)",3,https://audio.opendua.org/hisn/v0.0.2/OD-082.mp3
27-09,27,9,Words of remembrance for morning and evening,صبح و شام کے اذکار,Words of remembrance for morning and evening,((حَسْبِيَ اللَّهُ لاَ إِلَهَ إِلاَّ هُوَ عَلَيهِ تَوَكَّلتُ وَهُوَ رَبُّ الْعَرْشِ الْعَظِيمِ)) (سَبْعَ مَرّاتٍ).,Ḥasbiya llāhu lā ilāha illā huwa ʿalayhi tawakkaltu wahuwa rabbu l-ʿarshi l-ʿaẓīm,"Allah is Sufficient for me, none has the right to be worshipped except Him, upon Him I rely and He is Lord of the exalted throne.’ (Recite seven times in Arabic.)",مجھے اللہ کافی ہے، اس کے سوا کوئی معبود نہیں، میں نے اسی پر بھروسا کیا اور وہ عظیم عرش کا رب ہے۔ (سات مرتبہ),"मुझे अल्लाह काफ़ी है, उसके सिवा कोई माबूद नहीं, मैंने उसी पर भरोसा किया और वह अज़ीम अर्श का मालिक है। (सात बार)",1,https://audio.opendua.org/hisn/v0.0.2/OD-083.mp3
27-10,27,10,Words of remembrance for morning and evening,صبح و شام کے اذکار,Words of remembrance for morning and evening,((اللَّهُمَّ إِنِّي أَسْأَلُكَ الْعَفْوَ وَالْعَافِيَةَ فِي الدُّنْيَا وَالآخِرَةِ، اللَّهُمَّ إِنِّي أَسْأَلُكَ الْعَفْوَ وَالْعَافِيَةَ: فِي دِينِي وَدُنْيَايَ وَأَهْلِي، وَمَالِي، اللَّهُمَّ اسْتُرْ عَوْرَاتِي، وَآمِنْ رَوْعَاتِي، اللَّهُمَّ احْفَظْنِي مِنْ بَينِ يَدَيَّ، وَمِنْ خَلْفِي، وَعَنْ يَمِينِي، وَعَنْ شِمَالِي، وَمِنْ فَوْقِي، وَأَعُوذُ بِعَظَمَتِكَ أَنْ أُغْتَالَ مِنْ تَحْتِي)).,"Allāhumma innī asʾaluka l-ʿafwa wa-l-ʿāfiyata fī ad-dunyā wa-l-ʾākhirati, allāhumma innī asʾaluka l-ʿafwa wa-l-ʿāfiyata: fī dīnī wa dunyāya wa ahlī, wa mālī, allāhumma istur ʿawrātī, wa āmin rawʿātī, allāhumma iḥfaẓnī min bayni yadayya, wamin khalfī, waʿan yamīnī, waʿan shimālī, wamin fawqī, wa aʿūdhu bi-ʿaẓamatika an ughtāla min taḥtī","O Allah, I ask You for pardon and well-being in this life and the next. O Allah, I ask You for pardon and well-being in my religious and worldly affairs, and my family and my wealth. O Allah, veil my weaknesses and set at ease my dismay. O Allah, preserve me from the front and from behind and on my right and on my left and from above, and I take refuge with You lest I be swallowed up by the earth.",اے اللہ! میں تجھ سے دنیا اور آخرت میں معافی اور عافیت مانگتا ہوں، اے اللہ! میں تجھ سے اپنے دین، اپنی دنیا، اپنے اہل اور اپنے مال میں معافی اور عافیت مانگتا ہوں۔ اے اللہ! میرے عیبوں کو چھپا دے اور میرے خوف کو امن میں بدل دے۔ اے اللہ! میری حفاظت فرما میرے آگے سے اور میرے پیچھے سے اور میرے دائیں سے اور میرے بائیں سے اور میرے اوپر سے، اور میں تیری عظمت کی پناہ چاہتا ہوں کہ نیچے سے اچانک ہلاک کر دیا جاؤں۔,"ऐ अल्लाह, मैं तुझसे दुनिया और आख़िरत में माफ़ी और आफ़ियत माँगता हूँ। ऐ अल्लाह, मैं तुझसे अपने दीन में, अपनी दुनिया में, अपने घरवालों में और अपने माल में माफ़ी और आफ़ियत माँगता हूँ। ऐ अल्लाह, मेरी कमज़ोरियों पर पर्दा डाल और मेरे डर को अमन में बदल दे। ऐ अल्लाह, मेरी हिफ़ाज़त कर मेरे आगे से, मेरे पीछे से, मेरे दाहिने से, मेरे बाएँ से और मेरे ऊपर से, और मैं तेरी अज़मत की पनाह माँगता हूँ कि नीचे से मुझे धँसा दिया जाऊँ।",1,https://audio.opendua.org/hisn/v0.0.2/OD-084.mp3
27-11,27,11,Words of remembrance for morning and evening,صبح و شام کے اذکار,Words of remembrance for morning and evening,((اللَّهُمَّ عَالِمَ الغَيْبِ وَالشَّهَادَةِ فَاطِرَ السَّمَوَاتِ وَالْأَرْضِ، رَبَّ كُلِّ شَيْءٍ وَمَلِيكَهُ، أَشْهَدُ أَنْ لاَ إِلَهَ إِلاَّ أَنْتَ، أَعُوذُ بِكَ مِنْ شَرِّ نَفْسِي، وَمِنْ شَرِّ الشَّيْطانِ وَشَرَكِهِ، وَأَنْ أَقْتَرِفَ عَلَى نَفْسِي سُوءاً، أَوْ أَجُرَّهُ إِلَى مُسْلِمٍ)).,"Allāhumma ʿālima l-ghaybi wa ash-shahādati fāṭira as-samawāti wa-l-ʾarḍi, rabba kulli shayʾin wa malīkahu, ashhadu an lā ilāha illā anta, aʿūdhu bika min sharri nafsī, wamin sharri ash-shayṭni wa sharakihi, waʾan aqtarifa ʿalā nafsī sūʾan, aw ajurrahu ilā muslim","(O Allah, Knower of the unseen and the seen, Creator of the heavens and the Earth, Lord and Sovereign of all things, I bear witness that none has the right to be worshipped except You. I take refuge in You from the evil of my soul and from the evil and shirk of the devil, and from committing wrong against my soul or bringing such upon another Muslim.)(shirk: to associate others with Allah in those things which are specific to Him. This can occur in (1) belief, e.g. to believe that other than Allah has the power to benefit or harm, (2) speech, e.g. to swear by other than Allah and (3) action, e.g. to bow or prostrate to other than Allah.)",اے اللہ! چھپی اور کھلی بات کو جاننے والے، آسمانوں اور زمین کے پیدا کرنے والے، ہر چیز کے رب اور اس کے مالک! میں گواہی دیتا ہوں کہ تیرے سوا کوئی معبود نہیں، میں اپنے نفس کے شر سے، اور شیطان کے شر اور اس کے شرک سے، اور اس بات سے تیری پناہ مانگتا ہوں کہ میں اپنے اوپر کوئی برائی کروں یا اسے کسی مسلمان تک پہنچاؤں۔,"ऐ अल्लाह, ग़ैब और हाज़िर के जानने वाले, आसमानों और ज़मीन के पैदा करने वाले, हर चीज़ के रब और मालिक, मैं गवाही देता हूँ कि तेरे सिवा कोई माबूद नहीं। मैं तेरी पनाह माँगता हूँ अपने नफ़्स की बुराई से, और शैतान की बुराई और उसके शिर्क से, और इससे कि मैं अपने ऊपर कोई बुराई करूँ या उसे किसी मुसलमान तक पहुँचाऊँ।",1,https://audio.opendua.org/hisn/v0.0.2/OD-085.mp3
27-12,27,12,Words of remembrance for morning and evening,صبح و شام کے اذکار,Words of remembrance for morning and evening,((بِسْمِ اللَّهِ الَّذِي لاَ يَضُرُّ مَعَ اسْمِهِ شَيْءٌ فِي الْأَرْضِ وَلاَ فِي السّمَاءِ وَهُوَ السَّمِيعُ الْعَلِيمُ)) (ثلاثَ مرَّاتٍ).,Bismi llāhi alladhī lā yaḍurru maʿa ismihi shayʾun fī l-ʾarḍi walā fī as-smāʾi wahuwa as-samīʿu l-ʿalīm,"(In the name of Allah with whose name nothing is harmed on earth nor in the heavens and He is The All-Seeing, The All-Knowing.’(three times))",اللہ کے نام کے ساتھ جس کے نام کے ساتھ زمین میں اور نہ آسمان میں کوئی چیز نقصان دے سکتی ہے، اور وہ سننے والا، جاننے والا ہے۔ (تین مرتبہ),"अल्लाह के नाम से, जिसके नाम के साथ न ज़मीन में कोई चीज़ नुक़सान पहुँचा सकती है और न आसमान में, और वह ख़ूब सुनने वाला, ख़ूब जानने वाला है। (तीन बार)",3,https://audio.opendua.org/hisn/v0.0.2/OD-086.mp3
27-13,27,13,Words of remembrance for morning and evening,صبح و شام کے اذکار,Words of remembrance for morning and evening,((رَضِيتُ بِاللَّهِ رَبَّاً، وَبِالْإِسْلاَمِ دِيناً، وَبِمُحَمَّدٍ صلى الله عليه وسلم نَبِيّاً)) (ثلاثَ مرَّاتٍ).,"Raḍītu bi-llāhi rabbā, wa bi-l-ʾislāmi dīnan, wa bi-muḥammadin ṣallā llāh ʿalayhi wa sallam nabīā","(I am pleased with Allah as a Lord, and Islam as a religion and Muhammad as a Prophet.’(three times))",میں اللہ کے رب ہونے پر، اسلام کے دین ہونے پر، اور محمد ﷺ کے نبی ہونے پر راضی ہوں۔ (تین مرتبہ),"मैं राज़ी हुआ अल्लाह के रब होने पर, इस्लाम के दीन होने पर, और मुहम्मद ﷺ के नबी होने पर। (तीन बार)",3,https://audio.opendua.org/hisn/v0.0.2/OD-087.mp3
27-14,27,14,Words of remembrance for morning and evening,صبح و شام کے اذکار,Words of remembrance for morning and evening,((يَا حَيُّ يَا قَيُّومُ بِرَحْمَتِكَ أَسْتَغيثُ أَصْلِحْ لِي شَأْنِيَ كُلَّهُ وَلاَ تَكِلْنِي إِلَى نَفْسِي طَرْفَةَ عَيْنٍ)).,Yā ḥayyu yā qayyūmu bi-raḥmatika astaghythu aṣliḥ lī shaʾniya kullahu walā takilnī ilā nafsī ṭarfata ʿayn,"(O Ever Living, O Self-Subsisting and Supporter of all, by Your mercy I seek assistance, rectify for me all of my affairs and do not leave me to myself, even for the blink of an eye.)",اے زندہ! اے سب کو سنبھالنے والے! میں تیری رحمت کے ذریعے فریاد کرتا ہوں، میرے تمام معاملات درست فرما دے اور مجھے پلک جھپکنے کے برابر بھی میرے نفس کے سپرد نہ کر۔,"ऐ हमेशा जीवित रहने वाले, ऐ सबको सँभालने वाले, मैं तेरी रहमत से मदद माँगता हूँ, मेरे सारे मामलों को सँवार दे, और मुझे पलक झपकने भर के लिए भी मेरे अपने हवाले न छोड़।",1,https://audio.opendua.org/hisn/v0.0.2/OD-088.mp3
27-15,27,15,Words of remembrance for morning and evening,صبح و شام کے اذکار,Words of remembrance for morning and evening,((أَصْبَحْنَا وَأَصْبَحَ الْمُلْكُ لِلَّهِ رَبِّ الْعَالَمِينَ، اللَّهُـمَّ إِنِّي أَسْأَلُكَ خَيْرَ هَذَا الْيَوْمِ:فَتْحَهُ، وَنَصْرَهُ، وَنورَهُ، وَبَرَكَتَهُ، وَهُدَاهُ، وَأَعُوذُ بِكَ مِنْ شَرِّ مَا فِيهِ وَشَرِّ مَا بَعْدَهُ)). [وإذا أمسى قال: أمسينا وأمسى الملك للَّه ربّ العالمين اللَّهم إني أسألك خير هذه الليلة: فتحها، ونصرها، ونورها، وبركتها، وهداها، وأعوذ بك من شر ما فيها، وشر ما بعدها.],"Aṣbaḥnā wa aṣbaḥa l-mulku li-llāhi rabbi l-ʿālamīna, allāhumma innī asʾaluka khayra hādhā l-yawmi: fatḥahu, wa naṣrahu, wa nūrahu, wa barakatahu, wa hudāhu, wa aʿūdhu bika min sharri mā fīhi washarri mā baʿdah
Amsaynā wa amsā l-mulku li-llāhi rabbi l-ʿālamīna, allāhumma innī asʾaluka khayra hādhihi l-laylati: fatḥahā, wa naṣrahā, wa nūrahā, wa barakatahā, wa hudāhā, wa aʿūdhu bika min sharri mā fīhā washarri mā baʿdahā","(We have reached the morning and at this very time all sovereignty belongs to Allah, Lord of the worlds. O Allah, I ask You for the good of this day, its triumphs and its victories, its light and its blessings and its guidance, and I take refuge in You from the evil of this day and the evil that follows it.)[For the evening, the supplication is read as follows:](We have reached the evening and at this very time all sovereignty belongs to Allah, Lord of the worlds. O Allah, I ask You for the good of tonight, its triumphs and its victories, its light and its blessings and its guidance, and I take refuge in You from the evil of tonight and the evil that follows it.)",ہم نے صبح کی اور بادشاہی اللہ رب العالمین ہی کی ہے، اے اللہ! میں تجھ سے اس دن کی بھلائی مانگتا ہوں: اس کی فتح، اس کی مدد، اس کا نور، اس کی برکت اور اس کی ہدایت، اور تیری پناہ مانگتا ہوں اس میں موجود شر سے اور اس کے بعد کے شر سے۔ [اور جب شام کرے تو کہے: ہم نے شام کی اور بادشاہی اللہ رب العالمین ہی کی ہے، اے اللہ! میں تجھ سے اس رات کی بھلائی مانگتا ہوں: اس کی فتح، اس کی مدد، اس کا نور، اس کی برکت اور اس کی ہدایت، اور تیری پناہ مانگتا ہوں اس میں موجود شر سے اور اس کے بعد کے شر سے۔],"हमने सुबह की और सल्तनत अल्लाह की हो गई जो सारे जहानों का रब है। ऐ अल्लाह, मैं तुझसे इस दिन की भलाई माँगता हूँ, इसकी फ़तह, इसकी मदद, इसका नूर और इसकी बरकत और इसकी हिदायत, और तेरी पनाह माँगता हूँ इसमें जो बुराई है उससे और इसके बाद की बुराई से। (शाम को कहें: हमने शाम की और सल्तनत अल्लाह की हो गई जो सारे जहानों का रब है। ऐ अल्लाह, मैं तुझसे इस रात की भलाई माँगता हूँ, इसकी फ़तह, इसकी मदद, इसका नूर और इसकी बरकत और इसकी हिदायत, और तेरी पनाह माँगता हूँ इसमें जो बुराई है उससे और इसके बाद की बुराई से।)",1,https://audio.opendua.org/hisn/v0.0.2/OD-089-1.mp3
27-16,27,16,Words of remembrance for morning and evening,صبح و شام کے اذکار,Words of remembrance for morning and evening,((أَصْبَحْنا عَلَى فِطْرَةِ الْإِسْلاَمِ، وَعَلَى كَلِمَةِ الْإِخْلاَصِ، وَعَلَى دِينِ نَبِيِّنَا مُحَمَّدٍ صلى الله عليه وسلم، وَعَلَى مِلَّةِ أَبِينَا إِبْرَاهِيمَ، حَنِيفاً مُسْلِماً وَمَا كَانَ مِنَ الْمُشرِكِينَ)). [وإذا أمسى قال: أمسينا على فطرة الإسلام...],"Aṣbaḥnā ʿalā fiṭrati l-ʾislāmi, wa ʿalā ka-limati l-ʾikhlāṣi, wa ʿalā dīni nabiyyinā muḥammadin ṣallā llāh ʿalayhi wa sallam, wa ʿalā millati abīnā ibrāhīma, ḥanīfan musliman wamā kāna mina l-mushrikīn
Amsaynā ʿalā fiṭrati l-ʾislāmi, wa ʿalā ka-limati l-ʾikhlāṣi, wa ʿalā dīni nabiyyinā muḥammadin ṣallā llāh ʿalayhi wa sallam, wa ʿalā millati abīnā ibrāhīma, ḥanīfan musliman wamā kāna mina l-mushrikīn","(We rise upon the fitrah of Islam, and the word of pure faith, and upon the religion of our Prophet Muhammad and the religion of our forefather Ibraheem, who was a Muslim and of true faith and was not of those who associate others with Allah.)(fitrah: the religion of Islam, the way of Ibraheem u.)(Note: for the evening, one reads amsayna instead of asbahna.)",ہم نے اسلام کی فطرت پر، کلمہ اخلاص پر، اپنے نبی محمد ﷺ کے دین پر، اور اپنے باپ ابراہیم علیہ السلام کی ملت پر صبح کی، جو یکسو مسلمان تھے اور مشرکوں میں سے نہ تھے۔ [اور جب شام کرے تو کہے: ہم نے اسلام کی فطرت پر شام کی...],"हम इस्लाम की फ़ितरत पर सुबह करते हैं, इख़लास के कलमे पर, अपने नबी मुहम्मद ﷺ के दीन पर, और अपने बुज़ुर्ग इब्राहीम अलैहिस्सलाम की मिल्लत पर, जो सीधे रास्ते पर चलने वाले मुसलमान थे और मुशरिकों में से नहीं थे। (शाम को कहें तो सुबह करते हैं की जगह शाम करते हैं कहें।)",1,https://audio.opendua.org/hisn/v0.0.2/OD-090-1.mp3
27-17,27,17,Words of remembrance for morning and evening,صبح و شام کے اذکار,Words of remembrance for morning and evening,((سُبْحَانَ اللَّهِ وَبِحَمْدِهِ)) (مائة مرَّةٍ).,Subḥāna llāhi wa bi-ḥamdih,(How perfect Allah is and I praise Him.)(one hundred times),اللہ پاک ہے اور میں اس کی تعریف کرتا ہوں۔ (سو مرتبہ),अल्लाह पाक है और मैं उसकी तारीफ़ करता हूँ। (सौ बार),100,https://audio.opendua.org/hisn/v0.0.2/OD-091.mp3
27-18,27,18,Words of remembrance for morning and evening,صبح و شام کے اذکار,Words of remembrance for morning and evening,((لاَ إِلَهَ إِلاَّ اللَّهُ وَحْدَهُ لاَ شَرِيكَ لَهُ، لَهُ الْمُلْكُ وَلَهُ الْحَمْدُ، وَهُوَ عَلَى كُلِّ شَيْءٍ قَدِيرٌ)) (عشرَ مرَّات) ، أَوْ (مرَّةً واحدةً عندَ الكَسَلِ).,"Lā ilāha illā llāhu waḥdahu lā sharīka lahu, lahu l-mulku walahu l-ḥamdu, wahuwa ʿalā kulli shayʾin qadīr","(None has the right to be worshipped except Allah, alone, without partner, to Him belongs all sovereignty and praise, and He is over all things omnipotent.)( [ten times or once if lazy])",اللہ کے سوا کوئی معبود نہیں، وہ اکیلا ہے، اس کا کوئی شریک نہیں، بادشاہی اسی کی ہے اور تعریف اسی کی ہے، اور وہ ہر چیز پر قادر ہے۔ (دس مرتبہ)، یا (سستی کے وقت ایک مرتبہ)۔,"अल्लाह के सिवा कोई माबूद नहीं, वह अकेला है, उसका कोई साझी नहीं, सल्तनत उसी की है और तारीफ़ उसी के लिए है, और वह हर चीज़ पर क़ादिर है। (दस बार), या आलस हो तो (एक बार)।",10,https://audio.opendua.org/hisn/v0.0.2/OD-092.mp3
27-19,27,19,Words of remembrance for morning and evening,صبح و شام کے اذکار,Words of remembrance for morning and evening,((لاَ إِلَهَ إِلاَّ اللَّهُ، وَحْدَهُ لاَ شَرِيكَ لَهُ، لَهُ الْمُلْكُ وَلَهُ الْحَمْدُ وَهُوَ عَلَى كُلِّ شَيْءٍ قَدِيرٌ)) (مائةَ مرَّةٍ إذا أصبحَ).,"Lā ilāha illā llāhu, waḥdahu lā sharīka lahu, lahu l-mulku walahu l-ḥamdu wahuwa ʿalā kulli shayʾin qadīr","(None has the right to be worshipped except Allah, alone, without partner, to Him belongs all sovereignty and praise, and He is over all things omnipotent.)((one hundred times every day))",اللہ کے سوا کوئی معبود نہیں، وہ اکیلا ہے، اس کا کوئی شریک نہیں، بادشاہی اسی کی ہے اور تعریف اسی کی ہے، اور وہ ہر چیز پر قادر ہے۔ (صبح کے وقت سو مرتبہ)۔,"अल्लाह के सिवा कोई माबूद नहीं, वह अकेला है, उसका कोई साझी नहीं, सल्तनत उसी की है और तारीफ़ उसी के लिए है, और वह हर चीज़ पर क़ादिर है। (सुबह के वक़्त सौ बार)",100,https://audio.opendua.org/hisn/v0.0.2/OD-093.mp3
27-20,27,20,Words of remembrance for morning and evening,صبح و شام کے اذکار,Words of remembrance for morning and evening,((سُبْحَانَ اللَّهِ وَبِحَمْدِهِ: عَدَدَ خَلْقِهِ، وَرِضَا نَفْسِهِ، وَزِنَةَ عَرْشِهِ، وَمِدَادَ كَلِمَاتِهِ)) (ثلاثَ مرَّاتٍ إذا أصبحَ).,"Subḥāna llāhi wa bi-ḥamdihi: ʿadada khalqihi, wa riḍā nafsihi, wa zinata ʿarshihi, wa midāda ka-li-mātih","(How perfect Allah is and I praise Him by the number of His creation and His pleasure, and by the weight of His throne, and the ink of His words.)(three times)",اللہ پاک ہے اور میں اس کی تعریف کرتا ہوں: اس کی مخلوق کی تعداد کے برابر، اس کی رضا کے برابر، اس کے عرش کے وزن کے برابر، اور اس کے کلمات کی سیاہی کے برابر۔ (صبح کے وقت تین مرتبہ)۔,"अल्लाह पाक है और मैं उसकी तारीफ़ करता हूँ, उसकी मख़लूक़ की गिनती के बराबर, उसकी ख़ुशी के बराबर, उसके अर्श के वज़न के बराबर, और उसकी बातों की स्याही के बराबर। (सुबह के वक़्त तीन बार)",3,https://audio.opendua.org/hisn/v0.0.2/OD-094.mp3
27-21,27,21,Words of remembrance for morning and evening,صبح و شام کے اذکار,Words of remembrance for morning and evening,((اللَّهُمَّ إِنِّي أَسْأَلُكَ عِلْماً نَافِعاً، وَرِزْقاً طَيِّباً، وَعَمَلاً مُتَقَبَّلاً)) (إذا أصبحَ).,"Allāhumma innī asʾaluka ʿilman nāfiʿan, wa rizqan ṭayyiban, wa ʿamalan mutaqabbalā","(O Allah, I ask You for knowledge which is beneficial and sustenance which is good, and deeds which are acceptable.)",اے اللہ! میں تجھ سے نفع بخش علم، پاکیزہ رزق اور قبول شدہ عمل مانگتا ہوں۔ (صبح کے وقت)۔,"ऐ अल्लाह, मैं तुझसे फ़ायदेमंद इल्म, पाकीज़ा रिज़्क़ और क़बूल होने वाला अमल माँगता हूँ। (सुबह के वक़्त)",1,https://audio.opendua.org/hisn/v0.0.2/OD-095.mp3
27-22,27,22,Words of remembrance for morning and evening,صبح و شام کے اذکار,Words of remembrance for morning and evening,((أَسْتَغْفِرُ اللَّهَ وَأَتُوبُ إِلَيْهِ)) (مِائَةَ مَرَّةٍ فِي الْيَوْمِ).,Astaghfiru llāha wa atūbu ilayh,‘I seek Allaah’s forgiveness and I turn to Him in repentance.’ [one hundred times a day],میں اللہ سے بخشش مانگتا ہوں اور اس کی طرف رجوع کرتا ہوں۔ (دن میں سو مرتبہ)۔,मैं अल्लाह से माफ़ी माँगता हूँ और उसी की तरफ़ तौबा करता हूँ। (दिन में सौ बार),100,https://audio.opendua.org/hisn/v0.0.2/OD-096.mp3
27-23,27,23,Words of remembrance for morning and evening,صبح و شام کے اذکار,Words of remembrance for morning and evening,((أَعُوذُ بِكَلِمَاتِ اللَّهِ التَّامَّاتِ مِنْ شَرِّ مَا خَلَقَ)) (ثلاثَ مرَّاتٍ إذا أمسى).,Aʿūdhu bi-ka-li-māti llāhi at-tāmmāti min sharri mā khalaq,(I take refuge in Allah’s perfect words from the evil He has created.)(three times in the evening),میں اللہ کے مکمل کلمات کے ذریعے اس کی پیدا کی ہوئی چیزوں کے شر سے پناہ مانگتا ہوں۔ (شام کے وقت تین مرتبہ)۔,मैं अल्लाह के मुकम्मल कलिमों की पनाह माँगता हूँ उसकी पैदा की हुई हर चीज़ की बुराई से। (शाम के वक़्त तीन बार),3,https://audio.opendua.org/hisn/v0.0.2/OD-097.mp3
27-24,27,24,Words of remembrance for morning and evening,صبح و شام کے اذکار,Words of remembrance for morning and evening,((اللَّهُمَّ صَلِّ وَسَلِّمْ عَلَى نَبَيِّنَا مُحَمَّدٍ)) (عشرَ مرَّاتٍ).,Allāhumma ṣalli wa sallim ʿalā nabiyyinā muḥammad,"‘O Allaah, send prayers and peace upon our Prophet Muhammad.’ [ten times]",اے اللہ! ہمارے نبی محمد ﷺ پر درود و سلام بھیج۔ (دس مرتبہ)۔,"ऐ अल्लाह, हमारे नबी मुहम्मद ﷺ पर दरूद और सलाम भेज। (दस बार)",10,https://audio.opendua.org/hisn/v0.0.2/OD-098.mp3
28-01,28,1,What to say before sleeping,سونے سے پہلے کے اذکار,What to say before sleeping,((يَجْمَعُ كَفَّيْهِ ثُمَّ يَنْفُثُ فِيهِمَا فَيَقْرَأُ فِيهِمَا:بسم الله الرحمن الرحيم ﴿قُلْ هُوَ اللَّهُ أَحَدٌ * اللَّهُ الصَّمَدُ* لَمْ يَلِدْ وَلَمْ يُولَدْ* وَلَمْ يَكُن لَّهُ كُفُواً أَحَدٌ﴾. بسم الله الرحمن الرحيم ﴿قُلْ أَعُوذُ بِرَبِّ الْفَلَقِ* مِن شَرِّ مَا خَلَقَ* وَمِن شَرِّ غَاسِقٍ إِذَا وَقَبَ* وَمِن شَرِّ النَّفَّاثَاتِ فِي الْعُقَدِ* وَمِن شَرِّ حَاسِدٍ إِذَا حَسَدَ﴾. بسم الله الرحمن الرحيم ﴿قُلْ أَعُوذُ بِرَبِّ النَّاسِ* مَلِكِ النَّاسِ* إِلَهِ النَّاسِ* مِن شَرِّ الْوَسْوَاسِ الْخَنَّاسِ* الَّذِي يُوَسْوِسُ فِي صُدُورِ النَّاسِ* مِنَ الْجِنَّةِ وَ النَّاسِ﴾ ثُمَّ يَمْسَحُ بِهِمَا مَا اسْتَطَاعَ مِنْ جَسَدِهِ يَبْدَأُ بِهِمَا عَلَى رَأْسِهِ وَوَجْهِهِ وَمَا أَقبَلَ مِنْ جَسَدِهِ)) (يفعلُ ذلك ثلاثَ مرَّاتٍ).,Bismi llāh ar-raḥmān ar-raḥīm qul huwa llāhu aḥadun allāhu aṣ-ṣamadu lam yalid walam yūlad walam yakun llahu kufūan aḥadun bismi llāh ar-raḥmān ar-raḥīm qul aʿūdhu birabbi l-falaqi min sharri mā khalaqa wamin sharri ghāsiqin idhā waqaba wamin sharri an-naffāthāti fī l-ʿuqadi wamin sharri ḥāsidin idhā ḥasada bismi llāh ar-raḥmān ar-raḥīm qul aʿūdhu birabbi an-nāsi maliki an-nāsi ilāhi an-nāsi min sharri l-waswāsi l-khannāsi alladhī yuwaswisu fī ṣudūri an-nāsi mina l-jinnati wa an-nās,"(When retiring to his bed every night, the Prophet would hold his palms together, spit (A form of spitting comprising mainly of air with little spittle) in them, recite the last three chapters (Al-Ikhlas, Al-Falaq, An-Nas) of the Quran and then wipe over his entire body as much as possible with his hands, beginning with his head and face and then all parts of the body, he would do this three times.)","(دونوں ہتھیلیوں کو ملا کر ان میں پھونک مارتے، پھر ان میں یہ پڑھتے: بسم اللہ الرحمن الرحیم: ""کہہ دیجیے وہ اللہ ایک ہے، اللہ بے نیاز ہے، نہ اس نے کسی کو جنا اور نہ وہ جنا گیا، اور نہ کوئی اس کا ہمسر ہے۔"" بسم اللہ الرحمن الرحیم: ""کہہ دیجیے میں صبح کے رب کی پناہ مانگتا ہوں، ہر مخلوق کے شر سے، اور اندھیری رات کے شر سے جب وہ چھا جائے، اور گرہوں میں پھونکنے والیوں کے شر سے، اور حسد کرنے والے کے شر سے جب وہ حسد کرے۔"" بسم اللہ الرحمن الرحیم: ""کہہ دیجیے میں لوگوں کے رب کی پناہ مانگتا ہوں، لوگوں کے بادشاہ کی، لوگوں کے معبود کی، وسوسہ ڈالنے والے، پیچھے ہٹ جانے والے (شیطان) کے شر سے، جو لوگوں کے دلوں میں وسوسہ ڈالتا ہے، خواہ وہ جنوں میں سے ہو یا انسانوں میں سے۔"" پھر ان دونوں ہاتھوں سے اپنے جسم کے جتنے حصے تک پہنچ سکتے وہاں تک پھیرتے، سر اور چہرے سے شروع کرتے اور پھر جسم کے اگلے حصے پر پھیرتے) (ایسا تین مرتبہ کرتے)۔","नबी ﷺ जब हर रात अपने बिस्तर पर जाते तो अपनी दोनों हथेलियाँ जोड़ते, फिर उनमें फूँक मारते और उनमें यह पढ़ते: अल्लाह के नाम से जो बड़ा कृपाशील और अत्यंत दयावान है। (कहो: वह अल्लाह एक है, अल्लाह बेनियाज़ है, न उसने किसी को जन्म दिया न वह किसी से जन्मा, और न कोई उसके बराबर है।) अल्लाह के नाम से जो बड़ा कृपाशील और अत्यंत दयावान है। (कहो: मैं सुबह के रब की पनाह माँगता हूँ, हर उस चीज़ की बुराई से जो उसने पैदा की, और अंधेरी रात की बुराई से जब वह छा जाए, और गिरहों में फूँकने वालियों की बुराई से, और हसद करने वाले की बुराई से जब वह हसद करे।) अल्लाह के नाम से जो बड़ा कृपाशील और अत्यंत दयावान है। (कहो: मैं लोगों के रब की पनाह माँगता हूँ, लोगों के बादशाह की, लोगों के माबूद की, बार-बार पीछे हटने वाले वसवसा डालने वाले की बुराई से, जो लोगों के दिलों में वसवसा डालता है, चाहे वह जिन्नों में से हो या इंसानों में से।) फिर जितना हो सके अपने शरीर पर हाथ फेरते, अपने सिर और चेहरे से शुरू करके जितना शरीर का अगला हिस्सा हाथ आता उस पर फेरते। ऐसा तीन बार करते।",3,https://audio.opendua.org/hisn/v0.0.2/OD-099.mp3
28-02,28,2,What to say before sleeping,سونے سے پہلے کے اذکار,What to say before sleeping,﴿اللَّهُ لاَ إِلَهَ إِلاَّ هُوَ الْحَيُّ الْقَيُّومُ لاَ تَأْخُذُهُ سِنَةٌ وَلاَ نَوْمٌ لَّهُ مَا فِي السَّمَوَاتِ وَمَا فِي الأَرْضِ مَن ذَا الَّذِي يَشْفَعُ عِنْـــــــــــدَهُ إِلاَّ بِإِذْنِهِ يَعْلَمُ مَا بَيْنَ أَيْدِيهِمْ وَمَا خَلْفَهُمْ وَلاَ يُحِيطُونَ بِشَيْءٍ مِّنْ عِلْمِهِ إِلاَّ بِمَا شَاء وَسِعَ كُرْسِيُّهُ السَّمَوَاتِ وَالأَرْضَ وَلاَ يَؤُودُهُ حِفْظُهُمَا وَهُوَ الْعَلِيُّ الْعَظِيمُ﴾.,Allāhu lā ilāha illā huwa l-ḥayyu l-qayyūmu lā taʾkhudhuhu sinatun walā nawmun llahu mā fī as-samawāti wamā fī l-ʾarḍi man dhā alladhī yashfaʿu ʿindahu illā bi-idhnihi yaʿlamu mā bayna aydīhim wamā khalfahum walā yuḥīṭūna bi-shayʾin mmin ʿilmihi illā bimā shāʾ wasiʿa kursiyyuhu as-samawāti wa-l-ʾarḍa walā yaʾūduhu ḥifẓuhumā wahuwa l-ʿaliyyu l-ʿaẓīm,"Allah - there is no deity except Him, the Ever-Living, the Sustainer of [all] existence. Neither drowsiness overtakes Him nor sleep. To Him belongs whatever is in the heavens and whatever is on the earth. Who is it that can intercede with Him except by His permission? He knows what is [presently] before them and what will be after them, and they encompass not a thing of His knowledge except for what He wills. His Kursi extends over the heavens and the earth, and their preservation tires Him not. And He is the Most High, the Most Great.","""اللہ کے سوا کوئی معبود نہیں، وہ زندہ ہے، ہر چیز کو سنبھالنے والا ہے، نہ اسے اونگھ آتی ہے نہ نیند۔ آسمانوں اور زمین میں جو کچھ ہے سب اسی کا ہے۔ کون ہے جو اس کی اجازت کے بغیر اس کے ہاں سفارش کر سکے؟ وہ ان کے آگے اور پیچھے کا سب کچھ جانتا ہے، اور لوگ اس کے علم میں سے کسی چیز کا احاطہ نہیں کر سکتے مگر جتنا وہ چاہے۔ اس کی کرسی نے آسمانوں اور زمین کو گھیر رکھا ہے اور ان دونوں کی حفاظت اسے تھکاتی نہیں، اور وہی بلند و بالا اور عظمت والا ہے۔""","अल्लाह के सिवा कोई सच्चा माबूद नहीं, वह हमेशा जीवित रहने वाला, सबको सँभालने वाला है। न उसे ऊँघ आती है और न नींद। आसमानों और ज़मीन में जो कुछ है सब उसी का है। कौन है जो उसकी इजाज़त के बिना उसके पास सिफ़ारिश कर सके? वह जानता है जो उनके आगे है और जो उनके पीछे है, और वे उसके ज्ञान में से कुछ भी नहीं समझ सकते सिवाय उसके जो वह चाहे। उसकी कुर्सी आसमानों और ज़मीन को घेरे हुए है, और उन दोनों की हिफ़ाज़त उसे थकाती नहीं। और वही सबसे ऊँचा, सबसे महान है।",1,https://audio.opendua.org/hisn/v0.0.2/OD-100.mp3
28-03,28,3,What to say before sleeping,سونے سے پہلے کے اذکار,What to say before sleeping,﴿آمَنَ الرَّسُولُ بِمَا أُنزِلَ إِلَيْهِ مِن رَّبِّهِ وَالْمُؤْمِنُونَ كُلٌّ آمَنَ بِاللَّهِ وَمَلآئِكَتِهِ وَكُتُبِهِ وَرُسُلِهِ لاَ نُفَرِّقُ بَيْنَ أَحَدٍ مِّن رُّسُلِهِ وَقَالُواْ سَمِعْنَا وَأَطَعْنَا غُفْرَانَكَ رَبَّنَا وَإِلَيْكَ الْمَصِيرُ* لاَ يُكَلِّفُ اللَّهُ نَفْساً إِلاَّ وُسْعَهَا لَهَا مَا كَسَبَتْ وَعَلَيْهَا مَا اكْتَسَبَتْ رَبَّنَا لاَ تُؤَاخِذْنَا إِن نَّسِينَا أَوْ أَخْطَأْنَا رَبَّنَا وَلاَ تَحْمِلْ عَلَيْنَا إِصْراً كَمَا حَمَلْتَهُ عَلَى الَّذِينَ مِن قَبْلِنَا رَبَّنَا وَلاَ تُحَمِّلْنَا مَا لاَ طَاقَةَ لَنَا بِهِ وَاعْفُ عَنَّا وَاغْفِرْ لَنَا وَارْحَمْنَآ أَنتَ مَوْلاَنَا فَانصُرْنَا عَلَى الْقَوْمِ الْكَافِرِينَ﴾.,Āmana ar-rasūlu bimā unzila ilayhi min rrabbihi wa-l-muʾminūna kullun āmana bi-llāhi wa malʾāʾikatihi wa kutubihi wa rusulihi lā nufarriqu bayna aḥadin mmin rrusulihi wa qālū samiʿnā wa aṭaʿnā ghufrānaka rabbanā wa ilayka l-maṣīru lā yukallifu llāhu nafsan illā wusʿahā lahā mā ka-sabat wa ʿalayhā mā iktasabat rabbanā lā tuʾākhidhnā in nnasīnā aw akhṭaʾnā rabbanā walā taḥmil ʿalaynā iṣran kamā ḥamaltahu ʿalā alladhīna min qablinā rabbanā walā tuḥammilnā mā lā ṭāqata lanā bihi wa iʿfu ʿannā wa ighfir lanā wa irḥamnā anta mawlānā fānṣurnā ʿalā l-qawmi l-kāfirīn,"( 285 ) The Messenger has believed in what was revealed to him from his Lord, and [so have] the believers. All of them have believed in Allah and His angels and His books and His messengers, [saying], We make no distinction between any of His messengers. And they say, We hear and we obey. [We seek] Your forgiveness, our Lord, and to You is the [final] destination.( 286 ) Allah does not charge a soul except [with that within] its capacity. It will have [the consequence of] what [good] it has gained, and it will bear [the consequence of] what [evil] it has earned. Our Lord, do not impose blame upon us if we have forgotten or erred. Our Lord, and lay not upon us a burden like that which You laid upon those before us. Our Lord, and burden us not with that which we have no ability to bear. And pardon us; and forgive us; and have mercy upon us. You are our protector, so give us victory over the disbelieving people.","""رسول اس چیز پر ایمان لائے جو ان کی طرف ان کے رب کی جانب سے نازل ہوئی، اور مومن بھی، سب اللہ پر، اس کے فرشتوں پر، اس کی کتابوں پر اور اس کے رسولوں پر ایمان لائے، (اور کہا) ہم اس کے رسولوں میں سے کسی کے درمیان فرق نہیں کرتے، اور انہوں نے کہا: ہم نے سنا اور اطاعت کی، اے ہمارے رب! تیری بخشش چاہتے ہیں، اور تیری ہی طرف لوٹ کر جانا ہے۔ اللہ کسی جان کو اس کی طاقت سے زیادہ تکلیف نہیں دیتا، اسے وہی ملے گا جو اس نے کمایا اور اسی پر وہی پڑے گا جو اس نے کمایا۔ اے ہمارے رب! اگر ہم بھول جائیں یا خطا کریں تو ہمیں نہ پکڑ۔ اے ہمارے رب! ہم پر ایسا بوجھ نہ ڈال جیسا تو نے ہم سے پہلے لوگوں پر ڈالا تھا۔ اے ہمارے رب! ہم پر وہ بوجھ نہ ڈال جس کی ہمیں طاقت نہ ہو، اور ہم سے درگزر فرما اور ہمیں بخش دے اور ہم پر رحم فرما، تو ہی ہمارا مولا ہے، پس کافر لوگوں کے مقابلے میں ہماری مدد فرما۔""","रसूल उस चीज़ पर ईमान लाया जो उसके रब की तरफ़ से उस पर उतारी गई, और ईमान वाले भी। सबने अल्लाह पर, उसके फ़रिश्तों पर, उसकी किताबों पर और उसके रसूलों पर ईमान लाया, हम उसके रसूलों में से किसी के बीच फ़र्क़ नहीं करते। और उन्होंने कहा: हमने सुना और हमने माना, ऐ हमारे रब, तेरी ही माफ़ी चाहिए और तेरी ही तरफ़ लौटकर जाना है। अल्लाह किसी जान पर उसकी ताक़त से ज़्यादा बोझ नहीं डालता। उसे उसी का सिला मिलेगा जो उसने कमाया और उसी का बदला मिलेगा जो उसने किया। ऐ हमारे रब, अगर हम भूल जाएँ या ग़लती करें तो हमें मत पकड़ना। ऐ हमारे रब, हम पर वैसा बोझ मत डाल जैसा तूने हमसे पहले लोगों पर डाला था। ऐ हमारे रब, हम पर वह बोझ मत डाल जिसकी हमें ताक़त न हो, और हमें माफ़ कर दे, और हमें बख़्श दे, और हम पर रहम कर, तू ही हमारा मालिक है, तो हमें काफ़िर लोगों पर मदद दे।",1,https://audio.opendua.org/hisn/v0.0.2/OD-101.mp3
28-04,28,4,What to say before sleeping,سونے سے پہلے کے اذکار,What to say before sleeping,((بِاسْمِكَ رَبِّي وَضَعْتُ جَنْبِي، وَبِكَ أَرْفَعُهُ، فَإِن أَمْسَكْتَ نَفْسِي فارْحَمْهَا، وَإِنْ أَرْسَلْتَهَا فَاحْفَظْهَا، بِمَا تَحْفَظُ بِهِ عِبَادَكَ الصَّالِحِينَ)).,"Bi-ismika rabbī wa ḍaʿtu janbī, wabika arfaʿuhu, faʾin amsakta nafsī frḥamhā, waʾin arsaltahā fa iḥfaẓhā, bimā taḥfaẓu bihi ʿibādaka aṣ-ṣāliḥīn","(In Your name my Lord, I lie down and in Your name I rise, so if You should take my soul then have mercy upon it, and if You should return my soul then protect it in the manner You do so with Your righteous servants.)",اے میرے رب! تیرے ہی نام کے ساتھ میں نے اپنا پہلو رکھا ہے اور تیرے ہی نام کے ساتھ اسے اٹھاتا ہوں، پس اگر تو میری جان روک لے تو اس پر رحم فرما، اور اگر تو اسے چھوڑ دے تو اس کی حفاظت فرما، جس طرح تو اپنے نیک بندوں کی حفاظت کرتا ہے۔,"ऐ मेरे रब, तेरे ही नाम से मैं अपना पहलू रखता हूँ, और तेरे ही नाम से इसे उठाता हूँ, अगर तू मेरी जान रोक ले तो उस पर रहम कर, और अगर तू उसे वापस भेज दे तो उसकी हिफ़ाज़त कर जैसे तू अपने नेक बंदों की हिफ़ाज़त करता है।",1,https://audio.opendua.org/hisn/v0.0.2/OD-102.mp3
28-05,28,5,What to say before sleeping,سونے سے پہلے کے اذکار,What to say before sleeping,((اللَّهُمَّ إِنَّكَ خَلَقْتَ نَفْسِي وَأَنْتَ تَوَفَّاهَا، لَكَ مَمَاتُهَا وَمَحْياهَا، إِنْ أَحْيَيْتَهَا فَاحْفَظْهَا، وَإِنْ أَمَتَّهَا فَاغْفِرْ لَهَا. اللَّهُمَّ إِنِّي أَسْأَلُكَ العَافِيَةَ)).,"Allāhumma innaka khalaqta nafsī wa anta tawaffāhā, laka mamātuhā wa maḥyhā, in aḥyaytahā fa iḥfaẓhā, waʾin amattahā fa ighfir lahā. allāhumma innī asʾaluka l-ʿāfiyah","(O Allah, verily You have created my soul and You shall take it’s life, to You belongs it’s life and death. If You should keep my soul alive then protect it, and if You should take it’s life then forgive it. O Allah, I ask You to grant me good health.)",اے اللہ! بے شک تو نے میری جان کو پیدا کیا اور تو ہی اسے موت دے گا، اسی کی موت اور زندگی تیرے ہی اختیار میں ہے، اگر تو اسے زندہ رکھے تو اس کی حفاظت فرما، اور اگر تو اسے موت دے تو اسے بخش دے۔ اے اللہ! میں تجھ سے عافیت مانگتا ہوں۔,"ऐ अल्लाह, तूने ही मेरी जान पैदा की है और तू ही उसे मौत देगा, उसका मरना और जीना तेरे ही हाथ में है, अगर तू उसे ज़िंदा रखे तो उसकी हिफ़ाज़त कर, और अगर तू उसे मौत दे तो उसे माफ़ कर दे। ऐ अल्लाह, मैं तुझसे आफ़ियत माँगता हूँ।",1,https://audio.opendua.org/hisn/v0.0.2/OD-103.mp3
28-06,28,6,What to say before sleeping,سونے سے پہلے کے اذکار,What to say before sleeping,((اللَّهُمَّ قِنِي عَذَابَكَ يَوْمَ تَبْعَثُ عِبَادَكَ)).,Allāhumma qinī ʿadhābaka yawma tabʿathu ʿibādak,"(O Allah, protect me from Your punishment on the day Your servants are resurrected.)",اے اللہ! مجھے اپنے عذاب سے بچا لے جس دن تو اپنے بندوں کو اٹھائے گا۔,"ऐ अल्लाह, मुझे उस दिन अपने अज़ाब से बचा जिस दिन तू अपने बंदों को उठाएगा।",1,https://audio.opendua.org/hisn/v0.0.2/OD-104.mp3
28-07,28,7,What to say before sleeping,سونے سے پہلے کے اذکار,What to say before sleeping,((بِاسْمِكَ اللَّهُمَّ أَمُوتُ وَأَحْيَا)).,Bi-ismika llāhumma amūtu wa aḥyā,"(In Your name O Allah, I live and die.)",تیرے ہی نام کے ساتھ اے اللہ! میں مرتا ہوں اور زندہ رہتا ہوں۔,"तेरे ही नाम से, ऐ अल्लाह, मैं मरता हूँ और जीता हूँ।",1,https://audio.opendua.org/hisn/v0.0.2/OD-105.mp3
28-08,28,8,What to say before sleeping,سونے سے پہلے کے اذکار,What to say before sleeping,((سُبْحَانَ اللَّهِ (ثلاثاً وثلاثين) وَالْحَمْدُ لِلَّهِ (ثلاثاً وثلاثين) وَاللَّهُ أَكْبَرُ (أربعاً وثلاثينَ))).,"Subḥāna llāh
Al-ḥamdu li-llāh
Allāhu akbar",(How Perfect Allah is. (thirty-three times) All praise is for Allah.(thirty-three times) Allah is the greatest.(thirty-four times)),اللہ پاک ہے (تینتیس مرتبہ)، اور تمام تعریفیں اللہ کے لیے ہیں (تینتیس مرتبہ)، اور اللہ سب سے بڑا ہے (چونتیس مرتبہ)۔,"अल्लाह पाक है (तैंतीस बार), और सारी तारीफ़ अल्लाह के लिए है (तैंतीस बार), और अल्लाह सबसे बड़ा है (चौंतीस बार)।",1,https://audio.opendua.org/hisn/v0.0.2/OD-106.mp3
28-09,28,9,What to say before sleeping,سونے سے پہلے کے اذکار,What to say before sleeping,((اللَّهُمَّ رَبَّ السَّمَوَاتِ السَّبْعِ وَرَبَّ الأَرْضِ، وَرَبَّ الْعَرْشِ الْعَظِيمِ، رَبَّنَا وَرَبَّ كُلِّ شَيْءٍ، فَالِقَ الْحَبِّ وَالنَّوَى، وَمُنْزِلَ التَّوْرَاةِ وَالْإِنْجِيلِ، وَالْفُرْقَانِ، أَعُوذُ بِكَ مِنْ شَرِّ كُلِّ شَيْءٍ أَنْتَ آخِذٌ بِنَاصِيَتِهِ. اللَّهُمَّ أَنْتَ الأَوَّلُ فَلَيْسَ قَبْلَكَ شَيْءٌ، وَأَنْتَ الآخِرُ فَلَيسَ بَعْدَكَ شَيْءٌ، وَأَنْتَ الظَّاهِرُ فَلَيْسَ فَوْقَكَ شَيْءٌ، وَأَنْتَ الْبَاطِنُ فَلَيْسَ دُونَكَ شَيْءٌ، اقْضِ عَنَّا الدَّيْنَ وَأَغْنِنَا مِنَ الْفَقْرِ)).,"Allāhumma rabba as-samawāti as-sabʿi warabba l-ʾarḍi, warabba l-ʿarshi l-ʿaẓīmi, rabbanā warabba kulli shayʾin, fa-l-qa l-ḥabbi wa an-nawā, wa munzila at-tawrāti wa-l-ʾinjīli, wa-l-furqāni, aʿūdhu bika min sharri kulli shayʾin anta ākhidhun bi-nāṣiyatih. allāhumma anta l-ʾawwalu fa laysa qablaka shayʾun, wa anta l-ʾākhiru fa laysa baʿdaka shayʾun, wa anta aẓ-ẓāhiru fa laysa fawqaka shayʾun, wa anta l-bāṭinu fa laysa dūnaka shayʾun, iqḍi ʿannā ad-dayna wa aghninā mina l-faqr","(O Allah, Lord of the seven heavens and the exalted throne, our Lord and Lord of all things, Splitter of the seed and the date stone, Revealer of the Tawrah, the Injeel and the Furqan, I take refuge in You from the evil of all things You shall seize by the forelock (i.e. You have total mastery over). O Allah, You are The First so there is nothing before You and You are The Last so there is nothing after You.You are Aththahir so there is nothing above You and You are Al-Batin so there is nothing closer than You.Settle our debt for us and spare us from poverty.)(Tawrah: The book revealed to Moosa u.)(Injeel: The book revealed to Easa u.)(Furqan: One of the many names of the Quran, means: The Criterion which distinguishes between truth and falsehood.)(Aththahir: Indicates the greatness of His attributes and the insignificance of every single creation in respect to His greatness and Highness, for He is above all of His creation as regards His essence and attributes.)(Al-Batin: Indicates His awareness and knowledge of all secrets, of that which is in the hearts and the most intimate of things just as it indicates His closeness and nearness to all in a manner which befits His majesty.)",اے اللہ! ساتوں آسمانوں کے رب اور زمین کے رب، اور عظیم عرش کے رب، ہمارے رب اور ہر چیز کے رب، دانے اور گٹھلی کو پھاڑنے والے، تورات، انجیل اور فرقان کو نازل کرنے والے! میں تیری پناہ مانگتا ہوں ہر اس چیز کے شر سے جس کی پیشانی تیرے ہاتھ میں ہے۔ اے اللہ! تو ہی اول ہے، تجھ سے پہلے کچھ نہیں، اور تو ہی آخر ہے، تیرے بعد کچھ نہیں، اور تو ہی ظاہر ہے، تجھ سے اوپر کچھ نہیں، اور تو ہی باطن ہے، تجھ سے قریب کچھ نہیں، ہمارا قرض ادا فرما دے اور ہمیں فقر سے بے نیاز کر دے۔,"ऐ अल्लाह, सातों आसमानों के रब, ज़मीन के रब, और अज़ीम अर्श के रब, हमारे रब और हर चीज़ के रब, दाने और गुठली को फाड़ने वाले, तौरात, इंजील और फ़ुरक़ान उतारने वाले, मैं तेरी पनाह माँगता हूँ हर उस चीज़ की बुराई से जिसकी चोटी तेरे हाथ में है। ऐ अल्लाह, तू ही अव्वल है, तुझसे पहले कुछ नहीं, और तू ही आख़िर है, तेरे बाद कुछ नहीं, और तू ही ज़ाहिर है, तुझसे ऊपर कुछ नहीं, और तू ही बातिन है, तुझसे नज़दीक कुछ नहीं। हमारा क़र्ज़ अदा कर दे और हमें मुफ़लिसी से बेनियाज़ कर दे।",1,https://audio.opendua.org/hisn/v0.0.2/OD-107.mp3
28-10,28,10,What to say before sleeping,سونے سے پہلے کے اذکار,What to say before sleeping,((الْحَمْدُ لِلَّهِ الَّذِي أَطْعَمَنَا وَسَقَانَا، وَكَفَانَا، وَآوَانَا، فَكَمْ مِمَّنْ لاَ كَافِيَ لَهُ وَلاَ مُؤْوِيَ)).,"Al-ḥamdu li-llāhi alladhī aṭʿamanā wa saqānā, wa ka-fānā, wa āwānā, fakam mimman lā kāfiya lahu walā muʾwiy","(All praise is for Allah, Who fed us and gave us drink, and Who is sufficient for us and has sheltered us, for how many have none to suffice them or shelter them.)",تمام تعریفیں اللہ کے لیے ہیں جس نے ہمیں کھلایا اور پلایا اور ہمیں کافی ہوا اور ہمیں ٹھکانا دیا، کتنے ہی لوگ ہیں جن کے لیے کوئی کافی ہونے والا اور کوئی ٹھکانا دینے والا نہیں۔,"सारी तारीफ़ अल्लाह के लिए है जिसने हमें खिलाया और पिलाया, और हमें काफ़ी हुआ, और हमें ठिकाना दिया, कितने ही लोग हैं जिनके लिए न कोई काफ़ी है और न कोई ठिकाना देने वाला।",1,https://audio.opendua.org/hisn/v0.0.2/OD-108.mp3
28-11,28,11,What to say before sleeping,سونے سے پہلے کے اذکار,What to say before sleeping,((اللَّهُمَّ عَالِمَ الغَيْبِ وَالشَّهَادَةِ فَاطِرَ السَّمَوَاتِ وَالْأَرْضِ، رَبَّ كُلِّ شَيْءٍ وَمَلِيكَهُ، أَشْهَدُ أَنْ لاَ إِلَهَ إِلاَّ أَنْتَ، أَعُوذُ بِكَ مِنْ شَرِّ نَفْسِي، وَمِنْ شَرِّ الشَّيْطانِ وَشِرْكِهِ، وَأَنْ أَقْتَرِفَ عَلَى نَفْسِي سُوءاً، أَوْ أَجُرَّهُ إِلَى مُسْلِمٍ)).,"Allāhumma ʿālima l-ghaybi wa ash-shahādati fāṭira as-samawāti wa-l-ʾarḍi, rabba kulli shayʾin wa malīkahu, ashhadu an lā ilāha illā anta, aʿūdhu bika min sharri nafsī, wamin sharri ash-shayṭni wa shirkihi, waʾan aqtarifa ʿalā nafsī sūʾan, aw ajurrahu ilā muslim","(O Allah, Knower of the seen and the unseen, Creator of the heavens and the earth, Lord and Sovereign of all things I bear witness that none has the right to be worshipped except You. I take refuge in You from the evil of my soul and from the evil and shirk of the devil, and from committing wrong against my soul or bringing such upon another Muslim.)(shirk: to associate others with Allah in those things which are specific to Him. This can occur in (1) belief, e.g. to believe that other than Allah has the power to benefit or harm, (2) speech, e.g. to swear by other than Allah and (3) action, e.g. to bow or prostrate to other than Allah.)",اے اللہ! چھپی اور کھلی بات کو جاننے والے، آسمانوں اور زمین کے پیدا کرنے والے، ہر چیز کے رب اور اس کے مالک! میں گواہی دیتا ہوں کہ تیرے سوا کوئی معبود نہیں، میں اپنے نفس کے شر سے، اور شیطان کے شر اور اس کے شرک سے، اور اس بات سے تیری پناہ مانگتا ہوں کہ میں اپنے اوپر کوئی برائی کروں یا اسے کسی مسلمان تک پہنچاؤں۔,"ऐ अल्लाह, ग़ैब और हाज़िर के जानने वाले, आसमानों और ज़मीन के पैदा करने वाले, हर चीज़ के रब और मालिक, मैं गवाही देता हूँ कि तेरे सिवा कोई माबूद नहीं। मैं तेरी पनाह माँगता हूँ अपने नफ़्स की बुराई से, और शैतान की बुराई और उसके शिर्क से, और इससे कि मैं अपने ऊपर कोई बुराई करूँ या उसे किसी मुसलमान तक पहुँचाऊँ।",1,https://audio.opendua.org/hisn/v0.0.2/OD-109.mp3
28-12,28,12,What to say before sleeping,سونے سے پہلے کے اذکار,What to say before sleeping,((يَقْرَأُ ﴿الم﴾ تَنْزِيلَ السَّجْدَة ِ، وَتَبَارَكَ الَّذي بِيَدِهِ الْمُلْكُ)).,,(The Prophet never used to sleep until he had recited Soorat As-Sajdah (chapter 32) and Soorat Al-Mulk (chapter 67).),(سورۃ الم تنزیل السجدہ اور سورۃ تبارک الذی بیدہ الملک پڑھتے تھے)۔,नबी ﷺ सूरह अस-सज्दा (अलिफ़-लाम-मीम... तंज़ील) और सूरह अल-मुल्क (तबारक अल्लज़ी बियदिहिल मुल्क) पढ़े बिना कभी नहीं सोते थे।,1,
28-13,28,13,What to say before sleeping,سونے سے پہلے کے اذکار,What to say before sleeping,((اللَّهُمَّ أَسْلَمْتُ نَفْسِي إِلَيْكَ، وَفَوَّضْتُ أَمْرِي إِلَيْكَ، وَوَجَّهْتُ وَجْهِي إِلَيْكَ، وَأَلْجَأْتُ ظَهْرِي إِلَيْكَ، رَغْبَةً وَرَهْبَةً إِلَيْكَ، لاَ مَلْجَأَ وَلاَ مَنْجَا مِنْكَ إِلاَّ إِلَيْكَ، آمَنْتُ بِكِتَابِكَ الَّذِي أَنْزَلْتَ، وَبِنَبِيِّكَ الَّذِي أَرْسَلْتَ)).,"Allāhumma aslamtu nafsī ilayka, wa fawwaḍtu amrī ilayka, wa wajjahtu wajhī ilayka, wa aljaʾtu ẓahrī ilayka, raghbatan wa rahbatan ilayka, lā maljaʾa walā manjā minka illā ilayka, āmantu bi-kitābika alladhī anzalta, wa bi-nabiyyika alladhī arsalt","(O Allah, I submit my soul unto You, and I entrust my affair unto You, and I turn my face towards You, and I totally rely on You, in hope and fear of You.Verily there is no refuge nor safe haven from You except with You. I believe in Your Book which You have revealed and in Your Prophet whom You have sent.)(If you then die, you will die upon the fitrah.)(fitrah: the religion of Islam, the way of Ibraheem u.)",اے اللہ! میں نے اپنی جان تیرے سپرد کر دی، اور اپنا معاملہ تیرے حوالے کر دیا، اور اپنا چہرہ تیری طرف کر لیا، اور اپنی پیٹھ تیری طرف ٹیک دی، رغبت اور خوف کے ساتھ تیری طرف، تجھ سے بچنے کی کوئی جگہ اور پناہ کی کوئی جگہ نہیں سوائے تیری ہی طرف، میں تیری اس کتاب پر ایمان لایا جو تو نے نازل فرمائی، اور تیرے اس نبی پر جسے تو نے بھیجا۔,"ऐ अल्लाह, मैंने अपनी जान तेरे हवाले कर दी, और अपना मामला तुझे सौंप दिया, और अपना चेहरा तेरी तरफ़ कर लिया, और अपनी पीठ तेरी पनाह में लगा दी, तेरी चाहत में और तेरे डर से, तुझसे बचने की कोई जगह नहीं और तुझसे सिवाय तेरी तरफ़ भागने की कोई जगह नहीं। मैं तेरी उतारी हुई किताब पर ईमान लाया और तेरे भेजे हुए नबी पर ईमान लाया।",1,https://audio.opendua.org/hisn/v0.0.2/OD-111.mp3
29-01,29,1,Invocation to say if you stir in the night,رات میں کروٹ بدلتے وقت کی دعا,Invocation to say if you stir in the night,((لاَ إِلَهَ إِلاَّ اللَّهُ الْوَاحِدُ الْقَهّارُ، رَبُّ السَّمَوَاتِ وَالْأَرْضِ وَمَا بَيْنَهُمَا الْعَزيزُ الْغَفَّارُ)).,"Lā ilāha illā llāhu l-wāḥidu l-qahhru, rabbu as-samawāti wa-l-ʾarḍi wamā baynahumā l-ʿazyzu l-ghaffār","(None has the right to be worshipped except Allah, The One, AL-Qahhar.Lord of the heavens and the Earth and all between them, The Exalted in Might, The Oft-Forgiving.)(AL-Qahhar:The One Who has subdued all of creation and Whom all of creation are subservient to. All movements occur by His will.)",((اللہ کے سوا کوئی معبود نہیں، وہ اکیلا اور سب پر غالب ہے، آسمانوں اور زمین اور جو کچھ ان کے درمیان ہے سب کا رب ہے، وہ زبردست اور بہت بخشنے والا ہے))۔,"अल्लाह के सिवा कोई सच्चा माबूद नहीं, जो अकेला है और सब पर ग़ालिब है, आसमानों और ज़मीन का और जो कुछ उनके बीच है उसका रब है, ज़बरदस्त है, बहुत बख़्शने वाला है।",1,https://audio.opendua.org/hisn/v0.0.2/OD-112.mp3
30-01,30,1,What to say if you are afraid to go to sleep or feel lonely and depressed,نیند میں خوف یا وحشت و افسردگی میں مبتلا شخص کی دعا,What to say if you are afraid to go to sleep or feel lonely and depressed,((أَعُوذُ بِكَلِمَاتِ اللَّهِ التَّامَّاتِ مِنْ غَضَبِهِ وَعِقَابِهِ، وَشَرِّ عِبَادِهِ، وَمِنْ هَمَزَاتِ الشَّياطِينِ وَأَنْ يَحْضُرُونِ)).,"Aʿūdhu bi-ka-li-māti llāhi at-tāmmāti min ghaḍabihi wa ʿiqābihi, washarri ʿibādihi, wamin hamazāti ash-shayṭīni waʾan yaḥḍurūn","(I take refuge in the perfect words of Allah from His anger and punishment, and from the evil of His servants, and from the madness and appearance of devils.)",((میں اللہ کے مکمل کلمات کے ذریعے اس کے غضب اور اس کی سزا سے، اس کے بندوں کے شر سے، اور شیاطین کے وسوسوں اور ان کے حاضر ہونے سے پناہ مانگتا ہوں))۔,"मैं अल्लाह के पूरे कलिमात की पनाह माँगता हूँ उसके ग़ुस्से और उसकी सज़ा से, और उसके बंदों की बुराई से, और शैतानों के वसवसों से और उनके मेरे पास आने से।",1,https://audio.opendua.org/hisn/v0.0.2/OD-113.mp3
31-01,31,1,What to do if you have a bad dream or nightmare,اچھا یا برا خواب دیکھنے والے کا کیا کرنا چاہیے,What to do if you have a bad dream or nightmare,[ (يَنْفُثُ عَنْ يَسَارِهِ (ثلاثاً)) - (يَسْتَعِيذُ بِاللَّهِ مِنَ الشَّيطَانِ وَمِنْ شَرِّ مَا رَأَى (ثَلاَثَ مَرَّاتٍ)) - ((لاَ يُحَدِّثْ بِهَا أَحَداً)) - ((يَــتَحَوَّلُ عَنْ جَنْبِهِ الَّذِي كَانَ عَلَيْهِ)) ],,[((Spit on your left three times)(Spit: A form of spitting comprising mainly of air with little spittle)) - (Seek refuge in Allah from shaytan and the evil of what you saw (Three Times)) - (Do not relate it to anyone) - (Turn and sleep on the opposite side to which you were sleeping on previously.) - (Get up and pray if you so desire.) ],[ (تین بار اپنے بائیں جانب پھونک مارے) - (تین مرتبہ شیطان اور جو کچھ دیکھا اس کے شر سے اللہ کی پناہ مانگے) - (اسے کسی کو نہ بتائے) - (جس کروٹ پر تھا اسے بدل لے) ],[अपनी बाईं ओर तीन बार थूके — शैतान की और जो देखा उसकी बुराई से तीन बार अल्लाह की पनाह माँगे — यह किसी को न बताए — जिस करवट पर सोया था उसे बदल ले],1,
31-02,31,2,What to do if you have a bad dream or nightmare,اچھا یا برا خواب دیکھنے والے کا کیا کرنا چاہیے,What to do if you have a bad dream or nightmare,((ويَقُومُ يُصَلِّي إِنْ أَرَادَ ذَلِكَ)).,,(Get up and pray if you so desire.),((اور اگر چاہے تو اٹھ کر نماز پڑھے))۔,और अगर चाहे तो उठकर नमाज़ पढ़े।,1,
32-01,32,1,Invocations for Qunut in the Witr prayer,وتر کی نماز میں قنوت کی دعا,Invocations for Qunut in the Witr prayer,((اللَّهُمَّ اهْدِنِي فِيمَنْ هَدَيْتَ، وَعَافِنِي فِيمَنْ عَافَيْتَ، وَتَوَلَّنِي فِيمَنْ تَوَلَّيْتَ، وَبَارِكْ لِي فِيمَا أَعْطَيْتَ، وَقِنِي شَرَّ مَا قَضَيْتَ؛ فَإِنَّكَ تَقْضِي وَلاَ يُقْضَى عَلَيْكَ، إِنَّهُ لاَ يَذِلُّ مَنْ وَالَيْتَ، [وَلاَ يَعِزُّ مَنْ عَادَيْتَ]، تَبارَكْتَ رَبَّنا وَتَعَالَيْتَ)).,"Allāhumma ihdinī fīman hadayta, wa ʿāfinī fīman ʿāfayta, wa tawallanī fīman tawallayta, wa bārik lī fīmā aʿṭayta, wa qinī sharra mā qaḍayta; fa innaka taqḍī walā yuqḍā ʿalayka, innahu lā yadhillu man wa-l-yta, walā yaʿizzu man ʿādayta tabrakta rabban wa taʿālayt","(O Allah, guide me along with those whom You have guided, pardon me along with those whom You have pardoned, be an ally to me along with those whom You are an ally to and bless for me that which You have bestowed. Protect me from the evil You have decreed for verily You decree and none can decree over You.For surety, he whom you show allegiance to is never abased and he whom You take as an enemy is never honoured and mighty. O our Lord, Blessed and Exalted are You.)(Evil you have decreed: Allah does not create pure evil which does not have any good or contain any benefit, wisdom or mercy at all, nor does He punish anyone without having commited a sin. Something can be good in terms of its creation when viewed in a particular perspective and at the same time be evil when viewed in another way.Allah created the devil and by him, He tests His servants, so there are those who hate the devil, fight him and his way and they stand at enmity towards him and his followers and there are others who are at allegiance with the devil and follow his steps. So evil exists in His creatures by His will and wisdom, not in His actions or act of creating.)",((اے اللہ! مجھے ان لوگوں میں شامل کر کے ہدایت دے جنہیں تو نے ہدایت دی ہے، اور مجھے ان لوگوں میں شامل کر کے عافیت دے جنہیں تو نے عافیت دی ہے، اور مجھے ان لوگوں میں شامل کر کے اپنا کارساز بنا جنہیں تو نے اپنا کارساز بنایا ہے، اور جو کچھ تو نے مجھے دیا ہے اس میں برکت عطا فرما، اور مجھے اپنے فیصلے کے شر سے بچا، بیشک تو ہی فیصلہ کرتا ہے اور تجھ پر کوئی فیصلہ نہیں کیا جا سکتا، بیشک جس سے تو دوستی کرے وہ ذلیل نہیں ہوتا، [اور جس سے تو دشمنی کرے وہ عزت نہیں پاتا]، اے ہمارے رب! تو بابرکت اور بلند و بالا ہے))۔,"ऐ अल्लाह! मुझे उन लोगों में शामिल करके हिदायत दे जिन्हें तूने हिदायत दी, और मुझे उन लोगों में शामिल करके आफ़ियत दे जिन्हें तूने आफ़ियत दी, और मुझे उन लोगों में शामिल करके अपना दोस्त बना जिन्हें तूने अपना दोस्त बनाया, और जो कुछ तूने मुझे दिया है उसमें मेरे लिए बरकत डाल, और जो तूने मुक़द्दर किया है उसकी बुराई से मुझे बचा, क्योंकि तू ही फ़ैसला करता है, तुझ पर कोई फ़ैसला नहीं होता; जिसे तू अपना दोस्त बनाए वह ज़लील नहीं होता, [और जिससे तू दुश्मनी रखे वह इज़्ज़त नहीं पाता], ऐ हमारे रब! तू बरकत वाला और बुलंद है।",1,https://audio.opendua.org/hisn/v0.0.2/OD-116.mp3
32-02,32,2,Invocations for Qunut in the Witr prayer,وتر کی نماز میں قنوت کی دعا,Invocations for Qunut in the Witr prayer,((اللَّهُمَّ إِنِّي أَعُوذُ بِرِضَاكَ مِنْ سَخَطِكَ، وَبِمُعَافَاتِكَ مِنْ عُقُوبَتِكَ، وَأَعُــــوذُ بِكَ مِنْكَ، لاَ أُحْصِي ثَنَاءً عَلَيْكَ، أَنْتَ كَمَا أَثْنَيْتَ عَلَى نَفْسِكَ)).,"Allāhumma innī aʿūdhu bi-riḍāka min sakhaṭika, wa bi-muʿāfātika min ʿuqūbatika, wa aʿūdhu bika minka, lā uḥṣī thanāʾan ʿalayka, anta kamā athnayta ʿalā nafsik","(O Allah, I take refuge within Your pleasure from Your displeasure and within Your pardon from Your punishment, and I take refuge in You from You. I cannot enumerate Your praise. You are as You have praised Yourself.)",((اے اللہ! میں تیری ناراضگی سے تیری رضا کی پناہ مانگتا ہوں، اور تیری سزا سے تیری معافی کی پناہ مانگتا ہوں، اور تجھ ہی سے تیری پناہ مانگتا ہوں، میں تیری ثنا کا احاطہ نہیں کر سکتا، تو ویسا ہی ہے جیسے تو نے خود اپنی تعریف بیان کی ہے))۔,"ऐ अल्लाह! मैं तेरी नाराज़गी से तेरी ख़ुशी की पनाह माँगता हूँ, और तेरी सज़ा से तेरी माफ़ी की पनाह माँगता हूँ, और मैं तुझसे तेरी ही पनाह माँगता हूँ, मैं तेरी तारीफ़ को गिन नहीं सकता, तू वैसा ही है जैसी तूने ख़ुद अपनी तारीफ़ की है।",1,https://audio.opendua.org/hisn/v0.0.2/OD-117.mp3
32-03,32,3,Invocations for Qunut in the Witr prayer,وتر کی نماز میں قنوت کی دعا,Invocations for Qunut in the Witr prayer,((اللَّهُمَّ إِيَّاكَ نعْبُدُ، وَلَكَ نُصَلِّي وَنَسْجُدُ، وَإِلَيْكَ نَسْعَى وَنَحْفِدُ، نَرْجُو رَحْمَتَكَ، وَنَخْشَى عَذَابَكَ، إِنَّ عَذَابَكَ بِالكَافِرِينَ مُلْحَقٌ. اللَّهُمَّ إِنَّا نَسْتَعينُكَ، وَنَسْتَغْفِرُكَ، وَنُثْنِي عَلَيْكَ الْخَيْرَ، وَلاَ نَكْفُرُكَ، وَنُؤْمِنُ بِكَ، وَنَخْضَعُ لَكَ، وَنَخْلَعُ مَنْ يَكْفرُكَ)).,"Allāhumma iyyāka nʿbudu, walaka nuṣallī wa nasjudu, wa ilayka nasʿā wa naḥfidu, narjū raḥmataka, wa nakhshā ʿadhābaka, inna ʿadhābaka bi-l-kāfirīna mulḥaq. allāhumma innā nastaʿynuka, wa nastaghfiruka, wa nuthnī ʿalayka l-khayra, walā nakfuruka, wa nuʾminu bika, wa nakhḍaʿu laka, wa nakhlaʿu man yakfruk","(O Allah, it is You we worship, and unto You we pray and prostrate, and towards You we hasten and You we serve. We hope for Your mercy and fear Your punishment, verily Your punishment will fall upon the disbelievers.O Allah, we seek Your aid and ask Your pardon, we praise You with all good and do not disbelieve in You.We believe in You and submit unto You, and we disown and reject those who disbelieve in You.)",((اے اللہ! ہم تیری ہی عبادت کرتے ہیں، اور تیرے ہی لیے نماز پڑھتے اور سجدہ کرتے ہیں، اور تیری ہی طرف دوڑتے اور جلدی کرتے ہیں، ہم تیری رحمت کی امید رکھتے ہیں اور تیرے عذاب سے ڈرتے ہیں، بیشک تیرا عذاب کافروں کو ضرور پہنچنے والا ہے۔ اے اللہ! ہم تجھ ہی سے مدد مانگتے ہیں، اور تجھ ہی سے بخشش طلب کرتے ہیں، اور تیری بھلائی کی تعریف کرتے ہیں، اور تیری ناشکری نہیں کرتے، اور ہم تجھ پر ایمان رکھتے ہیں، اور تیرے سامنے جھکتے ہیں، اور جو تیری ناشکری کرے اسے چھوڑ دیتے ہیں))۔,"ऐ अल्लाह! हम तेरी ही इबादत करते हैं, और तेरे लिए ही नमाज़ पढ़ते और सजदा करते हैं, और तेरी ही तरफ़ दौड़ते और जल्दी करते हैं, हम तेरी रहमत की उम्मीद रखते हैं और तेरे अज़ाब से डरते हैं, बेशक तेरा अज़ाब काफ़िरों को ज़रूर पहुँचने वाला है। ऐ अल्लाह! हम तुझी से मदद माँगते हैं, और तुझी से बख़्शिश माँगते हैं, और तेरी अच्छी तारीफ़ करते हैं, और तेरी नाशुक्री नहीं करते, और हम तुझ पर ईमान लाते हैं, और तेरे आगे झुकते हैं, और जो तेरा इनकार करे उससे हम अलग होते हैं।",1,https://audio.opendua.org/hisn/v0.0.2/OD-118.mp3
33-01,33,1,What to say immediately following the Witr prayer,وتر کی سلام کے فوراً بعد کا ذکر,What to say immediately following the Witr prayer,((سُبْحَانَ المَلِكِ القُدُّوسِ)) ثلاثَ مرَّاتٍ والثَّالِثَةُ يَجْهَرُ بها ويَمُدُّ بها صَوتَهُ يقولُ: [رَبِّ الْمَلاَئِكَةِ وَالرُّوحِ])).,"Subḥāna l-maliki l-quddūs
Rabbi l-malāʾikati wa ar-rūḥ","(How perfect The King, The Holy One is.(three times) on the third time he would raise his voice, elongate it and add: (Lord of the angles and the Rooh (i.e. Jibra-eel).))",((پاک ہے بادشاہ، نہایت پاکیزہ)) تین مرتبہ، اور تیسری بار آواز بلند کر کے اور اسے کھینچتے ہوئے کہے: [فرشتوں اور روح (یعنی جبرائیل علیہ السلام) کا رب]۔,"पाक है वह बादशाह जो अति पवित्र है — यह तीन बार कहे, और तीसरी बार आवाज़ ऊँची करके और उसे खींचते हुए कहे: फ़रिश्तों और रूह (यानी जिब्रील) के रब।",1,https://audio.opendua.org/hisn/v0.0.2/OD-119.mp3
34-01,34,1,Invocations in times of worry and grief,پریشانی و غم کے وقت کی دعا,Invocations in times of worry and grief,((اللَّهُمَّ إِنِّي عَبْدُكَ، ابْنُ عَبْدِكَ، ابْنُ أَمَتِكَ، نَاصِيَتِي بِيَدِكَ، مَاضٍ فِيَّ حُكْمُكَ، عَدْلٌ فِيَّ قَضَاؤُكَ، أَسْأَلُكَ بِكُــــلِّ اسْمٍ هُوَ لَكَ، سَمَّيْتَ بِهِ نَفْسَكَ، أَوْ أَنْزَلْتَهُ فِي كِتَابِكَ، أَوْ عَلَّمْتَهُ أَحَداً مِنْ خَلْقِكَ، أَوِ اسْتَأْثَرْتَ بِهِ فِي عِلْمِ الغَيْبِ عِنْدَكَ، أَنْ تَجْعَلَ القُرْآنَ رَبِيعَ قَلْبِي، وَنُورَ صَدْرِي، وَجَلاَءَ حُزْنِي، وَذَهَابَ هَمِّي)).,"Allāhumma innī ʿabduka, ibnu ʿabdika, ibnu amatika, nāṣiyatī bi-yadika, māḍin fīa ḥukmuka, ʿadlun fīa qaḍāʾuka, asʾaluka bikulli ismin huwa laka, sammayta bihi nafsaka, aw anzaltahu fī kitābika, aw ʿallamtahu aḥadan min khalqika, awi istaʾtharta bihi fī ʿilmi l-ghaybi ʿindaka, an tajʿala l-qurʾāna rabīʿa qalbī, wa nūra ṣadrī, wa jalāʾa ḥuznī, wa dhahāba hammī","(O Allah, I am Your servant, son of Your servant, son of Your maidservant, my forelock is in Your hand (i.e. You have total mastery over), Your command over me is forever executed and Your decree over me is just. I ask You by every name belonging to You which You named Yourself with, or revealed in Your Book, or You taught to any of Your creation, or You have preserved in the knowledge of the unseen with You, that You make the Quran the life of my heart and the light of my breast, and a departure for my sorrow and a release for my anxiety.)",((اے اللہ! میں تیرا بندہ ہوں، تیرے بندے کا بیٹا ہوں، تیری بندی کا بیٹا ہوں، میری پیشانی تیرے ہاتھ میں ہے، مجھ پر تیرا حکم جاری ہے، مجھ پر تیرا فیصلہ عدل پر مبنی ہے، میں تجھ سے تیرے ہر اس نام کے واسطے سے سوال کرتا ہوں جو تیرا ہے، جس سے تو نے خود کو موسوم کیا، یا جو تو نے اپنی کتاب میں نازل فرمایا، یا جو تو نے اپنی مخلوق میں سے کسی کو سکھایا، یا جسے تو نے اپنے پاس علمِ غیب میں مخصوص رکھا، کہ تو قرآن کو میرے دل کی بہار، میرے سینے کا نور، میرے غم کا مداوا اور میری پریشانی کا خاتمہ بنا دے))۔,"ऐ अल्लाह! मैं तेरा बंदा हूँ, तेरे बंदे का बेटा हूँ, तेरी बांदी का बेटा हूँ, मेरी चोटी तेरे हाथ में है, मुझ पर तेरा हुक्म जारी है, मेरे बारे में तेरा फ़ैसला इंसाफ़ पर है, मैं तुझसे उस हर नाम के वसीले से माँगता हूँ जो तेरा है, जिससे तूने ख़ुद को नाम दिया, या अपनी किताब में उतारा, या अपनी किसी मख़लूक़ को सिखाया, या जिसे तूने अपने पास ग़ैब के इल्म में ख़ास रखा है, कि तू क़ुरआन को मेरे दिल की बहार, मेरे सीने का नूर, मेरे ग़म को दूर करने वाला और मेरी परेशानी को ख़त्म करने वाला बना दे।",1,https://audio.opendua.org/hisn/v0.0.2/OD-120.mp3
34-02,34,2,Invocations in times of worry and grief,پریشانی و غم کے وقت کی دعا,Invocations in times of worry and grief,((اللَّهُمَّ إِنِّي أَعُوذُ بِكَ مِنَ الْهَمِّ وَالْحَزَنِ، وَالْعَجْزِ وَالْكَسَلِ، وَالْبُخْلِ وَالْجُبْنِ، وَضَلَعِ الدَّيْنِ وَغَلَبَةِ الرِّجَالِ)).,"Allāhumma innī aʿūdhu bika mina l-hammi wa-l-ḥazani, wa-l-ʿajzi wa-l-kasali, wa-l-bukhli wa-l-jubni, wa ḍalaʿi ad-dayni wa ghalabati ar-rijāl","(O Allah, I take refuge in You from anxiety and sorrow, weakness and laziness, miserliness and cowardice, the burden of debts and from being over powered by men.)",((اے اللہ! میں تیری پناہ مانگتا ہوں پریشانی اور غم سے، عاجزی اور سستی سے، بخل اور بزدلی سے، قرض کے بوجھ اور لوگوں کے غلبے سے))۔,"ऐ अल्लाह! मैं तेरी पनाह माँगता हूँ फ़िक्र और ग़म से, कमज़ोरी और सुस्ती से, कंजूसी और बुज़दिली से, क़र्ज़ के बोझ से और लोगों के ग़लबे से।",1,https://audio.opendua.org/hisn/v0.0.2/OD-121.mp3
35-01,35,1,Invocations for anguish,سخت مصیبت کے وقت کی دعا,Invocations for anguish,((لاَ إِلَهَ إِلاَّ اللَّهُ الْعَظِيمُ الْحَلِيمُ، لاَ إِلَهَ إِلاَّ اللَّهُ رَبُّ الْعَرْشِ الْعَظِيمِ، لاَ إِلَهَ إِلاَّ اللَّهُ رَبُّ السَّمَوَاتِ وَرَبُّ الْأَرْضِ وَرَبُّ الْعَرْشِ الْكَرِيمِ)).,"Lā ilāha illā llāhu l-ʿaẓīmu l-ḥalīmu, lā ilāha illā llāhu rabbu l-ʿarshi l-ʿaẓīmi, lā ilāha illā llāhu rabbu as-samawāti warabbu l-ʾarḍi warabbu l-ʿarshi l-karīm","(None has the right to be worshipped except Allah Forbearing. None has the right to be worshipped except Allah, Lord of the magnificent throne. None has the right to be worshipped except Allah, Lord of the heavens, Lord of the Earth and Lord of the noble throne.)",((اللہ کے سوا کوئی معبود نہیں، وہ عظیم اور بردبار ہے، اللہ کے سوا کوئی معبود نہیں، وہ عرشِ عظیم کا رب ہے، اللہ کے سوا کوئی معبود نہیں، وہ آسمانوں کا رب، زمین کا رب اور عرشِ کریم کا رب ہے))۔,"अल्लाह के सिवा कोई सच्चा माबूद नहीं, जो बुज़ुर्ग और बुर्दबार है, अल्लाह के सिवा कोई सच्चा माबूद नहीं, जो अर्श-ए-अज़ीम का रब है, अल्लाह के सिवा कोई सच्चा माबूद नहीं, जो आसमानों का रब, ज़मीन का रब और अर्श-ए-करीम का रब है।",1,https://audio.opendua.org/hisn/v0.0.2/OD-122.mp3
35-02,35,2,Invocations for anguish,سخت مصیبت کے وقت کی دعا,Invocations for anguish,((اللَّهُمَّ رَحْمَتَكَ أَرْجُو، فَلاَ تَكِلْنِي إِلَى نَفْسِي طَرْفَةَ عَيْنٍ، وَأَصْلِحْ لِي شَأْنِي كُلَّهُ، لاَ إِلَهَ إِلاَّ أَنْتَ)).,"Allāhumma raḥmataka arjū, falā takilnī ilā nafsī ṭarfata ʿaynin, wa aṣliḥ lī shaʾnī kullahu, lā ilāha illā ant","(O Allah, it is Your mercy that I hope for, so do not leave me in charge of my affairs even for a blink of an eye and rectify for me all of my affairs.None has the right to be worshipped except You.)",((اے اللہ! میں تیری رحمت کی امید رکھتا ہوں، مجھے پلک جھپکنے کے برابر بھی میرے اپنے نفس کے سپرد نہ کر، اور میرا سارا معاملہ درست فرما دے، تیرے سوا کوئی معبود نہیں))۔,"ऐ अल्लाह! मुझे तेरी रहमत की उम्मीद है, तू मुझे पलक झपकने भर के लिए भी मेरे हाल पर न छोड़, और मेरे सारे मामले सँवार दे, तेरे सिवा कोई सच्चा माबूद नहीं।",1,https://audio.opendua.org/hisn/v0.0.2/OD-123.mp3
35-03,35,3,Invocations for anguish,سخت مصیبت کے وقت کی دعا,Invocations for anguish,((لاَ إِلَهَ إِلاَّ أَنْتَ سُبْحَانَكَ إِنِّي كُنْتُ مِنَ الظّالِمِينَ)).,Lā ilāha illā anta subḥānaka innī kuntu mina aẓ-ẓlimīn,"(None has the right to be worshipped except You. How perfect You are, verily I was among the wrong-doers.)",((تیرے سوا کوئی معبود نہیں، تو پاک ہے، بیشک میں ظالموں میں سے تھا))۔,"तेरे सिवा कोई सच्चा माबूद नहीं, तू पाक है, बेशक मैं ज़ालिमों में से था।",1,https://audio.opendua.org/hisn/v0.0.2/OD-124.mp3
35-04,35,4,Invocations for anguish,سخت مصیبت کے وقت کی دعا,Invocations for anguish,((اللَّهُ اللَّهُ رَبِّي لاَ أُشْرِكُ بِهِ شَيْئاً)).,Allāhu llāhu rabbī lā ushriku bihi shayʾā,"(Allah, Allah is my Lord, I do not associate anything with Him.)",((اللہ، اللہ ہی میرا رب ہے، میں اس کے ساتھ کسی کو شریک نہیں ٹھہراتا))۔,"अल्लाह, अल्लाह ही मेरा रब है, मैं उसके साथ किसी को शरीक नहीं करता।",1,https://audio.opendua.org/hisn/v0.0.2/OD-125.mp3
36-01,36,1,Invocations for when you meet an adversary or a powerful ruler,دشمن یا صاحبِ اقتدار سے مقابلے کے وقت کی دعا,Invocations for when you meet an adversary or a powerful ruler,((اللَّهُمَّ إِنَّا نَجْعَلُكَ فِي نُحُورِهِم، وَنَعُوذُ بِكَ مِنْ شُرُورِهِمْ)).,"Allāhumma innā najʿaluka fī nuḥūrihim, wa naʿūdhu bika min shurūrihim","(O Allah, we place You before them and we take refuge in You from their evil.)",((اے اللہ! ہم تجھے ان کے مقابلے میں رکھتے ہیں، اور ان کے شر سے تیری پناہ مانگتے ہیں))۔,"ऐ अल्लाह! हम तुझे उनके सामने रखते हैं, और उनकी बुराई से तेरी पनाह माँगते हैं।",1,https://audio.opendua.org/hisn/v0.0.2/OD-126.mp3
36-02,36,2,Invocations for when you meet an adversary or a powerful ruler,دشمن یا صاحبِ اقتدار سے مقابلے کے وقت کی دعا,Invocations for when you meet an adversary or a powerful ruler,((اللَّهُمَّ أَنْتَ عَضُدِي، وَأَنْتَ نَصِيرِي، بِكَ أَحُولُ وَبِكَ أَصُولُ، وَبِكَ أُقاتِلُ)).,"Allāhumma anta ʿaḍudī, wa anta naṣīrī, bika aḥūlu wabika aṣūlu, wabika uqtil","(O Allah, You are my supporter and You are my helper, by You I move and by You I attack and by You I battle.)",((اے اللہ! تو ہی میرا بازو ہے، اور تو ہی میرا مددگار ہے، تیرے ہی ذریعے میں حرکت کرتا ہوں اور تیرے ہی ذریعے حملہ کرتا ہوں، اور تیرے ہی ذریعے جنگ کرتا ہوں))۔,"ऐ अल्लाह! तू ही मेरा सहारा है और तू ही मेरा मददगार है, तेरे ही ज़रिए से मैं चलता हूँ, तेरे ही ज़रिए से हमला करता हूँ, और तेरे ही ज़रिए से लड़ता हूँ।",1,https://audio.opendua.org/hisn/v0.0.2/OD-127.mp3
36-03,36,3,Invocations for when you meet an adversary or a powerful ruler,دشمن یا صاحبِ اقتدار سے مقابلے کے وقت کی دعا,Invocations for when you meet an adversary or a powerful ruler,((حَسْبُنا اللَّهُ وَنِعْمَ الْوَكِيلُ)).,Ḥasbun allāhu wa niʿma l-wakīl,"(Allah is sufficient for us, and how fine a trustee (He is).)",((ہمارے لیے اللہ کافی ہے اور وہ بہترین کارساز ہے))۔,हमारे लिए अल्लाह काफ़ी है और वह बेहतरीन कारसाज़ है।,1,https://audio.opendua.org/hisn/v0.0.2/OD-128.mp3
37-01,37,1,Invocations against the oppression of rulers,حکمران کے ظلم کے خوف سے پناہ مانگنے کی دعا,Invocations against the oppression of rulers,((اللَّهُمَّ ربَّ السَّمَوَاتِ السَّبْعِ، وَرَبَّ الْعَرْشِ الْعَظِيمِ، كُنْ لِي جَاراً مِنْ فُلاَنِ بْنِ فُلاَنٍ، وَأَحْزَابِهِ مِنْ خَلاَئِقِكَ، أَنْ يَفْرُطَ عَلَيَّ أَحَدٌ مِنْهُمْ أَوْ يَطْغَى، عَزَّ جَارُكَ، وَجَلَّ ثَنَاؤُكَ، وَلاَ إِلَهَ إِلاَّ أَنْتَ)).,"Allāhumma rbba as-samawāti as-sabʿi, warabba l-ʿarshi l-ʿaẓīmi, kun lī jāran min fulāni bni fulānin, wa aḥzābihi min khalāʾiqika, an yafruṭa ʿalayya aḥadun minhum aw yaṭghā, ʿazza jāruka, wajalla thanāʾuka, walā ilāha illā ant","O Allah, Lord of the seven heavens, Lord of the Magnificent Throne, be for me a support against [such and such a person] and his helpers from among your creatures, lest any of them abuse me or do me wrong. Mighty is your patronage and glorious are your praises. There is none worthy of worship but you.",((اے اللہ! سات آسمانوں کے رب اور عرشِ عظیم کے رب! فلاں بن فلاں اور اس کی مخلوق میں سے اس کے ساتھیوں کے مقابلے میں تو میری پناہ گاہ بن جا، کہ ان میں سے کوئی مجھ پر زیادتی کرے یا سرکشی کرے، تیری پناہ زبردست ہے اور تیری ثنا عظیم ہے، تیرے سوا کوئی معبود نہیں))۔,"ऐ अल्लाह! सातों आसमानों के रब, और अर्श-ए-अज़ीम के रब, तू फ़लाँ बिन फ़लाँ और तेरी मख़लूक़ में से उसके साथियों से मुझे पनाह दे, कि उनमें से कोई मुझ पर ज़्यादती करे या सरकशी करे, तेरी पनाह ज़बरदस्त है, और तेरी तारीफ़ बुलंद है, तेरे सिवा कोई सच्चा माबूद नहीं।",1,https://audio.opendua.org/hisn/v0.0.2/OD-129.mp3
37-02,37,2,Invocations against the oppression of rulers,حکمران کے ظلم کے خوف سے پناہ مانگنے کی دعا,Invocations against the oppression of rulers,((اللَّهُ أَكْبَرُ، اللَّهُ أَعَزُّ مِنْ خَلْقِهِ جَمِيعاً، اللَّهُ أَعَزُّ مِمَّا أَخَافُ وَأَحْذَرُ، أَعُوذُ بِاللَّهِ الَّذِي لاَ إِلَهَ إِلاَّ هُوَ، الْمُمْسِكِ السَّمَوَاتِ السَّبْعِ أَنْ يَقَعْنَ عَلَى الْأَرْضِ إِلاَّ بِإِذْنِهِ، مِنْ شَرِّ عَبْدِكَ فُلاَنٍ، وَجُنُودِهِ وَأَتْبَاعِهِ وَأَشْيَاعِهِ، مِنْ الْجِنِّ وَالإِنْسِ، اللَّهُمَّ كُنْ لِي جَاراً مِنْ شَرِّهِمْ، جَلَّ ثَنَاؤُكَ وَعَزَّ جَارُكَ، وَتَبَارَكَ اسْمُكَ، وَلاَ إِلَهَ غَيْرُكَ)) (ثلاثَ مرَّاتٍ).,"Allāhu akbaru, allāhu aʿazzu min khalqihi jamīʿan, allāhu aʿazzu mimmā akhāfu wa aḥdharu, aʿūdhu bi-llāhi alladhī lā ilāha illā huwa, al-mumsiki as-samawāti as-sabʿi an yaqaʿna ʿalā l-ʾarḍi illā bi-idhnihi, min sharri ʿabdika fulānin, wa junūdihi wa atbāʿihi wa ashyāʿihi, min al-jinni wa-l-ʾinsi, allāhumma kun lī jāran min sharrihim, jalla thanāʾuka waʿazza jāruka, wa tabāraka ismuka, walā ilāha ghayruk","Allah is the Most Great, Mightier than all His creation. He is Mightier than what fear and dread. I seek refuge in Allah, Who there is none worthy of worship but Him. He is the One Who holds the seven heavens from falling upon the earth except by His command. [I seek refuge in You Allah] from the evil of Your slave [name of the person], and his helpers, his followers and his supporters from among the jinn and mankind. O Allah, be my support against their evil. Glorious Your praises and mighty is Your patronage. Blessed is Your Name, there is no true God but You. (Recite three times in Arabic)",((اللہ سب سے بڑا ہے، اللہ اپنی تمام مخلوق سے زیادہ غالب ہے، اللہ اس سے بھی زیادہ غالب ہے جس سے میں ڈرتا اور خوف کھاتا ہوں، میں اس اللہ کی پناہ مانگتا ہوں جس کے سوا کوئی معبود نہیں، جو سات آسمانوں کو تھامے ہوئے ہے کہ وہ اس کی اجازت کے بغیر زمین پر نہ گریں، تیرے بندے فلاں کے شر سے، اور اس کے لشکروں، پیروکاروں اور ساتھیوں کے شر سے، خواہ جنوں میں سے ہوں یا انسانوں میں سے۔ اے اللہ! تو ان کے شر سے میری پناہ گاہ بن جا، تیری ثنا عظیم ہے اور تیری پناہ زبردست ہے، اور تیرا نام بابرکت ہے، تیرے سوا کوئی معبود نہیں)) (تین مرتبہ)۔,"अल्लाह सबसे बड़ा है, अल्लाह अपनी सारी मख़लूक़ से ज़्यादा ज़बरदस्त है, अल्लाह उससे भी ज़्यादा ज़बरदस्त है जिससे मैं डरता और सहमता हूँ, मैं उस अल्लाह की पनाह माँगता हूँ जिसके सिवा कोई सच्चा माबूद नहीं, जो सातों आसमानों को ज़मीन पर गिरने से रोके हुए है सिवाय उसकी इजाज़त के, तेरे बंदे फ़लाँ की बुराई से, और उसके लश्करों, उसके पैरोकारों और उसके साथियों की बुराई से, चाहे जिन्नों में से हों या इंसानों में से, ऐ अल्लाह! तू मुझे उनकी बुराई से पनाह दे, तेरी तारीफ़ बुलंद है और तेरी पनाह ज़बरदस्त है, और तेरा नाम बरकत वाला है, तेरे सिवा कोई सच्चा माबूद नहीं (तीन बार)।",1,https://audio.opendua.org/hisn/v0.0.2/OD-130.mp3
38-01,38,1,Invocation against an enemy,دشمن کے خلاف دعا,Invocation against an enemy,((اللَّهُمَّ مُنْزِلَ الْكِتَابِ، سَرِيعَ الْحِسَابِ، اهْزِمِ الأَحْزَابَ، اللَّهُمَّ اهزِمْهُمْ وَزَلْزِلْهُمْ)).,"Allāhumma munzila l-kitābi, sarīʿa l-ḥisābi, ihzimi l-ʾaḥzāba, allāhumma hzimhum wa zalzilhum","(O Allah, Revealer of the Book, Swift at reckoning, defeat the confederates. O Allah, defeat them and convulse them.)",((اے اللہ! کتاب نازل کرنے والے، جلد حساب لینے والے، لشکروں کو شکست دے، اے اللہ! انہیں شکست دے اور انہیں لرزا دے))۔,"ऐ अल्लाह! किताब उतारने वाले, जल्दी हिसाब लेने वाले, गिरोहों को शिकस्त दे, ऐ अल्लाह! उन्हें शिकस्त दे और उन्हें हिला दे।",1,https://audio.opendua.org/hisn/v0.0.2/OD-131.mp3
39-01,39,1,What to say if you fear people may harm you,کسی قوم سے خطرہ محسوس کرنے والا کیا کہے,What to say if you fear people may harm you,((اللَّهُمَّ اكْفِنِيهِمْ بِمَا شِئْتَ)).,Allāhumma ikfinīhim bimā shiʾt,"(O Allah, protect me from them with what You choose.)",((اے اللہ! جس طرح تو چاہے مجھے ان سے بچا لے))۔,ऐ अल्लाह! तू जैसे चाहे उनसे मेरी हिफ़ाज़त कर।,1,https://audio.opendua.org/hisn/v0.0.2/OD-132.mp3
40-01,40,1,Invocations for if you are stricken by doubt in your faith,ایمان میں وسوسہ پڑنے والے کی دعا,Invocations for if you are stricken by doubt in your faith,((يَسْتَعِيذُ بِاللَّهِ و يَنْتَهِي عَمَّا شك فِيهِ)).,,(Say:) I seek refuge in Allah. (Then you should desist from doing what you are in doubt about.),((اللہ کی پناہ مانگے اور جس چیز میں شک ہوا اس سے رک جائے))۔,अल्लाह की पनाह माँगे और जिस चीज़ में शक हुआ है उससे रुक जाए।,1,
40-02,40,2,Invocations for if you are stricken by doubt in your faith,ایمان میں وسوسہ پڑنے والے کی دعا,Invocations for if you are stricken by doubt in your faith,((يَقُولُ: ((آمَنْتُ بِاللَّهِ وَرُسُلِهِ)).,Āmantu bi-llāhi wa rusulih,(He should say: (I have believed in Allah and His Messenger.)),((یہ کہے: میں اللہ اور اس کے رسولوں پر ایمان لایا))۔,वह कहे: मैं अल्लाह और उसके रसूलों पर ईमान लाया।,1,https://audio.opendua.org/hisn/v0.0.2/OD-134.mp3
40-03,40,3,Invocations for if you are stricken by doubt in your faith,ایمان میں وسوسہ پڑنے والے کی دعا,Invocations for if you are stricken by doubt in your faith,((يَقْرَأُ قَوْلَهُ تَعَالَى: ﴿هُوَ الْأوَّلُ وَالْآخِرُ وَالظّاهِرُ وَالْباطِنُ وَهُوَ بِكُلِّ شَيْءٍ عَلِيمٌ﴾)).,Huwa l-ʾwwalu wa-l-ʾākhiru wa aẓ-ẓhiru wa-l-bṭinu wahuwa bikulli shayʾin ʿalīm,"(He should also recite the following verse: (He is The First and The Last, Aththahir and Al-Batin and He knows well all things.)(ththahir: Indicates the greatness of His attributes and the insignificance of every single creation in respect to His greatness and Highness, for He is above all of His creation as regards His essence and attributes.)(Al-Batin: Indicates His awareness and knowledge of all secrets, of that which is in the hearts and the most intimate of things just as it indicates His closeness and nearness to all in a manner which befits His majesty.))",((یہ آیت پڑھے: ﴿وہی اول ہے اور آخر ہے، اور ظاہر ہے اور باطن ہے، اور وہ ہر چیز کو خوب جاننے والا ہے﴾))۔,"वह अल्लाह तआला का यह फ़रमान पढ़े: वही अव्वल है और आख़िर है, ज़ाहिर है और बातिन है, और वह हर चीज़ को ख़ूब जानने वाला है।",1,https://audio.opendua.org/hisn/v0.0.2/OD-135.mp3
41-01,41,1,Invocations for the settling of a debt,قرض ادا ہونے کی دعا,Invocations for the settling of a debt,((اللَّهُمَّ اكْفِنِي بِحَلاَلِكَ عَنْ حَرَامِكَ، وَأَغْنِنِي بِفَضْلِكِ عَمَّنْ سِوَاكَ)).,"Allāhumma ikfinī bi-ḥalālika ʿan ḥarāmika, wa aghninī bi-faḍliki ʿamman siwāk","(O Allah, make what is lawful enough for me, as opposed to what is unlawful, and spare me by Your grace, of need of others.)",((اے اللہ! مجھے اپنے حلال کے ذریعے حرام سے بچا لے، اور اپنے فضل سے مجھے اپنے سوا سب سے بے نیاز کر دے))۔,"ऐ अल्लाह! मुझे अपने हलाल से इतना दे कि मुझे तेरे हराम की ज़रूरत न रहे, और अपने फ़ज़ल से मुझे इतना ग़नी कर दे कि तेरे सिवा किसी और की मुहताजी न रहे।",1,https://audio.opendua.org/hisn/v0.0.2/OD-136.mp3
41-02,41,2,Invocations for the settling of a debt,قرض ادا ہونے کی دعا,Invocations for the settling of a debt,((اللَّهُمَّ إِنِّي أَعُوذُ بِكَ مِنَ الْهَمِّ وَالْحَزَنِ، وَالْعَجْزِ وَالْكَسَلِ، وَالْبُخْلِ وَالْجُبْنِ، وَضَلَعِ الدَّيْنِ وَغَلَبَةِ الرِّجَالِ)).,"Allāhumma innī aʿūdhu bika mina l-hammi wa-l-ḥazani, wa-l-ʿajzi wa-l-kasali, wa-l-bukhli wa-l-jubni, wa ḍalaʿi ad-dayni wa ghalabati ar-rijāl","(O Allah, I take refuge in You from anxiety and sorrow, weakness and laziness, miserliness and cowardice, the burden of debts and from being over powered by men.)",((اے اللہ! میں تیری پناہ مانگتا ہوں پریشانی اور غم سے، عاجزی اور سستی سے، بخل اور بزدلی سے، قرض کے بوجھ اور لوگوں کے غلبے سے))۔,"ऐ अल्लाह! मैं तेरी पनाह माँगता हूँ फ़िक्र और ग़म से, कमज़ोरी और सुस्ती से, कंजूसी और बुज़दिली से, क़र्ज़ के बोझ से और लोगों के ग़लबे से।",1,https://audio.opendua.org/hisn/v0.0.2/OD-137.mp3
42-01,42,1,Invocation against the distractions of Satan during the prayer and recitation of the Quran,نماز اور قرأت میں وسوسے کی دعا,Invocation against the distractions of Satan during the prayer and recitation of the Quran,((أَعُوذُ بِاللَّهِ مِنَ الشَّيطَانِ الرَّجِيمِ، وَاتْفُلْ عَلَى يَسَارِكَ (ثلاثاً))).,Aʿūdhu bi-llāhi mina ash-shayṭāni ar-rajīm,"(othman Ibn Al-'as narrated: I said ‘O Messenger of Allah, verily the devil comes between me and my prayer and recitation making me confused’ The Messenger of Allah replied ‘That is a devil called Khanzab, so if you sense his presence then seek refuge in Allah from him and spit (A form of spitting comprising mainly of air with little spittle) on your left side three times.)",((میں اللہ کی پناہ مانگتا ہوں شیطان مردود سے)) اور اپنے بائیں جانب تین بار تھوکے۔,"उस्मान बिन अबुल आस रज़ियल्लाहु अन्हु ने नबी ﷺ से शिकायत की कि शैतान उनकी नमाज़ और क़िरात में आकर उन्हें उलझा देता है, तो नबी ﷺ ने फ़रमाया: यह ख़ंज़ब नाम का शैतान है, जब तुम्हें उसका एहसास हो तो कहो: मैं मरदूद शैतान से अल्लाह की पनाह माँगता हूँ, और अपनी बाईं ओर तीन बार थूको।",1,https://audio.opendua.org/hisn/v0.0.2/OD-138.mp3
43-01,43,1,Invocation for when you find something becoming difficult for you,جسے کوئی کام دشوار لگے اس کی دعا,Invocation for when you find something becoming difficult for you,((اللَّهُمَّ لاَ سَهْلَ إِلاَّ مَا جَعَلْتَهُ سَهْلاً، وَأَنْتَ تَجْعَلُ الْحَزْنَ إِذَا شِئْتَ سَهْلاً)).,"Allāhumma lā sahla illā mā jaʿaltahu sahlan, wa anta tajʿalu l-ḥazna idhā shiʾta sahlā","(O Allah, there is no ease except in that which You have made easy, and You make the difficulty, if You wish, easy.)",((اے اللہ! کوئی چیز آسان نہیں سوائے اس کے جسے تو آسان بنا دے، اور تو جب چاہے مشکل کو آسان بنا دیتا ہے))۔,"ऐ अल्लाह! कोई चीज़ आसान नहीं सिवाय उसके जिसे तू आसान बना दे, और तू जब चाहे ग़म को भी आसान बना देता है।",1,https://audio.opendua.org/hisn/v0.0.2/OD-139.mp3
44-01,44,1,What to say and do if you commit a sin,گناہ کرنے والا کیا کہے اور کیا کرے,What to say and do if you commit a sin,((مَا مِنْ عَبْدٍ يُذنِبُ ذَنْباً فَيُحْسِنُ الطُّهُورَ، ثُمَّ يَقُومُ فَيُصَلِّي رَكْعَتَيْنِ، ثُمَّ يَسْتَغْفِرُ اللَّهَ إِلاَّ غَفَرَ اللَّهُ لَهُ)).,,"(Any servant who commits a sin and as a result, performs ablution, prays two units of prayer (i.e. two rak'as) and then seeks Allah’s forgiveness, Allah would forgive him.)",((جو بندہ بھی کوئی گناہ کرے، پھر اچھی طرح وضو کرے، پھر کھڑا ہو کر دو رکعت نماز پڑھے، پھر اللہ سے بخشش مانگے تو اللہ اسے ضرور بخش دیتا ہے))۔,"जो बंदा भी कोई गुनाह करता है, फिर अच्छी तरह वुज़ू करता है, फिर उठकर दो रकात नमाज़ पढ़ता है, फिर अल्लाह से माफ़ी माँगता है, तो अल्लाह उसे ज़रूर माफ़ कर देता है।",1,
45-01,45,1,Invocations against the Devil and his promptings,شیطان اور اس کے وسوسوں کو بھگانے کی دعا,Invocations against the Devil and his promptings,((الْاسْتِعَاذَةُ بِاللَّهِ مِنْهُ)).,,Seeking refuge from him.,(اللہ سے اس کے شر کی پناہ مانگنا)۔,अल्लाह की पनाह माँगना।,1,
45-02,45,2,Invocations against the Devil and his promptings,شیطان اور اس کے وسوسوں کو بھگانے کی دعا,Invocations against the Devil and his promptings,((الْأَذَانُ)).,,The Adhaan [call to prayer].,(اذان)۔,अज़ान देना।,1,
45-03,45,3,Invocations against the Devil and his promptings,شیطان اور اس کے وسوسوں کو بھگانے کی دعا,Invocations against the Devil and his promptings,((الْأَذْكَارُ وَقِرَاءَةُ الْقُرْآنِ)).,,"(Recitation of the Quran and the authentic texts of remembrance and supplications.)(e.g. ‘Do not make your homes like the graveyards, indeed the devils flee from the house in which soorat Al-Baqarah has been read’ related by Muslim 1/539, also supplication and remembrance for the morning & evening, before sleep, when getting up, entering and leaving the toilet, entering and leaving the mosque, the recitation of ayat Al-kursiyy and the last two verses of soorat Al-Baqarah before sleeping, the athan…etc.)",(اذکار اور قرآن کی تلاوت)۔,ज़िक्र करना और क़ुरआन पढ़ना।,1,
46-01,46,1,"Invocation when something you dislike happens, or when you fail in what you attempt",جب کوئی ناپسندیدہ بات پیش آئے یا کسی کام پر غالب آ جائے تو دعا,"Invocation when something you dislike happens, or when you fail in what you attempt",((قَدَرُ اللَّهُ وَمَا شَاءَ فَعَلَ)).,Qadaru llāhu wamā shāʾa faʿal,"(Allah has decreed and what He wills, He does.)(for verily ‘If’ lets in the work of the devil.)",((یہ اللہ کی تقدیر ہے، اور اس نے جو چاہا کیا))۔,"यह अल्लाह का फ़ैसला था, और उसने जो चाहा किया।",1,https://audio.opendua.org/hisn/v0.0.2/OD-144.mp3
47-01,47,1,Congratulations for new parents and how they should respond,نوزائیدہ بچے کے والدین کو مبارکباد اور ان کا جواب,Congratulations for new parents and how they should respond,((بَارَكَ اللَّهُ لَكَ فِي الْمَوْهُوبِ لَكَ، وَشَكَرْتَ الْوَاهِبَ، وَبَلَغَ أَشُدَّهُ، وَرُزِقْتَ بِرَّهُ)). وَيَرُدُّ عَلَيْهِ الْمُهَــــــنَّأُ فَيَقُولُ: ((بَارَكَ اللَّهُ لَكَ وَبَارَكَ عَلَيْكَ، وَجَزَاكَ اللَّهُ خَيْراً، وَرَزَقَكَ اللَّهُ مِثْلَهُ، وَأَجْزَلَ ثَوَابَكَ)).,"Bāraka llāhu laka fī l-mawhūbi laka, wa shakarta l-wāhiba, wa balagha ashuddahu, wa ruziqta birrah
Bāraka llāhu laka wa bāraka ʿalayka, wa jazāka llāhu khayran, wa razaqaka llāhu mithlahu, wa ajzala thawābak","May Allah bless you with His gift to you and may you (the new parent) give thanks, may the child reach the maturity of years, and may you be granted its righteousness. The reply of the person being congratulated is to say: May Allah bless you, and shower His blessings upon you, and may Allah reward you well and bestow upon you its like and reward you abundantly",((اللہ تجھے اس عطیے میں برکت دے جو تجھے دیا گیا، اور تو نے دینے والے کا شکر ادا کیا، اور یہ بچہ اپنی جوانی کو پہنچے، اور تجھے اس کی نیکی نصیب ہو)) اور جسے مبارکباد دی گئی وہ جواب میں کہے: ((اللہ تجھے برکت دے اور تجھ پر برکت نازل فرمائے، اور اللہ تجھے اچھا بدلہ دے، اور تجھے اس جیسی نعمت عطا فرمائے، اور تیرا اجر بڑھا دے))۔,"अल्लाह तुझे इस तोहफ़े में बरकत दे, और तू देने वाले का शुक्र अदा करे, और यह अपनी पूरी उम्र को पहुँचे, और तुझे इसकी नेकी नसीब हो। और जिसे मुबारकबाद दी गई है वह जवाब में कहे: अल्लाह तुझे बरकत दे और तुझ पर बरकत नाज़िल करे, और अल्लाह तुझे अच्छा बदला दे, और तुझे भी वैसा ही अता करे, और तेरे सवाब में इज़ाफ़ा करे।",1,https://audio.opendua.org/hisn/v0.0.2/OD-145-1.mp3
48-01,48,1,How to seek Allah's protection for children,بچوں کے لیے پناہ مانگنے کا ذکر,How to seek Allah's protection for children,كَانَ رَسُولُ اللَّهِ صلى الله عليه وسلم يُعَوِّذُ الحَسَنَ وَالحُسَينَ رضي الله عنهما ((أُعِيذُكُمَا بِكَلِمَاتِ اللَّهِ التَّامَّةِ مِنْ كُلِّ شَيْطَانٍ وَهَامَّةٍ، وَمِنْ كُلِّ عَيْنٍ لاَمَّةٍ)).,"Uʿīdhukumā bi-ka-li-māti llāhi at-tāmmati min kulli shayṭānin wa hāmmatin, wamin kulli ʿaynin lāmmah","(Ibn 'abbas related that the Messenger of Allah used to commend Al-Hasan and Al-Husayn to Allah’s protection, saying:(I commend you two to the protection of Allah’s perfect words from every devil, vermin, and every evil eye.))",رسول اللہ ﷺ حسن اور حسین رضی اللہ عنہما کو (یہ دعا پڑھ کر) اللہ کی پناہ میں دیا کرتے تھے: ((میں تم دونوں کو اللہ کے مکمل کلمات کے ذریعے ہر شیطان اور زہریلے جانور سے، اور ہر بری نظر سے پناہ میں دیتا ہوں))۔,"रसूलुल्लाह ﷺ हसन और हुसैन रज़ियल्लाहु अन्हुमा को इन शब्दों से पनाह दिलाते थे: मैं तुम दोनों को अल्लाह के पूरे कलिमात की पनाह में देता हूँ हर शैतान और ज़हरीले जानवर से, और हर बुरी नज़र से।",1,https://audio.opendua.org/hisn/v0.0.2/OD-146.mp3
49-01,49,1,Invocations for visiting the sick,بیمار کی عیادت کے وقت کی دعا,Invocations for visiting the sick,((لاَ بأْسَ طَهُورٌ إِنْ شَاءَ اللَّهُ)).,Lā bʾsa ṭahūrun in shāʾa llāh,"(Never mind, may it (the sickness) be a purification, if Allah wills.)",((کوئی حرج نہیں، اللہ نے چاہا تو یہ (بیماری) گناہوں سے پاک کرنے والی ہو گی))۔,"कोई बात नहीं, यह पाक करने वाला है, अगर अल्लाह ने चाहा।",1,https://audio.opendua.org/hisn/v0.0.2/OD-147.mp3
49-02,49,2,Invocations for visiting the sick,بیمار کی عیادت کے وقت کی دعا,Invocations for visiting the sick,((أَسْأَلُ اللَّهَ الْعَظيمَ رَبَّ الْعَرْشِ الْعَظِيمِ أَنْ يَشْفيَكَ)) (سبع مرات).,Asʾalu llāha l-ʿaẓyma rabba l-ʿarshi l-ʿaẓīmi an yashfyak,"(I ask Allah The Supreme, Lord of the magnificent throne to cure you’.(7times) (he (the sick person) will be cured.))",((میں اللہ عظیم، عرشِ عظیم کے رب سے سوال کرتا ہوں کہ وہ تجھے شفا دے)) (سات مرتبہ)۔,"मैं अल्लाह अज़ीम से, जो अर्श-ए-अज़ीम का रब है, दुआ करता हूँ कि वह तुझे शिफ़ा दे (सात बार)।",1,https://audio.opendua.org/hisn/v0.0.2/OD-148.mp3
50-01,50,1,The reward for visiting the sick,بیمار کی عیادت کی فضیلت,The reward for visiting the sick,قَالَ النَّبِيُّ صلى الله عليه وسلم: ((إِذَا عَادَ الرَّجُلُ أَخَاهُ الْمُسْلِمَ مَشَى فِي خِرَافَةِ الْجَنَّةِ حَتَّى يَجْلِسَ، فَإِذَا جَلَسَ غَمَرَتْهُ الرَّحْمَةُ، فَإِنْ كَانَ غُدْوَةً صَلَّى عَلَيْهِ سَبْعُونَ أَلْفَ مَلَكٍ حَتَّى يُمْسِيَ، وَإِنْ كَانَ مَسَاءً صَلَّى عَلَيْهِ سَبْعُونَ أَلْفَ مَلَكٍ حَتَّى يُصْبِحَ)).,,"(Ali Ibn Abee Talib related that he heard the Messenger of Allah say: ‘If a man calls on his sick Muslim brother, it is as if he walks reaping the fruits of Paradise until he sits, and when he sits he is showered in mercy, and if this was in the morning, seventy thousand angles send prayers upon him until the evening, and if this was in the evening, seventy thousand angles send prayers upon him until the morning.)",نبی کریم ﷺ نے فرمایا: ((جب آدمی اپنے مسلمان بھائی کی عیادت کرتا ہے تو وہ جنت کے پھلوں میں چلتا ہے یہاں تک کہ بیٹھ جائے، پھر جب بیٹھ جائے تو رحمت اسے ڈھانپ لیتی ہے، اگر یہ صبح کے وقت ہو تو ستر ہزار فرشتے شام تک اس پر رحمت کی دعا کرتے ہیں، اور اگر شام کے وقت ہو تو ستر ہزار فرشتے صبح تک اس پر رحمت کی دعا کرتے ہیں))۔,"नबी ﷺ ने फ़रमाया: जब कोई आदमी अपने मुसलमान भाई की बीमारी में मिलने जाता है, तो वह जन्नत के फलों में चलता रहता है यहाँ तक कि बैठ जाए, और जब बैठ जाए तो रहमत उसे ढाँप लेती है, अगर सुबह गया हो तो शाम तक सत्तर हज़ार फ़रिश्ते उस पर रहमत की दुआ करते हैं, और अगर शाम को गया हो तो सुबह तक सत्तर हज़ार फ़रिश्ते उस पर रहमत की दुआ करते हैं।",1,
51-01,51,1,Invocations of the terminally ill,اس بیمار کی دعا جسے اپنی زندگی سے ناامیدی ہو جائے,Invocations of the terminally ill,((اللَّهُمَّ اغْفِرْ لِي، وَارْحَمْنِي، وَأَلْحِقْنِي بِالرَّفِيقِ الْأَعْلَى)).,"Allāhumma ighfir lī, wa irḥamnī, wa alḥiqnī bi-ar-rafīqi l-ʾaʿlā","‘O Allaah, forgive me, have mercy upon me and unite me with the highest companions",((اے اللہ! مجھے بخش دے، مجھ پر رحم فرما، اور مجھے رفیقِ اعلیٰ سے ملا دے))۔,"ऐ अल्लाह! मुझे बख़्श दे, मुझ पर रहम कर, और मुझे उच्च साथियों (रफ़ीक़-ए-आला) से मिला दे।",1,https://audio.opendua.org/hisn/v0.0.2/OD-150.mp3
51-02,51,2,Invocations of the terminally ill,اس بیمار کی دعا جسے اپنی زندگی سے ناامیدی ہو جائے,Invocations of the terminally ill,((جَعَلَ النَّبِيُّ صلى الله عليه وسلم عِنْدَ مَوْتِهِ يُدْخِلُ يَدَيْهِ فِي الْمَاءِ فَيَمْسَحُ بِهِمَا وَجْهَهُ، وَيَقُولُ: لاَ إِلَهَ إِلاَّ اللَّهُ إِنَّ لِلْمَوْتِ سَكَرَاتٍ)).,Lā ilāha illā llāhu inna lilmawti sakarāt,"'Aa.ishah (radhi-yAllaahu 'anhaa) related that The Prophet (sal-Allaahu 'alayhe wa sallam) [during his illness in which he passed away] would dip his hands in water and then he would wipe his face and say: ‘None has the right to be worshipped except Allaah, death does indeed contain agony.’",نبی کریم ﷺ اپنی وفات کے وقت اپنے ہاتھ پانی میں ڈال کر ان سے اپنا چہرہ صاف کرتے اور فرماتے: ((اللہ کے سوا کوئی معبود نہیں، بیشک موت کی بھی بیہوشیاں ہوتی ہیں))۔,"नबी ﷺ अपनी वफ़ात के वक़्त अपने हाथ पानी में डालकर उनसे अपना चेहरा पोंछते और फ़रमाते: अल्लाह के सिवा कोई सच्चा माबूद नहीं, बेशक मौत में सख़्तियाँ होती हैं।",1,https://audio.opendua.org/hisn/v0.0.2/OD-151.mp3
51-03,51,3,Invocations of the terminally ill,اس بیمار کی دعا جسے اپنی زندگی سے ناامیدی ہو جائے,Invocations of the terminally ill,((لاَ إِلَهَ إِلاَّ اللَّهُ وَاللَّهُ أَكْبَرُ، لاَ إِلَهَ إِلاَّ اللَّهُ وَحْدَهُ، لاَ إِلَهَ إِلاَّ اللَّهُ وَحْدَهُ لاَ شَرِيكَ لَهُ، لاَ إِلَهَ إِلاَّ اللَّهُ لَهُ المُلْكُ وَلَهُ الْحَمْدُ، لاَ إِلَهَ إِلاَّ اللَّهُ وَلاَ حَوْلَ وَلاَ قُوَّةَ إِلاَّ بِاللَّهِ)).,"Lā ilāha illā llāhu wa-llāhu akbaru, lā ilāha illā llāhu waḥdahu, lā ilāha illā llāhu waḥdahu lā sharīka lahu, lā ilāha illā llāhu lahu l-mulku walahu l-ḥamdu, lā ilāha illā llāhu walā ḥawla walā quwwata illā bi-llāh","(None has the right to be worshipped except Allah and Allah is the greatest.None has the right to be worshipped except Allah, alone.None has the right to be worshipped except Allah, alone, without partner.None has the right to be worshipped except Allah, to Him belongs all sovereignty and praise. None has the right to be worshipped except Allah and there is no might and no power except with Allah.)",((اللہ کے سوا کوئی معبود نہیں اور اللہ سب سے بڑا ہے، اللہ کے سوا کوئی معبود نہیں، وہ اکیلا ہے، اللہ کے سوا کوئی معبود نہیں، وہ اکیلا ہے، اس کا کوئی شریک نہیں، اللہ کے سوا کوئی معبود نہیں، اسی کی بادشاہت ہے اور اسی کے لیے تمام تعریفیں ہیں، اللہ کے سوا کوئی معبود نہیں، اور اللہ کے سوا نہ کوئی طاقت ہے نہ قوت))۔,"अल्लाह के सिवा कोई सच्चा माबूद नहीं और अल्लाह सबसे बड़ा है, अल्लाह के सिवा कोई सच्चा माबूद नहीं, वह अकेला है, अल्लाह के सिवा कोई सच्चा माबूद नहीं, उसका कोई शरीक नहीं, अल्लाह के सिवा कोई सच्चा माबूद नहीं, उसी की बादशाहत है और उसी की तारीफ़ है, अल्लाह के सिवा कोई सच्चा माबूद नहीं और अल्लाह के सिवा कोई ताक़त और कोई ज़ोर नहीं।",1,https://audio.opendua.org/hisn/v0.0.2/OD-152.mp3
52-01,52,1,What to encourage the dying person to say,محتضر کی تلقین,What to encourage the dying person to say,((مَنْ كَانَ آخِرُ كَلاَمِهِ لاَ إِلَهَ إِلاَّ اللَّهُ دَخَلَ الْجَنَّةَ)).,Lā ilāha illā llāh,i.e. those around the sick should instruct and encourage him to say the shahadah. (He whose last words are: (None has the right to be worshipped except Allah.) will enter Paradise.),((جس کا آخری کلام لا الہ الا اللہ ہو وہ جنت میں داخل ہو گا))۔,"मरणासन्न व्यक्ति के पास मौजूद लोग उसे कलिमा शहादत कहने की तलक़ीन करें, क्योंकि जिसके आख़िरी बोल ला इलाहा इल्लल्लाह (अल्लाह के सिवा कोई सच्चा माबूद नहीं) हों, वह जन्नत में दाख़िल होगा।",1,https://audio.opendua.org/hisn/v0.0.2/OD-153.mp3
53-01,53,1,Invocation when tragedy strikes,مصیبت میں مبتلا شخص کی دعا,Invocation when tragedy strikes,((إِنَّا لِلَّهِ وَإِنَّا إِلَيْهِ رَاجِعُونَ، اللَّهُمَّ أْجُرْنِي فِي مُصِيبَتِي، وَأَخْلِفْ لِي خَيْرَاً مِنْهَا)).,"Innā li-llāhi wa innā ilayhi rājiʿūna, allāhumma jurnī fī muṣībatī, wa akhlif lī khayrā minhā","(To Allah we belong and unto Him is our return.O Allah, recompense me for my affliction and replace it for me with something better.)",((بیشک ہم اللہ ہی کے ہیں اور اسی کی طرف لوٹنے والے ہیں، اے اللہ! میری مصیبت میں مجھے اجر عطا فرما، اور مجھے اس سے بہتر بدلہ دے))۔,"बेशक हम अल्लाह के हैं और बेशक हम उसी की तरफ़ लौटने वाले हैं, ऐ अल्लाह! मेरी मुसीबत में मुझे अज्र दे, और मुझे इससे बेहतर बदल दे।",1,https://audio.opendua.org/hisn/v0.0.2/OD-154.mp3
54-01,54,1,Invocation for closing the eyes of the dead,میت کی آنکھیں بند کرتے وقت کی دعا,Invocation for closing the eyes of the dead,((اللَّهُمَّ اغْفِرْ لِفُلاَنٍ (بِاسْمِهِ) وَارْفَعْ دَرَجَتَهُ فِي الْمَهْدِيِّينَ، وَاخْلُفْهُ فِي عَقِبِهِ فِي الْغَابِرِينَ، وَاغْفِرْ لَنَا وَلَهُ يَا رَبَّ الْعَالَمِينَ، وَافْسَحْ لَهُ فِي قَبْرِهِ، وَنَوِّرْ لَهُ فِيهِ)).,"Allāhumma ighfir li-{{deceasedName}} wa irfaʿ darajatahu fī l-mahdiyyīna, wa ikhlufhu fī ʿaqibihi fī l-ghābirīna, wa ighfir lanā walahu yā rabba l-ʿālamīna, wa ifsaḥ lahu fī qabrihi, wa nawwir lahu fīh","(O Allah, forgive -here the name of the deceased is mentioned- and raise his rank among the rightly guided, and be a successor to whom he has left behind, and forgive us and him O Lord of the worlds. Make spacious his grave and illuminate it for him.)(A successor: one who succeeds another due to the latter’s absence or death. This is the correct meaning of the word khaleefah; thus, it is incorrect to believe that Adam is the khaleefah (vicegerent, as is commonly translated) of Allah on earth because Allah is never absent, and will never die. This supplication proves the correct understanding of this term and shows that Allah succeeds us and guards whom we leave behind when we die or are absent (also refer to supplication #198).)",((اے اللہ! فلاں (اس کا نام لے) کو بخش دے، اور ہدایت یافتہ لوگوں میں اس کا درجہ بلند فرما، اور پیچھے رہ جانے والوں میں اس کی اولاد کا نگہبان بن جا، اور ہمیں اور اسے بخش دے، اے تمام جہانوں کے رب! اور اس کی قبر کشادہ فرما، اور اس میں اس کے لیے نور پیدا فرما))۔,"ऐ अल्लाह! फ़लाँ (नाम लेकर) को बख़्श दे, और हिदायत पाने वालों में उसका दर्जा बुलंद कर, और उसके पीछे रहने वालों में उसका जानशीन बन, ऐ सारे जहानों के रब! हमें और उसे बख़्श दे, और उसकी क़ब्र को कुशादा कर दे, और उसमें उसके लिए रोशनी कर दे।",1,https://audio.opendua.org/hisn/v0.0.2/OD-155.mp3
55-01,55,1,Invocations for the dead in the Funeral prayer,نمازِ جنازہ میں میت کے لیے دعا,Invocations for the dead in the Funeral prayer,((اللَّهُمَّ اغْفِرْ لَهُ وَارْحَمْهُ، وَعَافِهِ، وَاعْفُ عَنْهُ، وَأَكْرِمْ نُزُلَهُ، وَوَسِّعْ مُدْخَلَهُ، وَاغْسِلْهُ بِالْمَاءِ وَالثَّلْجِ وَالْبَرَدِ، وَنَقِّهِ مِنَ الْخَطَايَا كَمَا نَقَّيْتَ الثَّوْبَ الأَبْيَضَ مِنَ الدَّنَسِ، وَأَبْدِلْهُ دَاراً خَيْراً مِنْ دَارِهِ، وَأَهْلاً خَيْراً مِنْ أَهْلِهِ، وَزَوْجَاً خَيْراً مِنْ زَوْجِهِ، وَأَدْخِلْهُ الْجَنَّةَ، وَأَعِذْهُ مِنْ عَذَابِ القَبْرِ [وَعَذَابِ النَّارِ])).,"Allāhumma ighfir lahu wa irḥamhu, wa ʿāfihi, wa iʿfu ʿanhu, wa akrim nuzulahu, wa wassiʿ mudkhalahu, wa ighsilhu bi-l-māʾi wa ath-thalji wa-l-baradi, wa naqqihi mina l-khaṭāyā kamā naqqayta ath-thawba l-ʾabyaḍa mina ad-danasi, wa abdilhu dāran khayran min dārihi, wa ahlan khayran min ahlihi, wa zawjā khayran min zawjihi, wa adkhilhu l-jannata, wa aʿidhhu min ʿadhābi l-qabri wa ʿadhābi an-nār","(O Allah, forgive and have mercy upon him, excuse him and pardon him, and make honourable his reception. Expand his entry, and cleanse him with water, snow, and ice, and purify him of sin as a white robe is purified of filth. Exchange his home for a better home, and his family for a better family, and his spouse for a better spouse. Admit him into the Garden, protect him from the punishment of the grave and the torment of the Fire.)",((اے اللہ! اسے بخش دے اور اس پر رحم فرما، اور اسے عافیت دے اور اس سے درگزر فرما، اور اس کی مہمان نوازی عزت والی بنا، اور اس کے داخلے کی جگہ کشادہ فرما، اور اسے پانی، برف اور اولوں سے دھو دے، اور اسے گناہوں سے اس طرح صاف کر دے جیسے سفید کپڑا میل سے صاف کیا جاتا ہے، اور اسے اس کے گھر سے بہتر گھر عطا فرما، اور اس کے گھر والوں سے بہتر گھر والے عطا فرما، اور اس کی بیوی سے بہتر بیوی عطا فرما، اور اسے جنت میں داخل فرما، اور اسے قبر کے عذاب [اور آگ کے عذاب] سے بچا))۔,"ऐ अल्लाह! इसे बख़्श दे और इस पर रहम कर, इसे आफ़ियत दे और इसे माफ़ कर दे, इसकी मेहमाननवाज़ी इज़्ज़त वाली बना, इसकी जगह कुशादा कर, इसे पानी, बर्फ़ और ओले से धो, और इसे गुनाहों से इस तरह साफ़ कर जैसे सफ़ेद कपड़ा मैल से साफ़ किया जाता है, और इसे इसके घर से बेहतर घर, इसके घरवालों से बेहतर घरवाले, और इसके जीवनसाथी से बेहतर जीवनसाथी दे, और इसे जन्नत में दाख़िल कर, और इसे क़ब्र के अज़ाब [और आग के अज़ाब] से बचा।",1,https://audio.opendua.org/hisn/v0.0.2/OD-156.mp3
55-02,55,2,Invocations for the dead in the Funeral prayer,نمازِ جنازہ میں میت کے لیے دعا,Invocations for the dead in the Funeral prayer,((اللَّهُمَّ اغْفِرْ لِحَيِّنَا وَمَيِّتِنَا، وَشَاهِدِنَا وَغَائِبِنَا، وَصَغِيرِنَا وَكَبيرِنَا، وَذَكَرِنَا وَأُنْثَانَا. اللَّهُمَّ مَنْ أَحْيَيْتَهُ مِنَّا فَأَحْيِهِ عَلَى الْإِسْلاَمِ، وَمَنْ تَوَفَّيْتَهُ مِنَّا فَتَوَفَّهُ عَلَى الإِيمَانِ، اللَّهُمَّ لاَ تَحْرِمْنَا أَجْرَهُ، وَلاَ تُضِلَّنَا بَعْدَهُ)).,"Allāhumma ighfir li-ḥayyinā wa mayyitinā, wa shāhidinā wa ghāʾibinā, wa ṣaghīrinā wa ka-byrinā, wa dhakarinā wa unthānā. allāhumma man aḥyaytahu minnā fa aḥyihi ʿalā l-ʾislāmi, waman tawaffaytahu minnā fa tawaffahu ʿalā l-ʾīmāni, allāhumma lā taḥrimnā ajrahu, walā tuḍillanā baʿdah","(O Allah, forgive our living and our dead, those present and those absent, our young and our old, our males and our females. O Allah, whom amongst us You keep alive, then let such a life be upon Islam, and whom amongst us You take unto Yourself, then let such a death be upon faith. O Allah, do not deprive us of his reward and do not let us stray after him.)",((اے اللہ! ہمارے زندہ اور مردہ کو، ہمارے حاضر اور غائب کو، ہمارے چھوٹے اور بڑے کو، ہمارے مرد اور عورت کو بخش دے۔ اے اللہ! ہم میں سے جسے تو زندہ رکھے اسے اسلام پر زندہ رکھ، اور جسے تو وفات دے اسے ایمان پر وفات دے۔ اے اللہ! ہمیں اس کے اجر سے محروم نہ کر، اور اس کے بعد ہمیں گمراہ نہ کر))۔,"ऐ अल्लाह! हमारे जीवित और हमारे मृत को, हमारे मौजूद और हमारे ग़ैरमौजूद को, हमारे छोटे और हमारे बड़े को, हमारे मर्द और हमारी औरत को बख़्श दे। ऐ अल्लाह! हम में से जिसे तू ज़िंदा रखे उसे इस्लाम पर ज़िंदा रख, और जिसे तू फ़ौत करे उसे ईमान पर फ़ौत कर, ऐ अल्लाह! हमें इसके अज्र से महरूम न कर, और इसके बाद हमें गुमराह न कर।",1,https://audio.opendua.org/hisn/v0.0.2/OD-157.mp3
55-03,55,3,Invocations for the dead in the Funeral prayer,نمازِ جنازہ میں میت کے لیے دعا,Invocations for the dead in the Funeral prayer,((اللَّهُمَّ إِنَّ فُلاَنَ بْنَ فُلاَنٍ فِي ذِمَّتِكَ، وَحَبْلِ جِوَارِكَ، فَقِهِ مِنْ فِتْنَةِ الْقَبْرِ، وَعَذَابِ النَّارِ، وَأَنْتَ أَهْلُ الْوَفَاءِ وَالْحَقِّ، فَاغْفِرْ لَهُ وَارْحَمْهُ إِنَّكَ أَنْتَ الغَفُورُ الرَّحيمُ)).,"Allāhumma inna fulāna bna fulānin fī dhimmatika, wa ḥabli jiwārika, faqihi min fitnati l-qabri, wa ʿadhābi an-nāri, wa anta ahlu l-wafāʾi wa-l-ḥaqqi, fa ighfir lahu wa irḥamhu innaka anta l-ghafūru ar-raḥīm","(O Allah, so-and-so is under Your care and protection so protect him from the trial of the grave and torment of the Fire. Indeed You are faithful and truthful. Forgive and have mercy upon him, surely You are The Oft-Forgiving, The Most-Merciful.)",((اے اللہ! فلاں بن فلاں تیری ذمہ داری اور تیری پناہ کی رسی میں ہے، تو اسے قبر کے فتنے اور آگ کے عذاب سے بچا، اور تو ہی وفا اور حق کا اہل ہے، پس اسے بخش دے اور اس پر رحم فرما، بیشک تو ہی بہت بخشنے والا، نہایت رحم کرنے والا ہے))۔,"ऐ अल्लाह! बेशक फ़लाँ बिन फ़लाँ तेरी ज़िम्मेदारी और तेरी पनाह की रस्सी में है, तो इसे क़ब्र के फ़ितने और आग के अज़ाब से बचा, तू ही वफ़ा और हक़ का मालिक है, तो इसे बख़्श दे और इस पर रहम कर, बेशक तू ही बहुत बख़्शने वाला, बहुत रहम करने वाला है।",1,https://audio.opendua.org/hisn/v0.0.2/OD-158.mp3
55-04,55,4,Invocations for the dead in the Funeral prayer,نمازِ جنازہ میں میت کے لیے دعا,Invocations for the dead in the Funeral prayer,((اللَّهُمَّ عَبْدُكَ وَابْنُ أَمَتِكَ احْتَاجَ إِلَى رَحْمَتِكَ، وَأَنْتَ غَنِيٌّ عَنْ عَذَابِهِ، إِنْ كَانَ مُحْسِناً فَزِدْ فِي حَسَنَاتِهِ، وَإِنْ كَانَ مُسِيئاً فَتَجَاوَزْ عَنْهُ)).,"Allāhumma ʿabduka wa ibnu amatika iḥtāja ilā raḥmatika, wa anta ghaniyyun ʿan ʿadhābihi, in kāna muḥsinan fazid fī ḥasanātihi, waʾin kāna musīʾan fa tajāwaz ʿanh","(O Allah, Your servant and the son of Your maidservant is in need of Your mercy and You are without need of his punishment. If he was righteous then increase his reward and if he was wicked then look over his sins.)",((اے اللہ! تیرا بندہ اور تیری بندی کا بیٹا تیری رحمت کا محتاج ہے، اور تو اسے عذاب دینے سے بے نیاز ہے، اگر وہ نیک تھا تو اس کی نیکیوں میں اضافہ فرما، اور اگر وہ برا تھا تو اس سے درگزر فرما))۔,"ऐ अल्लाह! तेरा बंदा और तेरी बांदी का बेटा तेरी रहमत का मुहताज है, और तू इसके अज़ाब से बेनियाज़ है, अगर यह नेक था तो इसकी नेकियाँ बढ़ा दे, और अगर यह बुरा था तो इसे माफ़ कर दे।",1,https://audio.opendua.org/hisn/v0.0.2/OD-159.mp3
56-01,56,1,Invocations for a child in the Funeral prayer,بچے کے جنازے میں دعا,Invocations for a child in the Funeral prayer,((اللَّهُمَّ أَعِذْهُ مِنْ عَذَابِ القَبْرِ)) وإن قال: ((اللَّهُمَّ اجْعَلْهُ فَرَطاً وَذُخْراً لِوَالِدَيْهِ، وَشَفِيعاً مُجَاباً، اللَّهُمَّ ثَقِّلْ بِهِ مَوَازِينَهُمَا، وَأَعْظِمْ بِهِ أُجورَهُمَا، وَأَلْحِقْهُ بِصَالِحِ الْمُؤْمِنِينَ، وَاجْعَلْهُ فِي كَفَالَةِ إِبْرَاهِيمَ، وَقِهِ بِرَحْمَتِكَ عَذَابَ الْجَحِيمِ، وَأَبْدِلْهُ دَاراً خَيْراً مِنْ دَارِهِ، وَأَهْلاً خَيْراً مِنْ أَهْلِهِ، اللَّهُمَّ اغْفِرْ لِأَسْلاَفِنَا، وَأَفْرَاطِنَا، وَمَنْ سَبَقَنَا بِالْإِيمَانِ)) إن قال ذلك فَحَسَنٌ.,"Allāhumma aʿidhhu min ʿadhābi l-qabr
Allāhumma ijʿalhu fa raṭan wa dhukhran li-wa ad-dayhi, wa shafīʿan mujāban, allāhumma thaqqil bihi mawāzīnahumā, wa aʿẓim bihi ujwrahumā, wa alḥiqhu bi-ṣāliḥi l-muʾminīna, wa ijʿalhu fī ka-fa-l-ti ibrāhīma, waqihi bi-raḥmatika ʿadhāba l-jaḥīmi, wa abdilhu dāran khayran min dārihi, wa ahlan khayran min ahlihi, allāhumma ighfir li-aslāfinā, wa afrāṭinā, waman sabaqanā bi-l-ʾīmān","O Allah, protect him from the torment of the grave . [it is also good to say] O Allah, make him a precursor, a forerunner and a treasure for his parents and an answered intercessor. O Allah, make him weigh heavily in their scales (of good) and magnify their reward. Make him join the righteous of the believers. Place him in the care of Ibrahim. Save him by Your mercy from the torment of Hell. Give him a home better than his home and a family better than his family. O Allah, forgive those who have gone (i.e. passed away) before us, our children lost (by death), and those who have preceded us in Faith.",((اے اللہ! اسے قبر کے عذاب سے بچا)) اور اگر یہ بھی کہے: ((اے اللہ! اسے اس کے والدین کے لیے آگے بھیجا ہوا اور ذخیرہ بنا، اور مقبول سفارشی بنا، اے اللہ! اس کے ذریعے ان دونوں کے میزان بھاری فرما، اور ان کا اجر بڑا فرما، اور اسے نیک مومنوں کے ساتھ ملا دے، اور اسے ابراہیم علیہ السلام کی کفالت میں رکھ، اور اپنی رحمت سے اسے جہنم کے عذاب سے بچا، اور اسے اس کے گھر سے بہتر گھر اور اس کے گھر والوں سے بہتر گھر والے عطا فرما، اے اللہ! ہمارے پہلے گزرے ہوئے لوگوں کو، ہمارے آگے چلے جانے والے بچوں کو، اور جو ایمان میں ہم سے آگے بڑھ گئے انہیں بخش دے)) تو یہ بھی اچھا ہے۔,"ऐ अल्लाह! इसे क़ब्र के अज़ाब से बचा — और अगर चाहे तो यह भी कहे: ऐ अल्लाह! इसे इसके माँ-बाप के लिए आगे भेजा हुआ, ज़ख़ीरा और मक़बूल सिफ़ारिशी बना दे, ऐ अल्लाह! इसके ज़रिए उनके नेकियों के पलड़े भारी कर, और उनके अज्र को बड़ा कर, और इसे नेक मोमिनों में शामिल कर, और इसे इब्राहीम अलैहिस्सलाम की परवरिश में रख, और अपनी रहमत से इसे जहन्नम के अज़ाब से बचा, और इसे इसके घर से बेहतर घर और इसके घरवालों से बेहतर घरवाले दे, ऐ अल्लाह! हमारे पहले गुज़रे हुओं को, हमारे बच्चों को जो हमसे पहले गए, और जो ईमान में हमसे आगे निकले उन सबको बख़्श दे — अगर यह कहे तो अच्छा है।",1,https://audio.opendua.org/hisn/v0.0.2/OD-160-1.mp3
56-02,56,2,Invocations for a child in the Funeral prayer,بچے کے جنازے میں دعا,Invocations for a child in the Funeral prayer,((اللَّهُمَّ اجْعَلْهُ لَنَا فَرَطاً، وَسَلَفاً، وَأَجْراً)).,"Allāhumma ijʿalhu lanā fa raṭan, wa salafan, wa ajrā","(O Allah, make him for us a precursor,a forerunner and a cause of reward)",((اے اللہ! اسے ہمارے لیے آگے بھیجا ہوا، پیش خیمہ اور اجر بنا))۔,"ऐ अल्लाह! इसे हमारे लिए आगे भेजा हुआ, ज़ख़ीरा और अज्र बना दे।",1,https://audio.opendua.org/hisn/v0.0.2/OD-161.mp3
57-01,57,1,Invocation for the bereaved,تعزیت کی دعا,Invocation for the bereaved,((إِنَّ للَّهِ مَا أَخَذَ، وَلَهُ مَا أَعْطَى، وَكُلُّ شَيْءٍ عِنْدَهُ بِأَجَلٍ مُسَمَّى... فَلْتَصْبِرْ وَلْتَحْتَسِبْ)). وَإِنْ قَالَ: ((أَعْظَمَ اللَّهُ أَجْرَكَ، وَأَحْسَنَ عَزَاءَكَ، وَغَفَرَ لِمَيِّتِكَ)) فَحَسَنٌ.,"Inna li-llāhi mā akhadha, walahu mā aʿṭā, wakullu shayʾin ʿindahu bi-ajalin musammā... faltaṣbir waltaḥtasib
Aʿẓama llāhu ajraka, wa aḥsana ʿazāʾaka, wa ghafara li-mayyitik","(Verily to Allah, belongs what He took and to Him belongs what He gave, and everything with Him has an appointed time…and then he ordered for her to be patient and hope for Allah’s reward.)(The words (faltasbir waltahtasib) are commands in the feminine 3rd person form, so they will need to be changed in respect to whom is being addressed.)",((بیشک اللہ ہی کا ہے جو اس نے لیا اور اسی کا ہے جو اس نے دیا، اور ہر چیز اس کے پاس ایک مقررہ مدت تک ہے... پس وہ صبر کرے اور ثواب کی امید رکھے))۔ اور اگر یہ بھی کہے: ((اللہ تیرا اجر بڑا کرے، اور تیرے غم کو بہتر بنائے، اور تیرے میت کو بخش دے)) تو یہ بھی اچھا ہے۔,"जो अल्लाह ने लिया वह उसी का है, और जो उसने दिया वह भी उसी का है, और हर चीज़ का उसके पास एक मुक़र्रर वक़्त है... तो सब्र करे और सवाब की उम्मीद रखे। और अगर यह भी कहे: अल्लाह तेरा अज्र बड़ा करे, तेरी तसल्ली अच्छी करे, और तेरे मय्यित को बख़्श दे — तो यह भी अच्छा है।",1,https://audio.opendua.org/hisn/v0.0.2/OD-162-1.mp3
58-01,58,1,Invocation to be recited when placing the dead in his grave,میت کو قبر میں اتارتے وقت کی دعا,Invocation to be recited when placing the dead in his grave,((بِسْمِ اللَّهِ وَعَلَى سُنَّةِ رَسُولِ اللَّهِ)).,Bismi llāhi wa ʿalā sunnati rasūli llāh,(In the name of Allah and upon the sunnah of the Messenger of Allah.),اللہ کے نام سے اور رسول اللہ ﷺ کی سنت پر۔,अल्लाह के नाम से और रसूलुल्लाह ﷺ की सुन्नत पर।,1,https://audio.opendua.org/hisn/v0.0.2/OD-163.mp3
59-01,59,1,Invocation to be recited after burying the dead,میت کو دفن کرنے کے بعد کی دعا,Invocation to be recited after burying the dead,((اللَّهُمَّ اغْفِرْ لَهُ، اللَّهُمَّ ثَبِّتْهُ)).,"Allāhumma ighfir lahu, allāhumma thabbith","O Allah, forgive him. O Allah, strengthen him",اے اللہ! اسے بخش دے، اے اللہ! اسے ثابت قدم رکھ۔,"ऐ अल्लाह! इसे बख़्श दे, ऐ अल्लाह! इसे साबित क़दम रख।",1,https://audio.opendua.org/hisn/v0.0.2/OD-164.mp3
60-01,60,1,Invocation for visiting the graves,قبرستان کی زیارت کی دعا,Invocation for visiting the graves,((السَّلاَمُ عَلَيْكُمْ أَهْلَ الدِّيَارِ، مِنَ الْمُؤْمِنِينَ وَالْمُسْلِمِينَ، وَإِنَّا إِنْ شَاءَ اللَّهُ بِكُمْ لاَحِقُونَ، [وَيَرْحَمُ اللَّهُ الْمُسْتَقدِمِينَ مِنَّا وَالْمُسْتأْخِرِينَ] أَسْاَلُ اللَّهَ لَنَا وَلَكُمُ الْعَافِيَةَ)).,"As-salāmu ʿalaykum ahla ad-diyāri, mina l-muʾminīna wa-l-muslimīna, wa innā in shāʾa llāhu bikum lāḥiqūna, wa yarḥamu llāhu l-mustaqdimīna minnā wa-l-mustʾkhirīna asʾalu llāha lanā wa lakumu l-ʿāfiyah","(Peace be upon you all, O inhabitants of the graves, amongst the believers and the Muslims. Verily we will, Allah willing, be united with you, we ask Allah for well-being for us and you.)",تم پر سلام ہو، اے قبر والو، مومنو اور مسلمانو، اور بے شک ہم بھی، اگر اللہ نے چاہا، تم سے آ ملنے والے ہیں، [اللہ ہم میں سے جو آگے گئے اور جو پیچھے رہ گئے، سب پر رحم فرمائے] میں اللہ سے اپنے اور تمہارے لیے عافیت مانگتا ہوں۔,"तुम पर सलाम हो, ऐ क़ब्रवालो, मोमिनो और मुसलमानो, और बेशक हम भी, अगर अल्लाह ने चाहा, तुमसे आ मिलने वाले हैं, [अल्लाह हम में से जो आगे गए और जो पीछे रह गए, सब पर रहम करे] मैं अल्लाह से अपने और तुम्हारे लिए आफ़ियत माँगता हूँ।",1,https://audio.opendua.org/hisn/v0.0.2/OD-165.mp3
61-01,61,1,Invocations for when the wind blows,ہوا چلنے پر کی دعا,Invocations for when the wind blows,((اللَّهُمَّ إِنِّي أَسْــــــأَلُكَ خَيْرَهَا، وَأَعُوذُ بِكَ مِنْ شَرِّهَا)).,"Allāhumma innī asʾaluka khayrahā, wa aʿūdhu bika min sharrihā","(O Allah, I ask You for it’s goodness and I take refuge with You from it’s evil.)",اے اللہ! میں تجھ سے اس کی بھلائی مانگتا ہوں اور اس کی برائی سے تیری پناہ مانگتا ہوں۔,ऐ अल्लाह! मैं तुझसे इसकी भलाई माँगता हूँ और इसकी बुराई से तेरी पनाह माँगता हूँ।,1,https://audio.opendua.org/hisn/v0.0.2/OD-166.mp3
61-02,61,2,Invocations for when the wind blows,ہوا چلنے پر کی دعا,Invocations for when the wind blows,((اللَّهُمَّ إِنِّي أَسْأَلُكَ خَيْرَهَا، وَخَيْرَ مَا فِيهَا، وَخَيْرَ مَا أُرْسِلَتْ بِهِ، وَأَعُوذُ بِكَ مِنْ شَرِّهَا، وَشَرِّ مَا فِيهَا، وَشَرِّ مَا أُرْسِلَتْ بِهِ)).,"Allāhumma innī asʾaluka khayrahā, wa khayra mā fīhā, wa khayra mā ursilat bihi, wa aʿūdhu bika min sharrihā, washarri mā fīhā, washarri mā ursilat bih","(O Allah, I ask You for it’s goodness, the good within it, and the good it was sent with, and I take refuge with You from it’s evil, the evil within it, and from the evil it was sent with.)",اے اللہ! میں تجھ سے اس کی بھلائی، اس میں موجود بھلائی اور جس چیز کے ساتھ یہ بھیجی گئی ہے اس کی بھلائی مانگتا ہوں، اور اس کی برائی، اس میں موجود برائی اور جس چیز کے ساتھ یہ بھیجی گئی ہے اس کی برائی سے تیری پناہ مانگتا ہوں۔,"ऐ अल्लाह! मैं तुझसे इसकी भलाई, इसमें मौजूद भलाई और जिस चीज़ के साथ यह भेजी गई है उसकी भलाई माँगता हूँ, और इसकी बुराई, इसमें मौजूद बुराई और जिस चीज़ के साथ यह भेजी गई है उसकी बुराई से तेरी पनाह माँगता हूँ।",1,https://audio.opendua.org/hisn/v0.0.2/OD-167.mp3
62-01,62,1,Invocation for when it thunders,گرج سننے پر دعا,Invocation for when it thunders,((سُبْحَانَ الَّذِي يُسَبِّحُ الرَّعْدُ بِحَمْدِهِ وَالْمَلاَئِكةُ مِنْ خِيفَتِهِ)).,Subḥāna alladhī yusabbiḥu ar-raʿdu bi-ḥamdihi wa-l-malāʾiktu min khīfatih,"(How perfect He is, (The One) Whom the thunder declares His perfection with His praise, as do the angles out of fear of Him.)",پاک ہے وہ ذات جس کی تسبیح گرج اس کی تعریف کے ساتھ کرتی ہے، اور فرشتے بھی اس کے خوف سے اس کی تسبیح کرتے ہیں۔,"पाक है वह ज़ात जिसकी तसबीह गरज उसकी तारीफ़ के साथ करती है, और फ़रिश्ते भी उसके डर से उसकी तसबीह करते हैं।",1,https://audio.opendua.org/hisn/v0.0.2/OD-168.mp3
63-01,63,1,Some invocations for rain,بارش مانگنے کی کچھ دعائیں,Some invocations for rain,((اللَّهُمَّ اسْقِنَا غَيْثاً مُغِيثاً مَرِيئاً مَرِيعاً، نَافِعاً غَيْرَ ضَارٍّ، عَاجِلاً غَيْرَ آجِلٍ)).,"Allāhumma isqinā ghaythan mughīthan marīʾan marīʿan, nāfiʿan ghayra ḍārrin, ʿājilan ghayra ājil","(O Allah, send upon us helpful, wholesome and healthy rain, beneficial not harmful rain, now, not later.)",اے اللہ! ہمیں ایسی بارش عطا فرما جو فریاد رسی ہو، خوشگوار ہو، ہریالی بڑھانے والی ہو، فائدہ مند ہو نقصان دہ نہ ہو، اور جلد ہو دیر سے نہ ہو۔,"ऐ अल्लाह! हमें ऐसी बारिश अता कर जो फ़रियादरसी हो, ख़ुशगवार हो, हरियाली बढ़ाने वाली हो, फ़ायदेमंद हो नुक़सानदेह न हो, और जल्द हो देर से न हो।",1,https://audio.opendua.org/hisn/v0.0.2/OD-169.mp3
63-02,63,2,Some invocations for rain,بارش مانگنے کی کچھ دعائیں,Some invocations for rain,((اللَّهُمَّ أَغِثْنَا، اللَّهُمَّ أَغِثْنَا، اللَّهُمَّ أَغِثْنَا)).,"Allāhumma aghithnā, allāhumma aghithnā, allāhumma aghithnā","(O Allah, relieve us, O Allah, relieve us, O Allah, relieve us.)",اے اللہ! ہمیں بارش دے، اے اللہ! ہمیں بارش دے، اے اللہ! ہمیں بارش دے۔,"ऐ अल्लाह! हमें बारिश दे, ऐ अल्लाह! हमें बारिश दे, ऐ अल्लाह! हमें बारिश दे।",1,https://audio.opendua.org/hisn/v0.0.2/OD-170.mp3
63-03,63,3,Some invocations for rain,بارش مانگنے کی کچھ دعائیں,Some invocations for rain,((اللَّهُمَّ اسْقِ عِبَادَكَ، وَبَهَائِمَكَ، وَانْشُرْ رَحْمَتَكَ، وَأَحْيِي بَلَدَكَ الْمَيِّتَ)).,"Allāhumma isqi ʿibādaka, wa bahāʾimaka, wa inshur raḥmataka, wa aḥyī baladaka l-mayyit","(O Allah, provide water for Your servants and Your cattle, spread out Your mercy and resurrect Your dead land.)",اے اللہ! اپنے بندوں اور اپنے جانوروں کو سیراب فرما، اپنی رحمت پھیلا دے، اور اپنی مردہ زمین کو زندہ کر دے۔,"ऐ अल्लाह! अपने बंदों और अपने जानवरों को सैराब कर, अपनी रहमत फैला दे, और अपनी मुर्दा ज़मीन को ज़िंदा कर दे।",1,https://audio.opendua.org/hisn/v0.0.2/OD-171.mp3
64-01,64,1,Invocation for when it rains,بارش ہونے پر دعا,Invocation for when it rains,((اللَّهُمَّ صَيِّباً نَافِعاً)).,Allāhumma ṣayyiban nāfiʿā,"(O Allah, may it be a beneficial rain cloud.)",اے اللہ! اسے فائدہ مند بارش بنا دے۔,ऐ अल्लाह! इसे फ़ायदेमंद बरसात बना दे।,1,https://audio.opendua.org/hisn/v0.0.2/OD-172.mp3
65-01,65,1,Supplication after it rains,بارش کے بعد کا ذکر,Supplication after it rains,((مُطِرْنَا بِفَضْلِ اللَّهِ وَرَحْمَتِهِ)).,Muṭirnā bi-faḍli llāhi wa raḥmatih,(We have been given rain by the grace and mercy of Allah.),ہم پر اللہ کے فضل اور اس کی رحمت سے بارش ہوئی۔,हम पर अल्लाह के फ़ज़ल और उसकी रहमत से बारिश हुई।,1,https://audio.opendua.org/hisn/v0.0.2/OD-173.mp3
66-01,66,1,Invocation for the withholding of the rain,بارش رک جانے کی دعا,Invocation for the withholding of the rain,((اللَّهُمَّ حَوَالَيْنَا وَلاَ عَلَيْنَا، اللَّهُمَّ عَلَى الآكَامِ وَالظِّرَابِ، وَبُطُونِ الْأَوْدِيَةِ، وَمَنَابِتِ الشَّجَرِ)).,"Allāhumma ḥawālaynā walā ʿalaynā, allāhumma ʿalā l-ʾākāmi wa aẓ-ẓirābi, wa buṭūni l-ʾawdiyati, wa manābiti ash-shajar","(O Allah, let the rain fall around us and not upon us, O Allah, (let it fall) on the pastures, hills, valleys and the roots of trees.)",اے اللہ! بارش ہمارے اردگرد برسا، ہم پر نہیں، اے اللہ! ٹیلوں، پہاڑیوں، وادیوں اور درختوں کی جڑوں پر برسا۔,"ऐ अल्लाह! बारिश हमारे इर्द-गिर्द बरसा, हम पर नहीं, ऐ अल्लाह! टीलों, पहाड़ियों, वादियों और पेड़ों की जड़ों पर बरसा।",1,https://audio.opendua.org/hisn/v0.0.2/OD-174.mp3
67-01,67,1,Invocation for sighting the new moon,نیا چاند دیکھنے کی دعا,Invocation for sighting the new moon,((اللَّهُ أَكْبَرُ، اللَّهُمَّ أَهِلَّهُ عَلَيْنَا بِالْأَمْنِ وَالْإِيمَانِ، وَالسَّلاَمَةِ وَالْإِسْلاَمِ، وَالتَّوْفِيقِ لِمَا تُحِبُّ رَبَّنَا وَتَرْضَى، رَبُّنَا وَرَبُّكَ اللَّهُ)).,"Allāhu akbaru, allāhumma ahillahu ʿalaynā bi-l-ʾamni wa-l-ʾīmāni, wa as-salāmati wa-l-ʾislāmi, wa at-tawfīqi limā tuḥibbu rabbanā wa tarḍā, rabbunā wa rabbuka llāh","(Allah is the greatest. O Allah, let the crescent loom above us in safety, faith, peace, and Islam, and in agreement with all that You love and pleases You. Our Lord and your Lord is Allah.)",اللہ سب سے بڑا ہے۔ اے اللہ! اس چاند کو ہم پر امن، ایمان، سلامتی اور اسلام کے ساتھ طلوع فرما، اور اس کام کی توفیق کے ساتھ جسے تو پسند کرتا ہے اور جس سے تو راضی ہوتا ہے۔ ہمارا اور تیرا رب اللہ ہے۔,"अल्लाह सबसे बड़ा है। ऐ अल्लाह! इस चाँद को हम पर अमन, ईमान, सलामती और इस्लाम के साथ तुलू कर, और उस काम की तौफ़ीक़ के साथ जिसे तू पसंद करता है और जिससे तू राज़ी होता है। हमारा और तेरा रब अल्लाह है।",1,https://audio.opendua.org/hisn/v0.0.2/OD-175.mp3
68-01,68,1,Invocations for breaking the fast,روزہ افطار کرتے وقت کی دعا,Invocations for breaking the fast,((ذَهَبَ الظَّمَأُ وَابْتَلَّتِ العُرُوقُ، وَثَبَتَ الْأَجْرُ إِنْ شَاءَ اللَّهُ)).,"Dhahaba aẓ-ẓamaʾu wa ibtallati l-ʿurūqu, wa thabata l-ʾajru in shāʾa llāh","(The thirst has gone and the veins are quenched, and reward is confirmed, if Allah wills.)",پیاس بجھ گئی، رگیں تر ہو گئیں، اور اللہ نے چاہا تو اجر پکا ہو گیا۔,"प्यास बुझ गई, रगें तर हो गईं, और अल्लाह ने चाहा तो अज्र पक्का हो गया।",1,https://audio.opendua.org/hisn/v0.0.2/OD-176.mp3
68-02,68,2,Invocations for breaking the fast,روزہ افطار کرتے وقت کی دعا,Invocations for breaking the fast,((اللَّهُمَّ إِنِّي أَسْأَلُكَ بِرَحْمَتِكَ الَّتِي وَسِعَتْ كُلَّ شَيْءٍ أَنْ تَغْفِرَ لِي)).,Allāhumma innī asʾaluka bi-raḥmatika allatī wa siʿat kulla shayʾin an taghfira lī,"(O Allah, I ask You by Your mercy which envelopes all things, that You forgive me.)",اے اللہ! میں تجھ سے تیری اس رحمت کے واسطے سوال کرتا ہوں جو ہر چیز کو سمیٹے ہوئے ہے، کہ تو مجھے بخش دے۔,"ऐ अल्लाह! मैं तुझसे तेरी उस रहमत के वास्ते सवाल करता हूँ जो हर चीज़ को समेटे हुए है, कि तू मुझे बख़्श दे।",1,https://audio.opendua.org/hisn/v0.0.2/OD-177.mp3
69-01,69,1,Invocations before eating,کھانے سے پہلے کی دعا,Invocations before eating,((إِذَا أَكَلَ أَحَدُكُمْ طَعَاماً فَلْيَقُلْ بِسْمِ اللَّهِ، فَإِنْ نَسِيَ فِي أَوَّلِهِ فَلْيَقُلْ بسمِ اللَّهِ فِي أَوَّلِهِ وَآخِرِهِ)).,"Bismi llāh
Bismi llāhi fī awwalihi wa ākhirih","(When you are about to eat, you should say:(Bismil-lah.)and if you forget to say it before starting, then you should say (when you remember):In the name of Allah in it’s beginning and end.)",جب تم میں سے کوئی کھانا کھائے تو بسم اللہ کہے، اور اگر شروع میں کہنا بھول جائے تو جب یاد آئے تب کہے: بسم اللہ فی اولہ و آخرہ، یعنی اللہ کے نام سے اس کے شروع میں بھی اور آخر میں بھی۔,"जब तुममें से कोई खाना खाए तो कहे बिस्मिल्लाह, और अगर शुरू में कहना भूल जाए तो जब याद आए तब कहे बिस्मिल्लाहि फ़ी अव्वलिही व आख़िरिही, यानी अल्लाह के नाम से इसके शुरू में भी और आख़िर में भी।",1,https://audio.opendua.org/hisn/v0.0.2/OD-178-1.mp3
69-02,69,2,Invocations before eating,کھانے سے پہلے کی دعا,Invocations before eating,((مَنْ أَطْعَمَهُ اللَّهُ الطَّعَامَ فَلْيَقُلْ: اللَّهُمَّ بَارِكْ لَنَا فِيهِ وَأَطْعِمْنَا خَيْراً مِنْهُ، وَمَنْ سَقَاهُ اللَّهُ لَبَناً فَلْيَقُلْ اللَّهُمَّ بَارِكْ لَنَا فِيهِ وَزِدْنَا مِنْهُ)).,"Allāhumma bārik lanā fīhi wa aṭʿimnā khayran minh
Allāhumma bārik lanā fīhi wa zidnā minh","(Whomever Allah feeds, should say:(O Allah, bless it for us and feed us better than it.) and whomever Allah gives milk to drink should say:(O Allah, bless it for usand give us more of it.))",جسے اللہ کھانا کھلائے وہ کہے: اے اللہ! ہمارے لیے اس میں برکت دے اور ہمیں اس سے بہتر کھلا، اور جسے اللہ دودھ پلائے وہ کہے: اے اللہ! ہمارے لیے اس میں برکت دے اور ہمیں اس میں اضافہ دے۔,"जिसे अल्लाह खाना खिलाए वह कहे: ऐ अल्लाह! हमारे लिए इसमें बरकत दे और हमें इससे बेहतर खिला, और जिसे अल्लाह दूध पिलाए वह कहे: ऐ अल्लाह! हमारे लिए इसमें बरकत दे और हमें इसमें इज़ाफ़ा दे।",1,https://audio.opendua.org/hisn/v0.0.2/OD-179-1.mp3
70-01,70,1,Invocations after eating,کھانے سے فارغ ہونے پر دعا,Invocations after eating,((الْحَمْدُ لِلَّهِ الَّذِي أَطْعَمَنِي هَذَا، وَرَزَقَنِيهِ، مِنْ غَيْرِ حَوْلٍ مِنِّي وَلاَ قُوَّةٍ)).,"Al-ḥamdu li-llāhi alladhī aṭʿamanī hādhā, wa razaqanīhi, min ghayri ḥawlin minnī walā quwwah",(All praise is for Allah who fed me this and provided it for me without any might nor power from myself.),ساری تعریف اللہ کے لیے ہے جس نے مجھے یہ کھلایا اور بغیر میری کسی طاقت اور قوت کے مجھے اس کی روزی دی۔,सारी तारीफ़ अल्लाह के लिए है जिसने मुझे यह खिलाया और बिना मेरी किसी ताक़त और कूवत के मुझे इसकी रोज़ी दी।,1,https://audio.opendua.org/hisn/v0.0.2/OD-180.mp3
70-02,70,2,Invocations after eating,کھانے سے فارغ ہونے پر دعا,Invocations after eating,((الْحَمْدُ لِلَّهِ حَمْداً كَثِيراً طَيِّباً مُبَارَكاً فِيهِ، غَيْرَ [مَكْفِيٍّ وَلاَ ] مُوَدَّعٍ، وَلاَ مُسْتَغْنَىً عَنْهُ رَبَّنَا)).,"Al-ḥamdu li-llāhi ḥamdan ka-thīran ṭayyiban mubārakan fīhi, ghayra makfiyyin walā muwaddaʿin, walā mustaghnayan ʿanhu rabbanā","(Allah be praised with an abundant beautiful blessed praise, a never-ending praise, a praise which we will never bid farewell to and an indispensable praise, He is our Lord.)(There are other views as regards to the understanding of this supplication, from them: Allah be praised with an abundant beautiful blessed praise. He is The One Who is sufficient, feeds and is not fed. The One Who is longed for, along with that which is with Him and The One Who is needed, He is our Lord.)",بہت زیادہ، پاکیزہ اور بابرکت تعریف اللہ کے لیے ہے، ایسی تعریف جو کبھی ختم نہ ہو، جسے کبھی الوداع نہ کہا جائے، اور جس سے کبھی بے نیازی نہ ہو، اے ہمارے رب!,"बहुत ज़्यादा, पाकीज़ा और बाबरकत तारीफ़ अल्लाह के लिए है, ऐसी तारीफ़ जो कभी ख़त्म न हो, जिसे कभी अलविदा न कहा जाए, और जिससे कभी बेनियाज़ी न हो, ऐ हमारे रब!",1,https://audio.opendua.org/hisn/v0.0.2/OD-181.mp3
71-01,71,1,A dinner guest's invocation for his host,مہمان کی میزبان کے لیے دعا,A dinner guest's invocation for his host,((اللَّهُمَّ بَارِكْ لَهُمْ فِيمَا رَزَقْتَهُم، وَاغْفِرْ لَهُمْ وَارْحَمْهُمْ)).,"Allāhumma bārik lahum fīmā razaqtahum, wa ighfir lahum wa irḥamhum","(O Allah, bless for them, that which You have provided them, forgive them and have mercy upon them.)",اے اللہ! جو تو نے انہیں روزی دی ہے اس میں ان کے لیے برکت دے، انہیں بخش دے اور ان پر رحم فرما۔,"ऐ अल्लाह! जो तूने उन्हें रोज़ी दी है उसमें उनके लिए बरकत दे, उन्हें बख़्श दे और उन पर रहम फ़रमा।",1,https://audio.opendua.org/hisn/v0.0.2/OD-182.mp3
72-01,72,1,Invocation for someone who gives you drink or offers it to you,کھانا یا پانی مانگنے کے لیے اشارۃً دعا,Invocation for someone who gives you drink or offers it to you,((اللَّهُمَّ أَطْعِمْ مَنْ أَطْعَمَنِي، وَاسْقِ مَنْ سَقَانِي)).,"Allāhumma aṭʿim man aṭʿamanī, wa isqi man saqānī","(O Allah, feed him who fed me, and provide with drink him who provided me with drink.)",اے اللہ! جس نے مجھے کھلایا اسے کھلا، اور جس نے مجھے پلایا اسے پلا۔,"ऐ अल्लाह! जिसने मुझे खिलाया उसे खिला, और जिसने मुझे पिलाया उसे पिला।",1,https://audio.opendua.org/hisn/v0.0.2/OD-183.mp3
73-01,73,1,Invocation for a family who invites you to break your fast with them,جس گھر میں افطار کریں ان کے لیے دعا,Invocation for a family who invites you to break your fast with them,((أَفْطَرَ عِنْدَكُمُ الصَّائِمُونَ، وَأَكَلَ طَعَامَكُمُ الْأَبْرَارُ، وَصَلَّتْ عَلَيْكُمُ الْمَلاَئِكَةُ)).,"Afṭara ʿindakumu aṣ-ṣāʾimūna, wa akala ṭaʿāmakumu l-ʾabrāru, wa ṣallat ʿalaykumu l-malāʾikah","(May the fasting break their fast in your home, and may the dutiful and pious eat your food, and may the angles send prayers upon you.)",روزے داروں نے تمہارے یہاں افطار کیا، نیک لوگوں نے تمہارا کھانا کھایا، اور فرشتوں نے تم پر رحمت کی دعا کی۔,"रोज़ेदारों ने तुम्हारे यहाँ इफ़्तार किया, नेक लोगों ने तुम्हारा खाना खाया, और फ़रिश्तों ने तुम पर रहमत की दुआ की।",1,https://audio.opendua.org/hisn/v0.0.2/OD-184.mp3
74-01,74,1,"Invocation for someone who offers you food when you are fasting, which you decline",روزے دار کا کھانا پیش ہونے پر (افطار نہ کرتے ہوئے) کہا جانے والا ذکر,"Invocation for someone who offers you food when you are fasting, which you decline",((إِذَا دُعِيَ أَحَدُكُمْ فَلْيُجِبْ، فَإِنْ كَانَ صَائِماً فَلْيُصَلِّ، وَإِنْ كَانَ مُفْطِراً فَلْيَطْعَمْ)) ، وَمَعْنَى فَلْيُصَلِّ أَيْ فَلْيَدْعُ.,,"(If you are invited (to a meal) then answer. If you happen to be fasting, then supplicate (for those present) and if you are not fasting, then eat.)",جب تم میں سے کسی کو دعوت دی جائے تو وہ جائے، پھر اگر وہ روزے سے ہے تو دعا کرے، اور اگر روزے سے نہیں ہے تو کھانا کھائے۔ (یہاں دعا کرنے سے مراد میزبان کے لیے دعا کرنا ہے، نماز پڑھنا نہیں۔),"जब तुममें से किसी को दावत दी जाए तो वह जाए, फिर अगर वह रोज़े से है तो दुआ करे, और अगर रोज़े से नहीं है तो खाना खाए। (यहाँ दुआ करने से मुराद मेज़बान के लिए दुआ करना है, नमाज़ पढ़ना नहीं।)",1,
75-01,75,1,What to say when you are fasting and someone is rude to you,روزے دار سے کوئی گالی گلوچ کرے تو وہ کیا کہے,What to say when you are fasting and someone is rude to you,((إِنِّي صَائِمٌ، إِنِّي صَائِمٌ)).,"Innī ṣāʾimun, innī ṣāʾim","(I am fasting, I am fasting.)",میں روزے سے ہوں، میں روزے سے ہوں۔,"मैं रोज़े से हूँ, मैं रोज़े से हूँ।",1,https://audio.opendua.org/hisn/v0.0.2/OD-186.mp3
76-01,76,1,Invocation for when you see the first dates of the season,موسم کا پہلا پھل دیکھنے پر دعا,Invocation for when you see the first dates of the season,((اللَّهُمَّ بَارِكْ لَنَا فِي ثَمَرِنَا، وَبَارِكْ لَنَا فِي مَدِينَتِنَا، وَبَارِكْ لَنَا فِي صَاعِنَا، وَبَارِكْ لَنَا فِي مُدِّنَا)).,"Allāhumma bārik lanā fī thamarinā, wa bārik lanā fī madīnatinā, wa bārik lanā fī ṣāʿinā, wa bārik lanā fī muddinā","(O Allah, bless our fruit for us, bless our town for us, bless our sa' for us and bless our mudd for us.)(A sa' is equivalent to four mudds and a mudd is equivalent to a dry measure of an average man’s two palms.)",اے اللہ! ہمارے پھلوں میں ہمارے لیے برکت دے، ہمارے شہر میں ہمارے لیے برکت دے، ہمارے صاع میں ہمارے لیے برکت دے، اور ہمارے مُد میں ہمارے لیے برکت دے۔ (ایک صاع چار مُد کے برابر ہوتا ہے، اور ایک مُد ایک عام آدمی کی دو ہتھیلیوں میں سمانے والی ناپ کے برابر ہوتا ہے۔),"ऐ अल्लाह! हमारे फलों में हमारे लिए बरकत दे, हमारे शहर में हमारे लिए बरकत दे, हमारे साअ में हमारे लिए बरकत दे, और हमारे मुद्द में हमारे लिए बरकत दे। (एक साअ चार मुद्द के बराबर होता है, और एक मुद्द एक आम आदमी की दो हथेलियों में समाने वाली नाप के बराबर होता है।)",1,https://audio.opendua.org/hisn/v0.0.2/OD-187.mp3
77-01,77,1,Invocation for sneezing,چھینک آنے پر دعا,Invocation for sneezing,((إِذَا عَطَسَ أَحَدُكُم فَلْيَقُلِ الْحَمْدُ لِلَّهِ، وَلْيَقُلْ لَهُ أَخُوهُ أَوْ صَاحِبُهُ: يَرْحَمُكَ اللَّهُ، فَإِذَا قَالَ لَهُ: يَرحَمُكَ اللَّهُ، فَلْيَقُلْ: يَهْدِيكُمُ اللَّهُ وَيُصْلِحُ بَالَكُمْ)).,"Al-ḥamdu li-llāh
Yarḥamuka llāh
Yahdīkumu llāhu wa yuṣliḥu bālakum",(When one of you sneezes he should say:(All praise if for Allah.) and his brother or companion should say to him: (May Allah have mercy upon you.) and he (i.e. the one who sneezed) replies back to him:(May Allah guide you and rectify your condition.)),جب تم میں سے کوئی چھینکے تو کہے: الحمد للہ، یعنی ساری تعریف اللہ کے لیے ہے، اور اس کا بھائی یا ساتھی اس سے کہے: یَرْحَمُکَ اللہ، یعنی اللہ تجھ پر رحم کرے، پھر جب وہ اس سے یہ کہے تو وہ جواب میں کہے: یَہْدِیکُمُ اللہُ وَیُصْلِحُ بَالَکُمْ، یعنی اللہ تمہیں ہدایت دے اور تمہارا حال درست کرے۔,"जब तुममें से कोई छींके तो कहे: अल्हम्दुलिल्लाह, यानी सब तारीफ़ अल्लाह के लिए है, और उसका भाई या साथी उससे कहे: यरहमुकल्लाह, यानी अल्लाह तुझ पर रहम करे, फिर जब वह उससे यह कहे तो वह जवाब में कहे: यहदीकुमुल्लाहु व युस्लिहु बालकुम, यानी अल्लाह तुम्हें हिदायत दे और तुम्हारा हाल दुरुस्त करे।",1,https://audio.opendua.org/hisn/v0.0.2/OD-188-1.mp3
78-01,78,1,What to say to the disbeliever if he sneezes and praises Allah,کافر چھینکے اور اللہ کی حمد کرے تو اس سے کیا کہیں,What to say to the disbeliever if he sneezes and praises Allah,((يَهْدِيكُمُ اللَّهُ وَيُصْلِحُ بَالَكُمْ)).,Yahdīkumu llāhu wa yuṣliḥu bālakum,(May Allah guide you and rectify your condition.),اللہ تمہیں ہدایت دے اور تمہارا حال درست کرے۔,अल्लाह तुम्हें हिदायत दे और तुम्हारा हाल दुरुस्त करे।,1,https://audio.opendua.org/hisn/v0.0.2/OD-189.mp3
79-01,79,1,Invocation for the groom,نکاح کرنے والے (دولہے) کے لیے دعا,Invocation for the groom,((بَارَكَ اللَّهُ لَكَ، وَبَارَكَ عَلَيْكَ، وَجَمَعَ بَيْنَكُمَا فِي خَيْرٍ)).,"Bāraka llāhu laka, wa bāraka ʿalayka, wa jamaʿa baynakumā fī khayr","(May Allah bless for you (your spouse) and bless you, and may He unite both of you in goodness.)",اللہ تمہارے لیے برکت کرے، تم پر برکت نازل فرمائے، اور تم دونوں کو بھلائی میں جمع رکھے۔,"अल्लाह तुम्हारे लिए बरकत करे, तुम पर बरकत नाज़िल फ़रमाए, और तुम दोनों को भलाई में जमा रखे।",1,https://audio.opendua.org/hisn/v0.0.2/OD-190.mp3
80-01,80,1,The groom's supplication on the wedding night or when buying an animal,دولہے کی شبِ زفاف اور سواری خریدنے پر دعا,The groom's supplication on the wedding night or when buying an animal,إِذَا تَزَوَّجَ أَحَدُكُمُ امْرَأَةً، أَوْ إِذَا اشْتَرَى خَادِماً فَلْيَقُلْ: ((اللَّهُمَّ إِنِّي أَسْأَلُكَ خَيْرَهَا، وَخَيْرَ مَا جَبَلْتَهَا عَلَيْهِ، وَأَعُوذُ بِكَ مِنْ شَرِّهَا، وَشَرِّ مَا جَبَلْتَهَا عَلَيْهِ، وَإِذَا اشْتَرَى بَعِيراً فَلْيَأْخُذْ بِذِرْوَةِ سَنَامِهِ وَلْيَقُلْ مِثْلَ ذَلِكَ)).,"Allāhumma innī asʾaluka khayrahā, wa khayra mā jabaltahā ʿalayhi, wa aʿūdhu bika min sharrihā, washarri mā jabaltahā ʿalayh","(when you marry a woman or buy a maidservant, you should say:(O Allah, I ask You for the goodness within her and the goodness that you have made her inclined towards, and I take refuge with You from the evil within her and the evil that you have made her inclined towards.))(and if you buy a camel, then you should take hold of it’s hump and say likewise.)",جب تم میں سے کوئی کسی عورت سے نکاح کرے یا کوئی خادم خریدے تو کہے: اے اللہ! میں تجھ سے اس کی بھلائی اور جس فطرت پر تو نے اسے بنایا ہے اس کی بھلائی مانگتا ہوں، اور اس کی برائی اور جس فطرت پر تو نے اسے بنایا ہے اس کی برائی سے تیری پناہ مانگتا ہوں۔ اور اگر اونٹ خریدے تو اس کے کوہان کی چوٹی پکڑ کر ایسے ہی کہے۔,"जब तुममें से कोई किसी औरत से निकाह करे या कोई ख़ादिम ख़रीदे तो कहे: ऐ अल्लाह! मैं तुझसे इसकी भलाई और जिस फ़ितरत पर तूने इसे बनाया है उसकी भलाई माँगता हूँ, और इसकी बुराई और जिस फ़ितरत पर तूने इसे बनाया है उसकी बुराई से तेरी पनाह माँगता हूँ। और अगर ऊँट ख़रीदे तो उसके कोहान की चोटी पकड़कर ऐसे ही कहे।",1,https://audio.opendua.org/hisn/v0.0.2/OD-191.mp3
81-01,81,1,Invocation to be recited before intercourse,بیوی کے پاس جانے سے پہلے کی دعا,Invocation to be recited before intercourse,((بِسْمِ اللَّهِ، اللَّهُمَّ جَنِّبْنَا الشَّيْطَانَ، وَجَنِّبِ الشَّيْطَانَ مَا رَزَقْتَنَا)).,"Bismi llāhi, allāhumma jannibnā ash-shayṭāna, wa jannibi ash-shayṭāna mā razaqtanā","(In the name of Allah. O Allah, keep the devil away from us and keep the devil away from what you have blessed us with.)",اللہ کے نام سے۔ اے اللہ! ہمیں شیطان سے دور رکھ، اور جو تو ہمیں عطا کرے اسے بھی شیطان سے دور رکھ۔,"अल्लाह के नाम से। ऐ अल्लाह! हमें शैतान से दूर रख, और जो तू हमें अता करे उसे भी शैतान से दूर रख।",1,https://audio.opendua.org/hisn/v0.0.2/OD-192.mp3
82-01,82,1,Invocation for anger,غصے کے وقت کی دعا,Invocation for anger,((أَعُوذُ بِاللَّهِ مِنَ الشَّيْطَانِ الرَّجِيمِ)).,Aʿūdhu bi-llāhi mina ash-shayṭāni ar-rajīm,(I take refuge with Allah from the accursed devil.),میں مردود شیطان سے اللہ کی پناہ مانگتا ہوں۔,मैं मरदूद शैतान से अल्लाह की पनाह माँगता हूँ।,1,https://audio.opendua.org/hisn/v0.0.2/OD-193.mp3
83-01,83,1,What to say if you see someone afflicted by misfortune,کسی مبتلا (آزمائش والے) کو دیکھنے والے کی دعا,What to say if you see someone afflicted by misfortune,((الْحَمْدُ لِلَّهِ الَّذِي عَافَانِي مِمَّا ابْتَلاَكَ بِهِ، وَفَضَّلَنِي عَلَى كَثِيرٍ مِمَّنْ خَلَقَ تَفْضِيلاً)).,"Al-ḥamdu li-llāhi alladhī ʿāfānī mimmā ibtalāka bihi, wa faḍḍalanī ʿalā ka-thīrin mimman khalaqa tafḍīlā",(All praise is for Allah Who saved me from that which He tested you with and Who most certainly favoured me over much of His creation.),ساری تعریف اللہ کے لیے ہے جس نے مجھے اس مصیبت سے بچایا جس میں اس نے تجھے مبتلا کیا، اور مجھے اپنی بہت سی مخلوق پر کھلی فضیلت دی۔,"सब तारीफ़ अल्लाह के लिए है जिसने मुझे उस मुसीबत से बचाया जिसमें उसने तुझे मुब्तला किया, और मुझे अपनी बहुत सी मख़लूक़ पर खुली फ़ज़ीलत दी।",1,https://audio.opendua.org/hisn/v0.0.2/OD-194.mp3
84-01,84,1,What to say while sitting in an assembly,مجلس میں کیا کہیں,What to say while sitting in an assembly,((عَنِ ابْنِ عُمَرَ رضي الله عنه قَاَلَ: كَانَ يُعَدُّ لِرَسُولِ اللَّهِ صلى الله عليه وسلم فِي الْمَجْلِسِ الوَاحِدِ مِائَةُ مَرَّةٍ مِنْ قَبْلِ أَنْ يَقُومَ: ((رَبِّ اغْفِرْ لِي، وَتُبْ عَلَيَّ، إِنَّكَ أَنْتَ التَّوَّابُ الغَفُورُ)).,"Rabbi ighfir lī, watub ʿalayya, innaka anta at-tawwābu l-ghafūr","(Ibn 'umar said: It would be counted that the Messenger of Allah would say one hundred times at any one sitting before getting up: (O my Lord, forgive me and turn towards me (to accept my repentance). Verily You are The Oft-Returning. The Oft-Forgiving.))",ابن عمر رضی اللہ عنہ نے کہا: ایک ہی مجلس میں اللہ کے رسول ﷺ کے اٹھنے سے پہلے سو بار یہ گنا جاتا تھا: اے میرے رب! مجھے بخش دے اور میری توبہ قبول کر، بے شک تو ہی بہت توبہ قبول کرنے والا، بہت بخشنے والا ہے۔,"इब्ने उमर रज़ियल्लाहु अन्हु ने कहा: एक ही मजलिस में अल्लाह के रसूल ﷺ के उठने से पहले सौ बार यह गिना जाता था: ऐ मेरे रब! मुझे बख़्श दे और मेरी तौबा क़बूल कर, बेशक तू ही बहुत तौबा क़बूल करने वाला, बहुत बख़्शने वाला है।",1,https://audio.opendua.org/hisn/v0.0.2/OD-195.mp3
85-01,85,1,The Expiation of Assembly - Kaffaratul-Majlis,کفارۂ مجلس,The Expiation of Assembly - Kaffaratul-Majlis,((سُبْحَانَكَ اللَّهُمَّ وَبِحَمْدِكَ، أَشْهَدُ أَنْ لاَ إِلَهَ إِلاَّ أَنْتَ، أَسْتَغْفِرُكَ وَأَتُوبُ إِلَيْكَ)).,"Subḥānaka llāhumma wa bi-ḥamdika, ashhadu an lā ilāha illā anta, astaghfiruka wa atūbu ilayk","(How perfect You are O Allah, and I praise You. I bear witness that None has the right to be worshipped except You. I seek Your forgiveness and turn to You in repentance.)",پاک ہے تو اے اللہ، اور تیری ہی تعریف ہے، میں گواہی دیتا ہوں کہ تیرے سوا کوئی سچا معبود نہیں، میں تجھ سے بخشش مانگتا ہوں اور تیری طرف توبہ کرتا ہوں۔,"पाक है तू ऐ अल्लाह, और तेरी ही तारीफ़ है, मैं गवाही देता हूँ कि तेरे सिवा कोई सच्चा माबूद नहीं, मैं तुझसे बख़्शिश माँगता हूँ और तेरी तरफ़ तौबा करता हूँ।",1,https://audio.opendua.org/hisn/v0.0.2/OD-196.mp3
86-01,86,1,Invocation for someone who says: May Allah forgive you,جس نے کہا ’اللہ آپ کو بخشے‘ اس کے لیے دعا,Invocation for someone who says: May Allah forgive you,((وَلَكَ)).,Walak,"('abdullah Ibn Sarjis said: ‘I went to see the Prophet and ate from his food and then said to him: (May Allah forgive you, O Messenger of Allah.) he replied: (and you.))",عبداللہ بن سرجس رضی اللہ عنہ نے کہا: میں نبی کریم ﷺ کے پاس گیا اور آپ ﷺ کے کھانے میں سے کھایا، پھر آپ ﷺ سے کہا: اللہ آپ کو بخش دے، اے اللہ کے رسول! تو آپ ﷺ نے جواب دیا: اور تمہیں بھی۔,"अब्दुल्लाह बिन सरजिस रज़ियल्लाहु अन्हु ने कहा: मैं नबी ﷺ के पास गया और आपके खाने में से खाया, फिर आपसे कहा: अल्लाह आपको बख़्श दे, ऐ अल्लाह के रसूल! तो आपने जवाब दिया: और तुम्हें भी।",1,https://audio.opendua.org/hisn/v0.0.2/OD-197.mp3
87-01,87,1,Invocation for someone who does good to you,آپ پر احسان کرنے والے کے لیے دعا,Invocation for someone who does good to you,((جَزَاكَ اللَّهُ خَيْراً)).,Jazāka llāhu khayrā,(If someone does you a favour and you say: (May Allah reward you with goodness.) then you have indeed excelled in praising him.),اللہ تمہیں اچھا بدلہ دے۔ (اگر کوئی تمہارے ساتھ بھلائی کرے اور تم یہ کہو تو تم نے اس کی تعریف میں کمال کر دیا۔),अल्लाह तुम्हें अच्छा बदला दे। (अगर कोई तुम्हारे साथ भलाई करे और तुम यह कहो तो तुमने उसकी तारीफ़ में कमाल कर दिया।),1,https://audio.opendua.org/hisn/v0.0.2/OD-198.mp3
88-01,88,1,Invocation for Allah's protection from the False Messiah,دجال سے حفاظت کا ذکر جس کے ذریعے اللہ بچاتا ہے,Invocation for Allah's protection from the False Messiah,((مَنْ حَفِظَ عَشْرَ آيَاتٍ مِنْ أَوَّلِ سُورَةِ الْكَهْفِ عُصِمَ مِنَ الدَّجَّالِ)) ، وَالْاسْتِعَاذَةُ بِاللَّهِ مِنْ فِتْنَتِهِ عَقِبَ التَّشَهُّدِ الْأَخِيرِ مِنْ كُلِّ صَلاَةٍ.,,"(Dajjal: among the great signs of the last hour and the greatest trials to befall mankind, which every Prophet has warned about. Most of mankind will folow him. He will appear from Asbahan, Iran at the time when Muslims will conquer Constantinople. He will be given special powers and will make the truth seem false and vice versa. He will claim to be righteous and then he will claim prophet-hood and finally, divinity. From his features is that he will be blind in his right eye which is a definite proof that contradicts his claim to be Allah as it is a sign of imperfection. The word Kafir will be written between his eyes which every believer, literate or illiterate will recognise.)(Whoever memorises the first ten verses of soorat Al-Kahf will be protected from Dajjal.)(One should also seek refuge with Allah from the tribulations of the Dajjal after the last tashahhud in prayer.(Refer to supplications #55 & #56))",جس نے سورۃ الکہف کی ابتدائی دس آیات یاد کر لیں وہ دجال سے محفوظ رہے گا، اور ہر نماز کے آخری تشہد کے بعد دجال کے فتنے سے اللہ کی پناہ مانگنا بھی ضروری ہے۔,"जिसने सूरह अल-कहफ़ की शुरुआती दस आयतें याद कर लीं वह दज्जाल से महफ़ूज़ रहेगा, और हर नमाज़ के आख़िरी तशह्हुद के बाद दज्जाल के फ़ितने से अल्लाह की पनाह माँगना भी ज़रूरी है।",1,
89-01,89,1,Invocation for someone who tells you: I love you for the sake of Allah,جس نے کہا ’میں تم سے اللہ کے لیے محبت کرتا ہوں‘ اس کے لیے دعا,Invocation for someone who tells you: I love you for the sake of Allah,((أَحَبَّكَ الَّذِي أَحْبَبْتَنِي لَهُ)).,Aḥabbaka alladhī aḥbabtanī lah,"(May He, for whom you have loved me, love you.)",جس کے لیے تم نے مجھ سے محبت کی ہے وہ بھی تم سے محبت کرے۔,जिसके लिए तुमने मुझसे मुहब्बत की है वह भी तुमसे मुहब्बत करे।,1,https://audio.opendua.org/hisn/v0.0.2/OD-200.mp3
90-01,90,1,Invocation for someone who offers you a share of his wealth,جس نے آپ کو اپنا مال پیش کیا اس کے لیے دعا,Invocation for someone who offers you a share of his wealth,((بَارَكَ اللَّهُ لَكَ فِي أَهْلِكَ وَمَالِكَ)).,Bāraka llāhu laka fī ahlika wa mālik,"(May Allah bless for you, your family and wealth.)",اللہ تمہارے لیے تمہارے اہل اور تمہارے مال میں برکت دے۔,अल्लाह तुम्हारे लिए तुम्हारे अहल और तुम्हारे माल में बरकत दे।,1,https://audio.opendua.org/hisn/v0.0.2/OD-201.mp3
91-01,91,1,Invocation (upon receipt of the loan) for someone who lends you money,قرض واپس کرتے وقت قرض دینے والے کے لیے دعا,Invocation (upon receipt of the loan) for someone who lends you money,((بارَكَ اللَّهُ لَكَ فِي أَهْلِكَ وَمَالِكَ، إِنَّمَا جَزَاءُ السَّلَفِ الْحَمْدُ وَالأَدَاءُ)).,"Braka llāhu laka fī ahlika wa mālika, innamā jazāʾu as-salafi l-ḥamdu wa-l-ʾadāʾ","(May Allah bless for you, your family and wealth. Surely commendation and payment are the reward for a loan.)",اللہ تمہارے لیے تمہارے اہل اور تمہارے مال میں برکت دے، قرض کا بدلہ تو بس تعریف کرنا اور ادا کرنا ہی ہے۔,"अल्लाह तुम्हारे लिए तुम्हारे अहल और तुम्हारे माल में बरकत दे, क़र्ज़ का बदला तो बस तारीफ़ करना और अदा करना ही है।",1,https://audio.opendua.org/hisn/v0.0.2/OD-202.mp3
92-01,92,1,Invocation for fear of Shirk,شرک کے خوف کی دعا,Invocation for fear of Shirk,((اللَّهُمَّ إِنِّي أَعُوذُ بِكَ أَنْ أُشْرِكَ بِكَ وَأَنَا أَعْلَمُ، وَأَسْتَغْفِرُكَ لِمَا لاَ أَعْلَمُ)).,"Allāhumma innī aʿūdhu bika an ushrika bika wa anā aʿlamu, wa astaghfiruka limā lā aʿlam","(shirk: to associate others with Allah in those things which are specific to Him. This can occur in (1) belief, e.g. to believe that other than Allah has the power to benefit or harm, (2) speech, e.g. to swear by other than Allah and (3) action, e.g. to bow or prostrate to other than Allah.)(O Allah, I take refuge in You lest I should commit shirk with You knowingly and I seek Your forgiveness for what I do unknowingly.)",اے اللہ! میں تیری پناہ مانگتا ہوں اس بات سے کہ جانتے ہوئے تیرے ساتھ شرک کروں، اور جو میں نہیں جانتا اس کے لیے تجھ سے بخشش مانگتا ہوں۔,"ऐ अल्लाह! मैं तेरी पनाह माँगता हूँ इस बात से कि जानते हुए तेरे साथ शिर्क करूँ, और जो मैं नहीं जानता उसके लिए तुझसे बख़्शिश माँगता हूँ।",1,https://audio.opendua.org/hisn/v0.0.2/OD-203.mp3
93-01,93,1,Invocation for someone who tells you: May Allah bless you,جس نے کہا ’اللہ آپ کو برکت دے‘ اس کے لیے دعا,Invocation for someone who tells you: May Allah bless you,((وَفِيكَ بَارَكَ اللَّهُ)).,Wa fīka bāraka llāh,"(Aaishah reported that the Messenger of Allah was given a sheep and he ordered for it’s distribution. When the servant would come back (from distributing it), 'aishah would ask: ‘What did they say?’, he replied: They would supplicate: (May Allah bless you all.) 'aishah would then say: (and may Allah bless them.))(we return their supplication in a similar way and our reward remains with us.)",اللہ تمہیں بھی برکت دے۔ (عائشہ رضی اللہ عنہا نے بتایا کہ رسول اللہ ﷺ کو ایک بکری دی گئی تو آپ ﷺ نے اسے تقسیم کرنے کا حکم دیا، جب خادم تقسیم کر کے واپس آتا تو عائشہ رضی اللہ عنہا پوچھتیں کہ لوگوں نے کیا کہا، وہ بتاتا کہ انہوں نے دعا دی بَارَکَ اللہُ فِیکُمْ، تو عائشہ رضی اللہ عنہا کہتیں وَفِیکُمْ بَارَکَ اللہ، یعنی ہم بھی ان کی دعا کا ویسے ہی جواب دیتے ہیں اور ہمارا اجر ہمارے پاس باقی رہتا ہے۔),"अल्लाह तुम्हें भी बरकत दे। (आइशा रज़ियल्लाहु अन्हा ने बताया कि रसूलुल्लाह ﷺ को एक बकरी दी गई तो आपने उसे बाँटने का हुक्म दिया, जब ख़ादिम बाँटकर वापस आता तो आइशा पूछतीं कि लोगों ने क्या कहा, वह बताता कि उन्होंने दुआ दी बारकल्लाहु फ़ीकुम, तो आइशा कहतीं वफ़ीकुम बारकल्लाह, यानी हम भी उनकी दुआ का वैसे ही जवाब देते हैं और हमारा अज्र हमारे पास बाक़ी रहता है।)",1,https://audio.opendua.org/hisn/v0.0.2/OD-204.mp3
94-01,94,1,Invocation against evil portent,بدشگونی (نحوست) کے خیال سے بچنے کی دعا,Invocation against evil portent,((اللَّهُمَّ لاَ طَيْرَ إِلاَّ طَيْرُكَ، وَلاَ خَيْرَ إِلاَّ خَيْرُكَ، وَلاَ إِلَهَ غَيْرُكَ)).,"Allāhumma lā ṭayra illā ṭayruka, walā khayra illā khayruka, walā ilāha ghayruk","(This supplication is used whenever one initially thinks a casual event or occurrence to foretell good or evil, using it as a basis to determine which action he should undertake, but he then denounces such a link, relies on Allah and then says this supplication as an expiation for this act, since it falls under the category of shirk.)(O Allah, there is no omen but there is reliance on You, there is no good except Your good and none has the right to be worshipped except You.)",اے اللہ! کوئی شگون نہیں مگر تیرا شگون، کوئی بھلائی نہیں مگر تیری بھلائی، اور تیرے سوا کوئی سچا معبود نہیں۔,"ऐ अल्लाह! कोई शगुन नहीं मगर तेरा शगुन, कोई भलाई नहीं मगर तेरी भलाई, और तेरे सिवा कोई सच्चा माबूद नहीं।",1,https://audio.opendua.org/hisn/v0.0.2/OD-205.mp3
95-01,95,1,Invocation for riding in a vehicle or on an animal,سواری پر سوار ہونے کی دعا,Invocation for riding in a vehicle or on an animal,((بِسْمِ اللَّهِ، وَالْحَمْدُ للَّهِ ﴿سُبْحَانَ الَّذِي سَخَّرَ لَنَا هَذَا وَمَا كُنَّا لَهُ مُقْرِنِينَ، وَإِنَّا إِلَى رَبِّنَا لَمُنقَلِبُونَ﴾، ((الْحَمْدُ لِلَّهِ، الْحَمْدُ لِلَّهِ، الْحَمْدُ لِلَّهِ، اللَّهُ أَكْبَرُ، اللَّهُ أَكْبَرُ، اللَّهُ أَكْبَرُ، سُبْحَانَكَ اللَّهُمَّ إِنِّي ظَلَمْتُ نَفْسِي فَاغْفِرْ لِي؛ فَإِنَّهُ لاَ يَغْفِرُ الذُّنُوبَ إِلاَّ أَنْتَ)).,"Bismi llāhi, wa-l-ḥamdu li-llāhi subḥāna alladhī sakhkhara lanā hādhā wamā kunnā lahu muqrinīna, wa innā ilā rabbinā lamunqalibūna l-ḥamdu li-llāhi, al-ḥamdu li-llāhi, al-ḥamdu li-llāhi, allāhu akbaru, allāhu akbaru, allāhu akbaru, subḥānaka llāhumma innī ẓalamtu nafsī fa ighfir lī; fa innahu lā yaghfiru adh-dhunūba illā ant","(In the name of Allah and all praise is for Allah. How perfect He is, the One Who has placed this (transport) at our service and we ourselves would not have been capable of that, and to our Lord is our final destiny. All praise is for Allah, All praise is for Allah, All praise is for Allah, Allah is the greatest, Allah is the greatest, Allah is the greatest. How perfect You are, O Allah, verily I have wronged my soul, so forgive me, for surely none can forgive sins except You.)",اللہ کے نام سے، اور ساری تعریف اللہ کے لیے ہے۔ پاک ہے وہ ذات جس نے اسے ہمارے بس میں کر دیا، حالانکہ ہم اسے قابو میں کرنے والے نہیں تھے، اور بے شک ہم اپنے رب کی طرف لوٹنے والے ہیں۔ ساری تعریف اللہ کے لیے ہے، ساری تعریف اللہ کے لیے ہے، ساری تعریف اللہ کے لیے ہے، اللہ سب سے بڑا ہے، اللہ سب سے بڑا ہے، اللہ سب سے بڑا ہے۔ پاک ہے تو اے اللہ، میں نے اپنی جان پر ظلم کیا تو مجھے بخش دے، بے شک گناہوں کو تیرے سوا کوئی نہیں بخشتا۔,"अल्लाह के नाम से, और सब तारीफ़ अल्लाह के लिए है। पाक है वह ज़ात जिसने इसे हमारे बस में कर दिया, हालाँकि हम इसे क़ाबू में करने वाले नहीं थे, और बेशक हम अपने रब की तरफ़ लौटने वाले हैं। सब तारीफ़ अल्लाह के लिए है, सब तारीफ़ अल्लाह के लिए है, सब तारीफ़ अल्लाह के लिए है, अल्लाह सबसे बड़ा है, अल्लाह सबसे बड़ा है, अल्लाह सबसे बड़ा है। पाक है तू ऐ अल्लाह, मैंने अपनी जान पर ज़ुल्म किया तो मुझे बख़्श दे, बेशक गुनाहों को तेरे सिवा कोई नहीं बख़्शता।",1,https://audio.opendua.org/hisn/v0.0.2/OD-206.mp3
96-01,96,1,Invocation for traveling,سفر کی دعا,Invocation for traveling,اللَّهُ أَكْبَرُ، اللَّهُ أَكْبَرُ، اللَّهُ أَكْبَرُ، ﴿سُبْحَانَ الَّذِي سَخَّرَ لَنَا هَذَا وَمَا كُنَّا لَهُ مُقْرِنِينَ * وَإِنَّا إِلَى رَبِّنَا لَمُنقَلِبُونَ﴾ ((اللَّهُمَّ إِنّا نَسْأَلُكَ فِي سَفَرِنَا هَذَا البِرَّ وَالتَّقْوَى، وَمِنَ الْعَمَلِ مَا تَرْضَى، اللَّهُمَّ هَوِّنْ عَلَيْنَا سَفَرَنَا هَذَا وَاطْوِ عَنَّا بُعْدَهُ، اللَّهُمَّ أَنْتَ الصَّاحِبُ فِي السَّفَرِ، وَالْخَليفَةُ فِي الْأَهْلِ، اللَّهُمَّ إِنِّي أَعُوذُ بِكَ مِنْ وَعْثَاءِ السَّفَرِ، وَكَآبَةِ الْمَنْظَرِ، وَسُوءِ الْمُنْقَلَبِ فِي الْمَالِ وَالْأَهْلِ))، وإذا رَجَعَ قَالَهُنَّ وَزَادَ فِيهِنَّ: ((آيِبُونَ، تائِبُونَ، عَابِدُونَ، لِرَبِّنَا حَامِدُونَ)).,"Allāhu akbaru, allāhu akbaru, allāhu akbaru, subḥāna alladhī sakhkhara lanā hādhā wamā kunnā lahu muqrinīna wa innā ilā rabbinā lamunqalibūna llāhumma innā nasʾaluka fī safarinā hādhā l-birra wa at-taqwā, wamina l-ʿamali mā tarḍā, allāhumma hawwin ʿalaynā safaranā hādhā wa iṭwi ʿannā buʿdahu, allāhumma anta aṣ-ṣāḥibu fī as-safari, wa-l-khalīfatu fī l-ʾahli, allāhumma innī aʿūdhu bika min waʿthāʾi as-safari, wa kābati l-manẓari, wa sūʾi l-munqalabi fī l-māli wa-l-ʾahl
Allāhu akbaru, allāhu akbaru, allāhu akbaru, subḥāna alladhī sakhkhara lanā hādhā wamā kunnā lahu muqrinīna wa innā ilā rabbinā lamunqalibūna llāhumma innā nasʾaluka fī safarinā hādhā l-birra wa at-taqwā, wamina l-ʿamali mā tarḍā, allāhumma hawwin ʿalaynā safaranā hādhā wa iṭwi ʿannā buʿdahu, allāhumma anta aṣ-ṣāḥibu fī as-safari, wa-l-khalīfatu fī l-ʾahli, allāhumma innī aʿūdhu bika min waʿthāʾi as-safari, wa kābati l-manẓari, wa sūʾi l-munqalabi fī l-māli wa-l-ʾahl
Āyibūna, tāʾibūna, ʿābidūna, li-rabbinā ḥāmidūn","(Allah is the greatest, Allah is the greatest, Allah is the greatest, How perfect He is, The One Who has placed this (transport) at our service, and we ourselves would not have been capable of that, and to our Lord is our final destiny. O Allah, we ask You for birr and taqwa in this journey of ours, and we ask You for deeds which please You. O Allah, facilitate our journey and let us cover it’s distance quickly. O Allah, You are The Companion on the journey and The Successor over the family, O Allah, I take refuge with You from the difficulties of travel, from having a change of hearts and being in a bad predicament, and I take refuge in You from an ill fated outcome with wealth and family.)(birr and taqwa: two comprehensive terms which individually, refer to all good actions and obedience i.e. performing the commanded actions and avoiding the prohibited actions. When combined together, birr refers to doing those actions which have been commanded and taqwa refers to avoiding those actions which have been prohibited.)(A successor: one who succeeds another due to the latter’s absence or death. This is the correct meaning of the word khaleefah; thus, it is incorrect to believe that Adam is the khaleefah (vicegerent, as is commonly translated) of Allah on earth because Allah is never absent, and will never die. This supplication proves the correct understanding of this term and shows that Allah succeeds us and guards whom we leave behind when we die or are absent.)(upon returning the same supplication is recited with the following addition: (We return, repent, worship and praise our Lord.))",اللہ سب سے بڑا ہے، اللہ سب سے بڑا ہے، اللہ سب سے بڑا ہے۔ پاک ہے وہ ذات جس نے اسے ہمارے بس میں کر دیا، حالانکہ ہم اسے قابو میں کرنے والے نہیں تھے، اور بے شک ہم اپنے رب کی طرف لوٹنے والے ہیں۔ اے اللہ! ہم تجھ سے اپنے اس سفر میں نیکی اور تقویٰ مانگتے ہیں، اور ایسا عمل مانگتے ہیں جس سے تو راضی ہو۔ اے اللہ! ہم پر یہ سفر آسان کر دے اور اس کی دوری ہم سے سمیٹ دے۔ اے اللہ! تو ہی سفر میں ساتھی ہے اور گھر والوں میں جانشین ہے۔ اے اللہ! میں سفر کی مشکلوں سے، برے منظر سے، اور مال و اہل میں بری واپسی سے تیری پناہ مانگتا ہوں۔ اور جب واپس لوٹے تو یہی کہے اور ساتھ میں یہ بھی بڑھائے: ہم لوٹنے والے ہیں، توبہ کرنے والے ہیں، عبادت کرنے والے ہیں، اپنے رب کی تعریف کرنے والے ہیں۔,"अल्लाह सबसे बड़ा है, अल्लाह सबसे बड़ा है, अल्लाह सबसे बड़ा है। पाक है वह ज़ात जिसने इसे हमारे बस में कर दिया, हालाँकि हम इसे क़ाबू में करने वाले नहीं थे, और बेशक हम अपने रब की तरफ़ लौटने वाले हैं। ऐ अल्लाह! हम तुझसे अपने इस सफ़र में नेकी और तक़वा माँगते हैं, और ऐसा अमल माँगते हैं जिससे तू राज़ी हो। ऐ अल्लाह! हम पर यह सफ़र आसान कर दे और इसकी दूरी हमसे समेट दे। ऐ अल्लाह! तू ही सफ़र में साथी है और घर वालों में जानशीन है। ऐ अल्लाह! मैं सफ़र की मुश्किलों से, बुरे मंज़र से, और माल व अहल में बुरी वापसी से तेरी पनाह माँगता हूँ। और जब वापस लौटे तो यही कहे और साथ में यह भी बढ़ाए: हम लौटने वाले हैं, तौबा करने वाले हैं, इबादत करने वाले हैं, अपने रब की तारीफ़ करने वाले हैं।",1,https://audio.opendua.org/hisn/v0.0.2/OD-207-1.mp3
97-01,97,1,Invocation for entering a town or city,کسی بستی یا شہر میں داخل ہونے کی دعا,Invocation for entering a town or city,((اللَّهُمَّ رَبَّ السَّمَوَاتِ السَّبْعِ وَمَا أَظْلَلْنَ، وَرَبَّ الأَرَضِينَ السَّبْعِ وَمَا أَقْلَلْنَ، وَرَبَّ الشَّياطِينِ وَمَا أَضْلَلْنَ، وَرَبَّ الرِّيَاحِ وَمَا ذَرَيْنَ، أَسْأَلُكَ خَيْرَ هَذِهِ الْقَرْيَةِ، وَخَيْرَ أَهْلِهَا، وَخَيْرَ مَا فِيهَا، وَأَعُوذُ بِكَ مِنْ شَرِّهَا، وَشَرِّ أَهْلِهَا، وَشَرِّ مَا فِيهَا)).,"Allāhumma rabba as-samawāti as-sabʿi wamā aẓlalna, warabba l-ʾaraḍīna as-sabʿi wamā aqlalna, warabba ash-shayṭīni wamā aḍlalna, warabba ar-riyāḥi wamā dharayna, asʾaluka khayra hādhihi l-qaryati, wa khayra ahlihā, wa khayra mā fīhā, wa aʿūdhu bika min sharrihā, washarri ahlihā, washarri mā fīhā","(O Allah, Lord of the seven heavens and all that they envelop, Lord of the seven earths and all that they carry, Lord of the devils and all whom they misguide, Lord of the winds and all whom they whisk away. I ask You for the goodness of this village, the goodness of its inhabitants and for all the goodness found within it and I take refuge with You from the evil of this village, the evil of its inhabitants and from all the evil found within it.)",اے اللہ! ساتوں آسمانوں کے رب اور جسے وہ سایہ کیے ہوئے ہیں اس کے رب، ساتوں زمینوں کے رب اور جسے وہ اٹھائے ہوئے ہیں اس کے رب، شیطانوں کے رب اور جنہیں انہوں نے گمراہ کیا اس کے رب، ہواؤں کے رب اور جسے وہ اڑاتی ہیں اس کے رب، میں تجھ سے اس بستی کی بھلائی، اس کے باشندوں کی بھلائی اور اس میں موجود ہر بھلائی مانگتا ہوں، اور اس کی برائی، اس کے باشندوں کی برائی اور اس میں موجود ہر برائی سے تیری پناہ مانگتا ہوں۔,"ऐ अल्लाह! सातों आसमानों के रब और जिसे वे साया किए हुए हैं उसके रब, सातों ज़मीनों के रब और जिसे वे उठाए हुए हैं उसके रब, शैतानों के रब और जिन्हें उन्होंने गुमराह किया उसके रब, हवाओं के रब और जिसे वे उड़ाती हैं उसके रब, मैं तुझसे इस बस्ती की भलाई, इसके बाशिंदों की भलाई और इसमें मौजूद हर भलाई माँगता हूँ, और इसकी बुराई, इसके बाशिंदों की बुराई और इसमें मौजूद हर बुराई से तेरी पनाह माँगता हूँ।",1,https://audio.opendua.org/hisn/v0.0.2/OD-208.mp3
98-01,98,1,Invocation for entering a market,بازار میں داخل ہونے کی دعا,Invocation for entering a market,((لاَ إِلَهَ إِلاَّ اللَّهُ وَحْدَهُ لاَ شَرِيكَ لَهُ، لَهُ الْمُلْكُ، وَلَهُ الْحَمْدُ، يُحْيِي وَيُمِيتُ، وَهُوَ حَيٌّ لاِ يَمُوتُ، بِيَدِهِ الْخَيْرُ، وَهُوَ عَلَى كُلِّ شَيْءٍ قَدِيرٌ)).,"Lā ilāha illā llāhu waḥdahu lā sharīka lahu, lahu l-mulku, walahu l-ḥamdu, yuḥyī wa yumītu, wahuwa ḥayyun lʾi yamūtu, bi-yadihi l-khayru, wahuwa ʿalā kulli shayʾin qadīr","(None has the right to be worshipped except Allah, alone, without partner, to Him belongs all sovereignty and praise. He gives life and causes death, and He is living and does not die. In His hand is all good and He is over all things, omnipotent.)",اللہ کے سوا کوئی سچا معبود نہیں، وہ اکیلا ہے، اس کا کوئی شریک نہیں، بادشاہت اسی کی ہے، تعریف اسی کی ہے، وہ زندہ کرتا ہے اور مارتا ہے، وہ ہمیشہ زندہ ہے، کبھی نہیں مرے گا، بھلائی اسی کے ہاتھ میں ہے، اور وہ ہر چیز پر قادر ہے۔,"अल्लाह के सिवा कोई सच्चा माबूद नहीं, वह अकेला है, उसका कोई शरीक नहीं, बादशाहत उसी की है, तारीफ़ उसी की है, वह ज़िंदा करता है और मारता है, वह हमेशा ज़िंदा है, कभी नहीं मरेगा, भलाई उसी के हाथ में है, और वह हर चीज़ पर क़ादिर है।",1,https://audio.opendua.org/hisn/v0.0.2/OD-209.mp3
99-01,99,1,Invocation for when your vehicle or mount begins to fail,سواری بگڑ جائے تو دعا,Invocation for when your vehicle or mount begins to fail,((بِسْمِ اللَّهِ)).,Bismi llāh,(In the name of Allah.),اللہ کے نام سے۔,अल्लाह के नाम से।,1,https://audio.opendua.org/hisn/v0.0.2/OD-210.mp3
100-01,100,1,The traveler's invocation for the one he leaves behind,مسافر کی مقیم (پیچھے رہ جانے والے) کے لیے دعا,The traveler's invocation for the one he leaves behind,((أَسْتَوْدِعُكُمُ اللَّهَ الَّذِي لاَ تَضِيعُ وَدَائِعُهُ)).,Astawdiʿukumu llāha alladhī lā taḍīʿu wa dāʾiʿuh,"(I place you in the trust of Allah, whose trust is never misplaced.)",میں تمہیں اس اللہ کے سپرد کرتا ہوں جس کی امانتیں کبھی ضائع نہیں ہوتیں۔,मैं तुम्हें उस अल्लाह के सुपुर्द करता हूँ जिसकी अमानतें कभी ज़ाया नहीं होतीं।,1,https://audio.opendua.org/hisn/v0.0.2/OD-211.mp3
101-01,101,1,The resident's invocations for the traveler,مقیم کی مسافر کے لیے دعا,The resident's invocations for the traveler,(( أَسْتَوْدِعُ اللَّهَ دِينَكَ، وَأَمَانَتَكَ، وَخَوَاتِيمَ عَمَلِكَ)).,"Astawdiʿu llāha dīnaka, wa amānataka, wa khawātīma ʿamalik","(I place your religion, your faithfulness and the ends of your deeds in the trust of Allah.)",میں تمہارے دین، تمہاری امانت اور تمہارے اعمال کے انجام کو اللہ کے سپرد کرتا ہوں۔,"मैं तुम्हारे दीन, तुम्हारी अमानत और तुम्हारे आमाल के अंजाम को अल्लाह के सुपुर्द करता हूँ।",1,https://audio.opendua.org/hisn/v0.0.2/OD-212.mp3
101-02,101,2,The resident's invocations for the traveler,مقیم کی مسافر کے لیے دعا,The resident's invocations for the traveler,((زَوَّدَكَ اللَّهُ التَّقْوَى، وَغَفَرَ ذَنْبَكَ، وَيَسَّرَ لَكَ الخَيْرَ حَيْثُ ما كُنْتَ)).,"Zawwadaka llāhu at-taqwā, wa ghafara dhanbaka, wa yassara laka l-khayra ḥaythu m kunt","(May Allah endow you with taqwa, forgive your sins and facilitate all good for you, wherever you be.)(taqwa: a comprehensive term which refers to all good actions and obedience i.e. performing the commanded actions and avoiding the prohibited actions.)",اللہ تمہیں تقویٰ کا توشہ دے، تمہارے گناہ بخش دے، اور جہاں بھی تم رہو تمہارے لیے بھلائی آسان کر دے۔,"अल्लाह तुम्हें तक़वा की तौशा दे, तुम्हारे गुनाह बख़्श दे, और जहाँ भी तुम रहो तुम्हारे लिए भलाई आसान कर दे।",1,https://audio.opendua.org/hisn/v0.0.2/OD-213.mp3
102-01,102,1,Glorifying and magnifying Allah on the journey,سفر کے دوران تکبیر و تسبیح,Glorifying and magnifying Allah on the journey,قَالَ جَابِرٌ رضي الله عنه: ((كُنَّا إِذَا صَعَدْنَا كَبَّرْنَا، وَإِذَا نَزَلْنَا سَبَّحْنَا)).,,Jabir said: Whenever we went up a hill we would say Allaahu 'Akber (Allah is the Most Great) and when we descended we would say Subhaanallaah (Glory is to Allah),جابر رضی اللہ عنہ نے کہا: جب ہم اونچائی پر چڑھتے تو تکبیر کہتے، اور جب نیچے اترتے تو تسبیح کہتے۔,"जाबिर रज़ियल्लाहु अन्हु ने कहा: जब हम ऊँचाई पर चढ़ते तो तकबीर कहते, और जब नीचे उतरते तो तसबीह कहते।",1,
103-01,103,1,The traveler's invocation at dawn,مسافر کی صبح صادق کے وقت دعا,The traveler's invocation at dawn,((سَمَّعَ سَامِعٌ بِحَمْدِ اللَّهِ، وَحُسْنِ بَلاَئِهِ عَلَيْنَا، رَبَّنَا صاحِبْنَا، وَأَفْضِلْ عَلَيْنَا، عَائِذاً بِاللَّهِ مِنَ النَّارِ)).,"Sammaʿa sāmiʿun bi-ḥamdi llāhi, wa ḥusni balāʾihi ʿalaynā, rabbanā ṣḥibnā, wa afḍil ʿalaynā, ʿāʾidhan bi-llāhi mina an-nār","(May a witness, be witness to our praise of Allah for His favours and bounties upon us. Our Lord, protect us, show favour on us and deliver us from every evil. I take refuge in Allah from the fire.)",کسی سننے والے نے ہماری اللہ کی تعریف اور اس کے ہم پر کیے گئے اچھے احسان کی گواہی سنی۔ اے ہمارے رب! ہمارے ساتھ رہ، اور ہم پر فضل فرما، میں آگ سے اللہ کی پناہ مانگتا ہوں۔,"किसी सुनने वाले ने हमारी अल्लाह की तारीफ़ और उसके हम पर किए गए अच्छे एहसान की गवाही सुनी। ऐ हमारे रब! हमारे साथ रह, और हम पर फ़ज़्ल फ़रमा, मैं आग से अल्लाह की पनाह माँगता हूँ।",1,https://audio.opendua.org/hisn/v0.0.2/OD-215.mp3
104-01,104,1,Invocation for a layover (stopping along the way) on the journey,سفر یا کسی اور موقع پر پڑاؤ کرنے پر دعا,Invocation for a layover (stopping along the way) on the journey,((أَعُوذُ بِكَلِمَاتِ اللَّهِ التَّامَّاتِ مِنْ شَرِّ مَا خَلَقَ)).,Aʿūdhu bi-ka-li-māti llāhi at-tāmmāti min sharri mā khalaq,(I take refuge in Allah’s perfect words from the evil that He has created.),میں اللہ کے مکمل کلمات کے ذریعے ان تمام چیزوں کی برائی سے پناہ مانگتا ہوں جو اس نے پیدا کی ہیں۔,मैं अल्लाह के मुकम्मल कलिमात के ज़रिये उन तमाम चीज़ों की बुराई से पनाह माँगता हूँ जो उसने पैदा की हैं।,1,https://audio.opendua.org/hisn/v0.0.2/OD-216.mp3
105-01,105,1,What to say upon returning from a journey,سفر سے واپسی کا ذکر,What to say upon returning from a journey,((يُكَبِّرُ عَلَى كُلِّ شَرَفٍ ثَلاَثَ تَكْبِيرَاتٍ ثُمَّ يَقُولُ: لاَ إِلَهَ إِلاَّ اللَّهُ وَحْدَهُ لاَ شَرِيكَ لَهُ، لَهُ الْمُلْكُ، وَلَهُ الْحَمْدُ، وَهُوَ عَلَى كُلِّ شَيْءٍ قَدِيرٌ، آيِبُونَ، تَائِبُونَ، عَابِدُونَ، لِرَبِّنا حَامِدُونَ، صَدَقَ اللَّهُ وَعْدَهُ، وَنَصَرَ عَبْدَهُ، وَهَزَمَ الْأَحْزابَ وَحْدَهُ)).,"Lā ilāha illā llāhu waḥdahu lā sharīka lahu, lahu l-mulku, walahu l-ḥamdu, wahuwa ʿalā kulli shayʾin qadīrun, āyibūna, tāʾibūna, ʿābidūna, li-rabbin ḥāmidūna, ṣadaqa llāhu waʿdahu, wa naṣara ʿabdahu, wa hazama l-ʾaḥzba waḥdah","(Ibn 'umar reported that the Messenger of Allah on return from a battle or from performing the pilgrimage would say at every high point: (Allah is the greatest, Allah is the greatest, Allah is the greatest.) and then he would say: (None has the right to be worshipped except Allah, alone, without partner. To Him belongs all sovereignty and praise, and He is over all things omnipotent. We return, repent, worship and praise our Lord. Allah fulfilled His promise, aided His Servant, and single-handedly defeated the allies.))",ہر بلندی پر تین بار تکبیر کہتے، پھر فرماتے: اللہ کے سوا کوئی معبود نہیں، وہ اکیلا ہے، اس کا کوئی شریک نہیں، اسی کی بادشاہت ہے اور اسی کے لیے تعریف ہے، اور وہ ہر چیز پر قادر ہے۔ ہم لوٹنے والے، توبہ کرنے والے، عبادت کرنے والے، اپنے رب کی حمد بیان کرنے والے ہیں۔ اللہ نے اپنا وعدہ سچا کر دکھایا، اپنے بندے کی مدد کی، اور تمام لشکروں کو اکیلے شکست دی۔,"हर ऊँची जगह पर तीन बार तकबीर कहते फिर कहते: अल्लाह के सिवा कोई सच्चा माबूद नहीं, वह अकेला है, उसका कोई शरीक नहीं, बादशाहत उसी की है, तारीफ़ उसी की है, और वह हर चीज़ पर क़ादिर है। हम लौटने वाले हैं, तौबा करने वाले हैं, इबादत करने वाले हैं, अपने रब की तारीफ़ करने वाले हैं। अल्लाह ने अपना वादा सच कर दिखाया, अपने बंदे की मदद की, और अकेले ही गिरोहों को शिकस्त दी।",1,https://audio.opendua.org/hisn/v0.0.2/OD-217.mp3
106-01,106,1,What to say if something happens to please you or to displease you,جسے کوئی خوش کن یا ناگوار بات پیش آئے وہ کیا کہے,What to say if something happens to please you or to displease you,كَانَ النَّبِيُّ صلى الله عليه وسلم إِذَا أَتَاهُ الْأَمْرُ يَسُرُّهُ قَالَ: ((الْحَمْدُ لِلَّهِ الَّذِي بِنِعْمَتِهِ تَتِمُّ الصَّالِحَاتُ)) وَإِذَا أَتَاهُ الْأَمْرُ يَكْرَهُهُ قَالَ: ((الْحَمْدُ لِلَّهِ عَلَى كُلِّ حَالٍ)).,"Al-ḥamdu li-llāhi alladhī bi-niʿmatihi tatimmu aṣ-ṣāliḥāt
Al-ḥamdu li-llāhi ʿalā kulli ḥāl","When something happened that pleased him, the Prophet used to say:((Alhamdu lillaahil-lathee bini'matihi tatimmuus-saalihaat)). Praise is to Allah Who by His blessings all good things are perfected. And if something happened that displeased him, he used to say:((Alhamdulillaahi 'alaa kulli haal)).Praise is to Allah in all circumstances.",نبی کریم ﷺ جب کوئی خوش کن بات پیش آتی تو فرماتے: تمام تعریفیں اللہ کے لیے ہیں جس کی نعمت سے نیک اعمال مکمل ہوتے ہیں۔ اور جب کوئی ناپسندیدہ بات پیش آتی تو فرماتے: ہر حال میں اللہ کی تعریف ہے۔,"नबी ﷺ को जब कोई ऐसी बात पेश आती जो उन्हें ख़ुश करती तो वे कहते: सब तारीफ़ अल्लाह के लिए है जिसकी नेमत से नेक काम मुकम्मल होते हैं, और जब कोई ऐसी बात पेश आती जो उन्हें नागवार गुज़रती तो वे कहते: हर हाल में अल्लाह के लिए तारीफ़ है।",1,https://audio.opendua.org/hisn/v0.0.2/OD-218-1.mp3
107-01,107,1,The excellence of asking for Allah's blessings upon the Prophet (PBUH),نبی ﷺ پر درود بھیجنے کی فضیلت,The excellence of asking for Allah's blessings upon the Prophet (PBUH),قَالَ النَّبِيُّ صلى الله عليه وسلم: ((مَنْ صَلَّى عَلَيَّ صَلاَةً صَلَّى اللَّهُ عَلَيْهِ بِهَا عَشْراً)).,,"(The Prophet (PBUH) said: ‘Whoever sends a prayer upon me, Allah sends ten upon him.)",نبی کریم ﷺ نے فرمایا: جو شخص مجھ پر ایک بار درود بھیجے، اللہ اس پر اس کے بدلے دس رحمتیں نازل فرماتا ہے۔,"नबी ﷺ ने फ़रमाया: (जो मुझ पर एक बार दुरूद भेजे, अल्लाह उस पर दस दुरूद भेजता है।)",1,
107-02,107,2,The excellence of asking for Allah's blessings upon the Prophet (PBUH),نبی ﷺ پر درود بھیجنے کی فضیلت,The excellence of asking for Allah's blessings upon the Prophet (PBUH),وَقَالَ صلى الله عليه وسلم: ((لاَ تَجْعَلُوا قَبْرِي عِيداً وَصَلُّوا عَلَيَّ؛ فَإِنَّ صَلاَتَكُم تَبْلُغُنِي حَيْثُ كُنْتُمْ)).,,"(He (PBUH) also said: ‘Do not take my grave as a place of habitual ceremony. Send prayers upon me, for verily your prayers reach me wherever you are.)",آپ ﷺ نے یہ بھی فرمایا: میری قبر کو میلہ گاہ نہ بناؤ، اور مجھ پر درود بھیجتے رہو، کیونکہ تمہارا درود مجھ تک پہنچتا ہے تم جہاں بھی ہو۔,"और फ़रमाया ﷺ: (मेरी क़ब्र को ईद (मेला) न बनाओ, बल्कि मुझ पर दुरूद भेजो, क्योंकि तुम्हारा दुरूद मुझ तक पहुँचता है, तुम जहाँ भी हो।)",1,
107-03,107,3,The excellence of asking for Allah's blessings upon the Prophet (PBUH),نبی ﷺ پر درود بھیجنے کی فضیلت,The excellence of asking for Allah's blessings upon the Prophet (PBUH),وَقَالَ صلى الله عليه وسلم: ((الْبَخِيلُ مَنْ ذُكِرْتُ عِنْدَهُ فَلَمْ يُصَلِّ عَلَيَّ)).,,"(He (PBUH) also said: ‘A miser is one whom when I am mentioned to him, fails to send prayers upon me.)",آپ ﷺ نے یہ بھی فرمایا: بخیل وہ ہے جس کے سامنے میرا ذکر کیا جائے اور وہ مجھ پر درود نہ بھیجے۔,और फ़रमाया ﷺ: (कंजूस वह है जिसके सामने मेरा ज़िक्र किया जाए और वह मुझ पर दुरूद न भेजे।),1,
107-04,107,4,The excellence of asking for Allah's blessings upon the Prophet (PBUH),نبی ﷺ پر درود بھیجنے کی فضیلت,The excellence of asking for Allah's blessings upon the Prophet (PBUH),وَقَالَ صلى الله عليه وسلم:((إِنَّ لِلَّهِ مَلاَئِكَةً سَيَّاحِينَ فِي الْأَرْضِ يُبَلِّغُونِي مِنْ أُمَّتِي السَّلاَمَ)).,,The Prophet [PBUH] said:'Indeed Allah has angels who roam the earth and they convey to me the greetings (or prayers of peace) of my 'Ummah (nation).,آپ ﷺ نے یہ بھی فرمایا: اللہ تعالیٰ کے کچھ فرشتے زمین میں سیر کرتے پھرتے ہیں جو میری امت کا سلام مجھ تک پہنچاتے ہیں۔,और फ़रमाया ﷺ: (अल्लाह के कुछ फ़रिश्ते ज़मीन में घूमते रहते हैं जो मेरी उम्मत का सलाम मुझ तक पहुँचाते हैं।),1,
107-05,107,5,The excellence of asking for Allah's blessings upon the Prophet (PBUH),نبی ﷺ پر درود بھیجنے کی فضیلت,The excellence of asking for Allah's blessings upon the Prophet (PBUH),وَقَالَ صلى الله عليه وسلم: ((مَا مِنْ أَحَدٍ يُسَلِّمُ عَلَيَّ إِلاَّ رَدَّ اللَّهُ عَلَيَّ رُوحِيَ حَتَّى أَرُدَّ عَلَيْهِ السَّلاَمَ)).,,The Prophet [PBUH] said: 'No one sends greetings (or prayers of peace) upon me but Allah returns my soul to me so that I may return his greetings,آپ ﷺ نے یہ بھی فرمایا: جو کوئی بھی مجھ پر سلام بھیجتا ہے، اللہ میری روح مجھے لوٹا دیتا ہے یہاں تک کہ میں اس کے سلام کا جواب دوں۔,"और फ़रमाया ﷺ: (जो कोई मुझ पर सलाम भेजता है, अल्लाह मेरी रूह मुझे वापस कर देता है यहाँ तक कि मैं उसके सलाम का जवाब दूँ।)",1,
108-01,108,1,Spreading the greetings of Salam (Peace),سلام کو عام کرنا,Spreading the greetings of Salam (Peace),قَالَ رَسُولُ اللَّهِ صلى الله عليه وسلم: ((لاَ تَدْخُلُوا الْجَنَّةَ حَتَّى تُؤْمِنُوا، وَلاَ تُؤْمِنُوا حَتَّى تَحَابُّوا، أَوَلاَ أَدُلُّكُم عَلَى شَيْءٍ إِذَا فَعَلْتُمُوهُ تَحَابَبْتُم، أَفْشُوا السَّلاَمَ بَيْنَكُمْ)).,,"(The Messenger of Allah said: ‘You shall not enter paradise until you believe, and you shall not believe until you love one another. Shall I not inform you of something, if you were to act upon it, you will indeed achieve mutual love for one another? Spread the greeting amongst yourselves.)",رسول اللہ ﷺ نے فرمایا: تم جنت میں داخل نہیں ہو سکتے جب تک ایمان نہ لاؤ، اور تم مومن نہیں بن سکتے جب تک آپس میں محبت نہ کرو۔ کیا میں تمہیں ایسی چیز نہ بتاؤں کہ اگر تم اسے اپناؤ تو آپس میں محبت پیدا ہو جائے؟ آپس میں سلام کو عام کرو۔,"अल्लाह के रसूल ﷺ ने फ़रमाया: (तुम जन्नत में तब तक नहीं जाओगे जब तक ईमान न लाओ, और तुम ईमान नहीं ला सकते जब तक आपस में मुहब्बत न करो। क्या मैं तुम्हें ऐसी बात न बताऊँ जिसे करने से तुम आपस में मुहब्बत करने लगोगे? आपस में सलाम फैलाओ।)",1,
108-02,108,2,Spreading the greetings of Salam (Peace),سلام کو عام کرنا,Spreading the greetings of Salam (Peace),((ثَلاَثٌ مَنْ جَمَعَهُنَّ فَقَدْ جَمَعَ الْإِيمَانَ: الْإِنْصَافُ مِنْ نَفْسِكَ، وَبَذْلُ السَّلاَمِ لِلْعَالَمِ، وَالْإِنْفَاقُ مِنَ الإِقْتَارِ)).,,"(Aammar said: ‘Three characteristics, whoever combines them, has completed his faith: to be just, to spread greetings to all people and to spend (charitably) out of the little you have.)",تین باتیں جس نے جمع کر لیں اس نے ایمان مکمل کر لیا: اپنے نفس کے خلاف انصاف کرنا، ساری دنیا کو سلام عام کرنا، اور تنگ دستی کے باوجود خرچ کرنا۔,"(जिसने तीन बातें जमा कर लीं उसने ईमान को पूरा कर लिया: अपने आप से इंसाफ़ करना, सारी दुनिया को सलाम फैलाना, और तंगी में भी ख़र्च करना।)",1,
108-03,108,3,Spreading the greetings of Salam (Peace),سلام کو عام کرنا,Spreading the greetings of Salam (Peace),وَعَنْ عَبْدِ اللَّهِ بْنِ عُمَرَ رَضِيَ اللَّهُ عَنْهُمَا: أنَّ رَجُلاً سَأَلَ النَّبِيَّ صلى الله عليه وسلم أيُّ الْإِسْلاَمِ خَيْرٌ قَالَ: ((تُطْعِمُ الطَّعَامَ، وَتَقْرأُ السَّلاَمَ عَلَى مَنْ عَرَفْتَ وَمَنْ لَمْ تَعْرِفْ)).,,"(Aabdullah Ibn Aamr reported that a man asked the Prophet : ‘Which Islam is the best?’. He replied: Feed (the poor), and greet those whom you know as well as those whom you do not.)",عبداللہ بن عمرؓ سے روایت ہے کہ ایک شخص نے نبی کریم ﷺ سے پوچھا: کون سا اسلام بہتر ہے؟ آپ ﷺ نے فرمایا: کھانا کھلانا، اور سلام کرنا ہر اس شخص کو جسے تم جانتے ہو اور جسے نہیں جانتے۔,"अब्दुल्लाह बिन उमर रज़ियल्लाहु अन्हुमा से रिवायत है कि एक आदमी ने नबी ﷺ से पूछा कौन सा इस्लाम बेहतर है, तो उन्होंने फ़रमाया: (खाना खिलाओ, और सलाम करो उसे भी जिसे तुम जानते हो और उसे भी जिसे तुम नहीं जानते।)",1,
109-01,109,1,How to reply to a disbeliever if he says Salam to you,کافر سلام کرے تو اس کے سلام کا جواب کیسے دیں,How to reply to a disbeliever if he says Salam to you,((إذَا سَلَّمَ عَلَيْكُمْ أَهْلُ الْكِتَابِ فَقُولُوا: وَعَلَيْكُمْ)).,Wa ʿalaykum,"(When the people of the Book greet you, reply by saying: (And upon you.))",جب اہلِ کتاب تمہیں سلام کریں تو کہو: وعلیکم (اور تم پر بھی)۔,(जब अहले-किताब तुम्हें सलाम करें तो कहो: वअलैकुम।),1,https://audio.opendua.org/hisn/v0.0.2/OD-227.mp3
110-01,110,1,Invocation upon hearing the cock's crow or the bray of a donkey,مرغے کی بانگ یا گدھے کی آواز سننے پر دعا,Invocation upon hearing the cock's crow or the bray of a donkey,((إِذَا سَمِعْتُمْ صِيَاحَ الدِّيَكَةِ فَاسْأَلُوا اللَّهَ مِنْ فَضْلِهِ؛ فَإِنَّهَا رَأَتْ مَلَكاً وَإِذَا سَمِعْتُمْ نَهِيقَ الْحِمَارِ فَتَعَوَّذُوا بِاللَّهِ مِنَ الشَّيطَانِ؛ فَإِنَّهُ رَأَى شَيْطَاناً)).,,"(If you hear the crow of a rooster, ask Allah for his bounty for it has seen an angel and if you hear the braying of an ass, seek refuge in Allah for it has seen a devil.)",جب تم مرغ کی آواز سنو تو اللہ سے اس کے فضل کا سوال کرو، کیونکہ اس نے فرشتہ دیکھا ہے، اور جب تم گدھے کی آواز سنو تو شیطان سے اللہ کی پناہ مانگو، کیونکہ اس نے شیطان دیکھا ہے۔,"(जब तुम मुर्गों की बांग सुनो तो अल्लाह से उसका फ़ज़्ल माँगो, क्योंकि उसने फ़रिश्ता देखा है, और जब तुम गधे की आवाज़ सुनो तो शैतान से अल्लाह की पनाह माँगो, क्योंकि उसने शैतान देखा है।)",1,
111-01,111,1,Invocation upon hearing a dog barking in the night,رات میں کتوں کے بھونکنے پر دعا,Invocation upon hearing a dog barking in the night,((إِذَا سَمِعْتُمْ نُبَاحَ الْكِلاَبِ وَنَهِيقَ الْحَمِيرِ بِاللَّيْلِ فَتَعَوَّذُوا بِاللَّهِ مِنْهُنَّ؛ فَإِنَّهُنَّ يَرَيْنَ مَا لاَ تَرَوْنَ)).,,"(If you hear the barking of dogs or the braying of asses at night, seek refuge in Allah for they see what you do not.)",جب تم رات کے وقت کتوں کے بھونکنے اور گدھوں کے رینکنے کی آواز سنو تو ان سے اللہ کی پناہ مانگو، کیونکہ وہ ایسی چیزیں دیکھتے ہیں جنہیں تم نہیں دیکھتے۔,"(जब तुम रात को कुत्तों के भौंकने और गधों की आवाज़ सुनो तो उनसे अल्लाह की पनाह माँगो, क्योंकि वे वह देखते हैं जो तुम नहीं देखते।)",1,
112-01,112,1,Invocation for someone you have spoken ill to,جسے آپ نے برا بھلا کہا ہو اس کے لیے دعا,Invocation for someone you have spoken ill to,قَالَ النَّبِيُّ صلى الله عليه وسلم: ((اللَّهُمَّ فَأَيُّمَا مُؤْمِنٍ سَبَبْتُهُ فَاجْعَلْ ذَلِكَ لَهُ قُرْبَةً إِلَيْكَ يَوْمَ الْقِيَامَةِ)).,Allāhumma fa ayyumā muʾminin sababtuhu fa ijʿal dhālika lahu qurbatan ilayka yawma l-qiyāmah,"(O Allah, to any believer whom I have insulted, let that be cause to draw him near to You on the Day of Resurrection.)",نبی کریم ﷺ نے فرمایا: اے اللہ، میں نے جس مومن کو برا بھلا کہا ہو تو اسے قیامت کے دن اس کے لیے اپنے قرب کا ذریعہ بنا دے۔,"नबी ﷺ ने फ़रमाया: (ऐ अल्लाह, जिस भी मोमिन को मैंने बुरा-भला कहा हो, उसे क़यामत के दिन अपने नज़दीक होने का ज़रिया बना दे।)",1,https://audio.opendua.org/hisn/v0.0.2/OD-230.mp3
113-01,113,1,How a Muslim should praise another Muslim,مسلمان کسی مسلمان کی تعریف کرتے وقت کیا کہے,How a Muslim should praise another Muslim,قَالَ النَّبِيُّ صلى الله عليه وسلم: ((إِذَا كَانَ أَحَدُكُم مَادِحاً صَاحِبَهُ لاَ مَحَالَةَ فَلْيَقُلْ: أَحْسِبُ فُلاَناً وَاللَّهُ حَسِيبُهُ، وَلاَ أُزَكِّي عَلَى اللَّهِ أَحَداً، أَحْسِبُهُ – إِنْ كَانَ يَعْلَمُ ذَاكَ – كَذَا وَكَذَا)).,"Aḥsibu fulānan wa-llāhu ḥasībuhu, walā uzakkī ʿalā llāhi aḥadā","(He said: ‘If anyone of you is impelled to praise his brother, then he should say: ‘I deem so-and-so to be…and Allah is his reckoner…and I don’t praise anyone, putting it (i.e. my praising) forward, in front of Allah’s commendation, however I assume him so and so’…if he knows that of him.)",نبی کریم ﷺ نے فرمایا: اگر تم میں سے کسی کو اپنے ساتھی کی تعریف کیے بغیر چارہ نہ ہو تو یہ کہے: میں فلاں شخص کے بارے میں ایسا گمان کرتا ہوں، اور اللہ ہی اس کا حساب لینے والا ہے، اور میں اللہ کے سامنے کسی کو پاک صاف قرار نہیں دیتا، میں اس کے بارے میں گمان کرتا ہوں — اگر وہ اسے جانتا ہو — کہ وہ ایسا ایسا ہے۔,"नबी ﷺ ने फ़रमाया: (जब तुममें से किसी को अपने साथी की तारीफ़ करनी ही हो तो वह कहे: मैं फ़लाँ को ऐसा समझता हूँ, और अल्लाह ही उसका हिसाब लेने वाला है, मैं अल्लाह के सामने किसी को पाक-साफ़ नहीं ठहराता, मैं उसे — अगर वह इसे जानता हो — ऐसा-ऐसा समझता हूँ।)",1,https://audio.opendua.org/hisn/v0.0.2/OD-231.mp3
114-01,114,1,What a Muslim should say when he is praised,مسلمان کی تعریف کی جائے تو وہ کیا کہے,What a Muslim should say when he is praised,((اللَّهُمَّ لاَ تُؤَاخِذْنِي بِمَا يَقُولُونَ، وَاغْفِرْ لِي مَا لاَ يَعْلَمُونَ، [وَاجْعَلْنِي خَيْراً مِمَّا يَظُّنُّونَ])).,"Allāhumma lā tuʾākhidhnī bimā yaqūlūna, wa ighfir lī mā lā yaʿlamūna, wa ijʿalnī khayran mimmā yaẓẓunnūn","O Allah, do not call me to account for what they say and forgive me for what they have no knowledge of [and make me better than they imagine].",اے اللہ، مجھے اس بات پر نہ پکڑ جو لوگ کہتے ہیں، اور مجھے اس چیز کی معافی دے جو وہ نہیں جانتے، [اور مجھے اس سے بہتر بنا دے جو وہ گمان کرتے ہیں]۔,"(ऐ अल्लाह, मुझे उस पर न पकड़ जो लोग कहते हैं, और मुझे उसकी माफ़ी दे जो वे नहीं जानते, [और मुझे उससे बेहतर बना दे जो वे समझते हैं]।)",1,https://audio.opendua.org/hisn/v0.0.2/OD-232.mp3
115-01,115,1,The pilgrim's announcement of his arrival for Hajj or Umrah,حج یا عمرہ کا محرم تلبیہ کیسے کہے؟,The pilgrim's announcement of his arrival for Hajj or Umrah,((لَبَّيْكَ اللَّهُمَّ لَبَّيْكَ، لَبَّيْكَ لاَ شَرِيكَ لَكَ لَبَّيْكَ، إِنَّ الْحَمْدَ، وَالنِّعْمَةَ، لَكَ وَالْمُلْكَ، لاَ شَرِيكَ لَكَ)).,"Labbayka llāhumma labbayka, labbayka lā sharīka laka labbayka, inna l-ḥamda, wa an-niʿmata, laka wa-l-mulka, lā sharīka lak","(Here I am O Allah, (in response to Your call), here I am. Here I am, You have no partner, here I am. Verily all praise, grace and sovereignty belong to You. You have no partner.)",حاضر ہوں اے اللہ، حاضر ہوں، حاضر ہوں، تیرا کوئی شریک نہیں، حاضر ہوں، بے شک تعریف اور نعمت تیرے ہی لیے ہے اور بادشاہت بھی، تیرا کوئی شریک نہیں۔,"(हाज़िर हूँ, ऐ अल्लाह, हाज़िर हूँ, हाज़िर हूँ, तेरा कोई शरीक नहीं, हाज़िर हूँ, बेशक तारीफ़, नेमत, और बादशाहत तेरे लिए है, तेरा कोई शरीक नहीं।)",1,https://audio.opendua.org/hisn/v0.0.2/OD-233.mp3
116-01,116,1,Saying Allahu Akbar when passing the Black Stone,حجرِ اسود کے پاس آنے پر تکبیر,Saying Allahu Akbar when passing the Black Stone,((طَافَ النَّبيُّ صلى الله عليه وسلم بِالْبَيْتِ عَلَى بَعِيرٍ كُلَّمَا أَتَى الرُّكْنَ أَشَارَ إِلَيْهِ بِشَيْءٍ عِنْدَهُ وَكَبَّرَ)).,,"(The Prophet circled the Ka'bah on a camel, every time he reached the black stone he would point to it with his staff and say: (Allah is the greatest))",نبی کریم ﷺ نے اونٹ پر سوار ہو کر بیت اللہ کا طواف کیا، جب بھی حجرِ اسود کے پاس پہنچتے تو اپنے پاس موجود کسی چیز سے اس کی طرف اشارہ فرماتے اور تکبیر کہتے۔,"(नबी ﷺ ऊँट पर सवार होकर काबे का तवाफ़ करते, जब भी रुक्न (हजरे-अस्वद) के पास आते तो अपने पास मौजूद किसी चीज़ से उसकी ओर इशारा करते और तकबीर कहते।)",1,
117-01,117,1,Invocation to be recited between the Yemenite Corner and the Black Stone,رکنِ یمانی اور حجرِ اسود کے درمیان کی دعا,Invocation to be recited between the Yemenite Corner and the Black Stone,((﴿رَبَّنَا آتِنَا فِي الدُّنْيَا حَسَنَةً وَفِي الْآخِرَةِ حَسَنَةً وَقِنَا عَذَابَ النَّارِ﴾)).,Rabbanā ātinā fī ad-dunyā ḥasanatan wa fī l-ʾākhirati ḥasanatan wa qinā ʿadhāba an-nār,"The Prophet PBUH used to say between the Yemeni corner and the black stone: (O our Lord, grant us the best in this life and the best in the next life, and protect us from the punishment of the Fire.)",اے ہمارے رب! ہمیں دنیا میں بھلائی عطا فرما اور آخرت میں بھی بھلائی عطا فرما، اور ہمیں آگ کے عذاب سے بچا۔,"नबी ﷺ रुक्ने-यमानी और हजरे-अस्वद के बीच यह दुआ पढ़ा करते थे: (ऐ हमारे रब, हमें दुनिया में भलाई दे और आख़िरत में भी भलाई दे, और हमें आग के अज़ाब से बचा।)",1,https://audio.opendua.org/hisn/v0.0.2/OD-235.mp3
118-01,118,1,Invocation to be recited while standing at Safa and Marwah,صفا و مروہ پر کھڑے ہوتے وقت کی دعا,Invocation to be recited while standing at Safa and Marwah,لَمَّا دَنَا النَّبِيُّ صلى الله عليه وسلم مِنَ الصَّفَا قَرَأَ: ﴿إِنَّ الصَّفَا وَالْمَرْوَةَ مِنْ شَعَآئِرِ اللَّهِ﴾ أَبْدَأُ بِمَا بَدَأَ اللَّهُ بِهِ)) فَبَدَأَ بِالصَّفَا فَرَقِيَ عَلَيْهِ حَتَّى رَأَى الْبَيْتَ، فَاسْتَقْبَلَ الْقِبْلَةَ، فَوَحَّدَ اللَّهَ وَكبَّرَهُ وَقَالَ: ((لاَ إِلَهَ إِلاَّ اللَّهُ وَحْدَهُ لاَ شَرِيكَ لَهُ، لَهُ الْمُلْكُ وَلَهُ الْحَمْدُ وَهُوَ عَلَى كُلِّ شَيْءٍ قَدِيرٌ، لاَ إِلَهَ إِلاَّ اللَّهُ وَحْدَهُ، أَنْجَزَ وَعْدَهُ، وَنَصَرَ عَبْدَهُ، وَهَزَمَ الْأَحْزَابَ وَحْدَهُ، ثُمَّ دَعَا بَيْنَ ذلكَ. قَالَ مِثْلَ هَذَا ثَلاَثَ مَرَّاتٍ)) الْحَدِيثُ. وَفِيهِ: ((فَفَعَلَ عَلَى الْمَرْوَةِ كَمَا فَعَلَ عَلَى الصَّفَا)).,"Inna aṣ-ṣafā wa-l-marwata min shaʿāʾiri llāhi abdaʾu bimā badaʾa llāhu bih
Lā ilāha illā llāhu, allāhu akbar
Lā ilāha illā llāhu waḥdahu lā sharīka lahu, lahu l-mulku walahu l-ḥamdu wahuwa ʿalā kulli shayʾin qadīrun, lā ilāha illā llāhu waḥdahu, anjaza waʿdahu, wa naṣara ʿabdahu, wa hazama l-ʾaḥzāba waḥdah","(Jabir said when describing the Prophet’s pilgrimage: ‘…and when he approached mount Safa he recited: (Indeed Safa and Marwah are from the places of worship of Allah…) (I begin with what Allah began with.) so he started with Safa and climed it until he could see the Ka'bah, he then faced it and said: (Allah is the greatest, Allah is the greatest, Allah is the greatest.) and then he would say the following three times making a supplication (one should make a personal supplication) after each time: (None has the right to be worshipped except Allah, alone, without partner.To Him belongs all sovereignty and praise and He is over all things amnipotent. None has the right to be worshipped except Allah alone. He fulfilled His promise, aided His Servant and single-handedly defeated the allies.)) (he would repeat this action at Marwah.)",جب نبی کریم ﷺ صفا کے قریب پہنچے تو یہ آیت پڑھی: بے شک صفا اور مروہ اللہ کی نشانیوں میں سے ہیں۔ میں اسی سے آغاز کرتا ہوں جس سے اللہ نے آغاز فرمایا۔ چنانچہ آپ ﷺ نے صفا سے ابتدا کی اور اس پر چڑھے یہاں تک کہ بیت اللہ کو دیکھ لیا، پھر قبلہ رخ ہو کر اللہ کی توحید اور تکبیر بیان کی اور فرمایا: اللہ کے سوا کوئی معبود نہیں، وہ اکیلا ہے، اس کا کوئی شریک نہیں، اسی کی بادشاہت ہے اور اسی کے لیے تعریف ہے، اور وہ ہر چیز پر قادر ہے۔ اللہ کے سوا کوئی معبود نہیں، وہ اکیلا ہے، اس نے اپنا وعدہ پورا کیا، اپنے بندے کی مدد کی، اور تمام لشکروں کو اکیلے شکست دی۔ پھر اس کے درمیان دعا کی۔ یہی بات آپ ﷺ نے تین بار دہرائی۔ حدیث میں یہ بھی ہے کہ آپ ﷺ نے مروہ پر بھی وہی کیا جو صفا پر کیا تھا۔,"जब नबी ﷺ सफ़ा के क़रीब पहुँचे तो उन्होंने यह आयत पढ़ी: (बेशक सफ़ा और मरवा अल्लाह की निशानियों में से हैं), (मैं वहीं से शुरू करता हूँ जहाँ से अल्लाह ने शुरू किया) फिर उन्होंने सफ़ा से शुरुआत की और उस पर चढ़े यहाँ तक कि उन्होंने काबा देखा, तो क़िबले की ओर मुँह किया, अल्लाह की तौहीद और तकबीर कही और फ़रमाया: (अल्लाह के सिवा कोई माबूद नहीं, वह अकेला है, उसका कोई शरीक नहीं, बादशाहत उसी की है और तारीफ़ उसी के लिए है और वह हर चीज़ पर क़ादिर है, अल्लाह के सिवा कोई माबूद नहीं, वह अकेला है, उसने अपना वादा पूरा किया, अपने बंदे की मदद की, और अकेले ही सारे गिरोहों को हरा दिया।) फिर उन्होंने इसके बीच में दुआ की। उन्होंने यह बात तीन बार कही। हदीस में है: (उन्होंने मरवा पर भी वैसा ही किया जैसा सफ़ा पर किया था।)",1,https://audio.opendua.org/hisn/v0.0.2/OD-236-1.mp3
119-01,119,1,Invocation to be recited on the Day of Arafat,یومِ عرفہ کی دعا,Invocation to be recited on the Day of Arafat,قَالَ النَّبِيُّ صلى الله عليه وسلم: ((خَيْرُ الدُّعَاءِ دُعَاءُ يَوْمِ عَرَفَةَ، وَخَيْرُ مَا قُلْتُ أَنَا وَالنَّبيُّونَ مِنْ قَبْلِي: لاَ إِلَهَ إِلاَّ اللَّهُ وَحْدَهُ لاَ شَرِيكَ لَهُ، لَهُ الْمُلْكُ وَلَهُ الْحَمْدُ وَهُوَ عَلَى كُلِّ شَيْءٍ قَدِيرٌ)).,"Lā ilāha illā llāhu waḥdahu lā sharīka lahu, lahu l-mulku walahu l-ḥamdu wahuwa ʿalā kulli shayʾin qadīr","(The best of supplications is the supplication on the day of 'arafah and the best which I and the Prophets before me have said (is): (None has the right to be worshipped except Allah, alone, without partner. To Him belongs all praise and sovereignty and He is over all things omnipotent.))",نبی کریم ﷺ نے فرمایا: سب سے بہتر دعا عرفہ کے دن کی دعا ہے، اور سب سے بہتر بات جو میں نے اور مجھ سے پہلے انبیاء علیہم السلام نے کہی وہ یہ ہے: اللہ کے سوا کوئی معبود نہیں، وہ اکیلا ہے، اس کا کوئی شریک نہیں، اسی کی بادشاہت ہے اور اسی کے لیے تعریف ہے، اور وہ ہر چیز پر قادر ہے۔,"नबी ﷺ ने फ़रमाया: (सबसे अच्छी दुआ अरफ़ा के दिन की दुआ है, और सबसे अच्छी बात जो मैंने और मुझसे पहले के नबियों ने कही वह यह है: अल्लाह के सिवा कोई माबूद नहीं, वह अकेला है, उसका कोई शरीक नहीं, बादशाहत उसी की है और तारीफ़ उसी के लिए है और वह हर चीज़ पर क़ादिर है।)",1,https://audio.opendua.org/hisn/v0.0.2/OD-237.mp3
120-01,120,1,Supplication to be recited at the sacred area of Muzdalifah,مشعرِ حرام (مزدلفہ) میں ذکر,Supplication to be recited at the sacred area of Muzdalifah,رَكِبَ النَّبِيُّ صلى الله عليه وسلم الْقَصْوَاءَ حَتَّى أَتَى الْمَشْعَرَ الْحَرَامَ فَاسْتَقْبَلَ الْقِبْلَةَ (فَدَعَاهُ، وَكَبَّرَهُ، وَهَللَّهُ، وَوَحَّدَهُ) فَلَمْ يَزَلْ وَاقِفاً حَتَّى أَسْفَرَ جِدَّاً فَدَفَعَ قَبْلَ أَنْ تَطْلُعَ الشَّمسُ.,,"The Prophet rode his camel, Al-Qaswa, until he reached the sacred area (Al-Mash aril Haraam). Then he faced the Qiblah and invoked Allah, and repeatedly said the words: Allaahu Akbar (Allah is the Most Great), Allaahu Ahad (Allah is One) and Laa ilaaha illallaah (There is none worthy of worship but Allah). He remained stationary until the sky became yellow with the dawn, and then pressed on before sunrise.",نبی کریم ﷺ اپنی اونٹنی قصواء پر سوار ہو کر مشعرِ حرام پہنچے، پھر قبلہ رخ ہو کر (اللہ سے دعا کی، تکبیر کہی، لا الٰہ الا اللہ کہا، اور اس کی توحید بیان کی) اور برابر کھڑے رہے یہاں تک کہ خوب روشنی ہو گئی، پھر سورج طلوع ہونے سے پہلے روانہ ہوئے۔,"नबी ﷺ अपनी ऊँटनी क़स्वा पर सवार हुए यहाँ तक कि मश्अरे-हराम पहुँचे, तो क़िबले की ओर मुँह किया (और अल्लाह से दुआ की, तकबीर कही, तहलील की, और उसकी तौहीद बयान की), और वे तब तक खड़े रहे जब तक सुबह की रोशनी अच्छी तरह फैल न गई, फिर सूरज निकलने से पहले वहाँ से रवाना हो गए।",1,
121-01,121,1,Saying Allahu Akbar while stoning the three pillars at Mina,منیٰ میں جمرات پر کنکری مارتے وقت ہر کنکری کے ساتھ تکبیر,Saying Allahu Akbar while stoning the three pillars at Mina,((يُكَبِّرُ كُلَّمَا رَمَى بِحَصَاةٍ عِنْدَ الْجِمَارِ الثَّلاَثِ، ثُمَّ يَتَقَدَّمُ، ويَقِفُ يَدْعُو مُسْتَقْبِلَ الْقِبلَةِ، رَافِعاً يَدَيْهِ بَعْدَ الْجَمْرَةِ الْأُولَى وَالثَّانِيَةِ. أَمَّا جَمْرَةُ الْعَقَبَةِ فَيَرْمِيهَا وَيُكَبِّرُ عِنْدَ كُلِّ حَصَاةٍ وَيَنْصَرِفُ وَلاَ يَقِفُ عِنْدَهَا)).,,"The Prophet PBUH said Allaahu 'Akbar (Allah is the Most Great) with each pebble he threw at the three pillars. Then he went forward, stood facing the Qiblah and raised his hands and called upon Allah. That was after (stoning) the first and second pillar As for the third, he stoned it and called out Allahu Akbar with every pebble he threw but when he was finished he left without standing at it (for supplications).",آپ ﷺ تینوں جمرات پر ہر کنکری مارتے وقت تکبیر کہتے، پھر آگے بڑھ کر قبلہ رخ کھڑے ہو کر دعا کرتے، پہلے اور دوسرے جمرے کے بعد اپنے ہاتھ اٹھاتے۔ رہا جمرۂ عقبہ تو اسے کنکریاں مارتے اور ہر کنکری پر تکبیر کہتے، پھر واپس چلے جاتے اور وہاں کھڑے نہ ہوتے۔,"(हर कंकड़ी मारते समय तीनों जमरात के पास तकबीर कहते, फिर आगे बढ़ते और क़िबले की ओर मुँह करके खड़े होकर दुआ करते, पहले और दूसरे जमरे के बाद अपने हाथ उठाते। रही जमरा-ए-अक़बा, तो उसे कंकड़ी मारते और हर कंकड़ी पर तकबीर कहते फिर वहाँ रुके बिना चले जाते।)",1,
122-01,122,1,What to say when surprised or startled,تعجب یا خوش کن بات پیش آنے پر دعا,What to say when surprised or startled,((سُبْحَانَ اللَّهِ!)).,Subḥāna llāh!,(How perfect Allah is.),پاک ہے اللہ!,(अल्लाह पाक है!),1,https://audio.opendua.org/hisn/v0.0.2/OD-240.mp3
122-02,122,2,What to say when surprised or startled,تعجب یا خوش کن بات پیش آنے پر دعا,What to say when surprised or startled,((اللَّهُ أَكْبَرُ!)).,Allāhu akbar!,(Allah is the greatest.),اللہ سب سے بڑا ہے!,(अल्लाह सबसे बड़ा है!),1,https://audio.opendua.org/hisn/v0.0.2/OD-241.mp3
123-01,123,1,What to say when something that pleases you happens,جسے کوئی خوش کن بات پیش آئے وہ کیا کرے,What to say when something that pleases you happens,((كَانَ النَّبيُّ صلى الله عليه وسلم إِذَا أَتَاهُ أَمْرٌ يَسُرُّهُ أَوْ يُسَرُّ بِهِ خَرَّ سَاجِداً شُكْراً لِلَّهِ تَبَارَكَ وَتَعَالَى)).,,(The Prophet PBUH would prostrate in gratitude to Allah upon receiving news which pleased him or which caused pleasure. ),نبی کریم ﷺ کے پاس جب کوئی خوش کن بات آتی یا کسی بات سے آپ ﷺ کو خوشی ہوتی تو آپ ﷺ اللہ تبارک و تعالیٰ کا شکر ادا کرتے ہوئے سجدے میں گر جاتے۔,"(नबी ﷺ जब उन्हें कोई ख़ुशी की बात पहुँचती या कोई ऐसी बात होती जिससे उन्हें ख़ुशी होती, तो अल्लाह तबारक व तआला के शुक्र में सजदे में गिर जाते।)",1,
124-01,124,1,What to say when you feel a pain in your body,جسم میں درد محسوس کرنے والا کیا کہے,What to say when you feel a pain in your body,((ضَعْ يَدَكَ عَلَى الَّذِي تَألَّمَ مِنْ جَسَدِكَ وَقُلْ: بِسْمِ اللَّهِ، ثَلاَثاً، وَقُلْ سَبْعَ مَرَّاتٍ: أَعُوذُ بِاللَّهِ وَقُدْرَتِهِ مِنْ شَرِّ مَا أَجِدُ وَأُحَاذِرُ)).,"Bismi llāh
Aʿūdhu bi-llāhi wa qudratihi min sharri mā ajidu wa uḥādhir",(Place your hand at the site of the pain and say: (In the name of Allah(three times)) the supplicate seven times: (I take refuge in Allah and within His omnipotence from the evil that I feel and am wary of.)),اپنے جسم کے جس حصے میں درد محسوس ہو اس پر ہاتھ رکھو اور تین بار کہو: بسم اللہ (اللہ کے نام سے)، پھر سات بار کہو: میں اللہ کی پناہ مانگتا ہوں اور اس کی قدرت کی، اس تکلیف کے شر سے جو میں محسوس کر رہا ہوں اور جس سے ڈر رہا ہوں۔,"(अपना हाथ शरीर के उस हिस्से पर रखो जहाँ दर्द हो और कहो: बिस्मिल्लाह, तीन बार, फिर सात बार कहो: मैं अल्लाह की और उसकी क़ुदरत की पनाह लेता हूँ उस बुराई से जो मैं महसूस करता हूँ और जिससे डरता हूँ।)",1,https://audio.opendua.org/hisn/v0.0.2/OD-243.mp3
125-01,125,1,What to say when you fear you may afflict something with the evil eye,جسے اپنی نظر سے کسی چیز کو نقصان پہنچنے کا خوف ہو اس کی دعا,What to say when you fear you may afflict something with the evil eye,((إِذَا رَأَى أَحَدُكُم مِنْ أَخِيهِ، أَوْ مِنْ نَفْسِهِ، أَوْ مِنْ مَالِهِ مَا يُعْجِبُهُ [فَلْيَدْعُ لَهُ بِالْبَرَكَةِ] فَإِنَّ الْعَيْنَ حَقٌّ)).,,"If you see anything of your brother that pleases you, or of his person or of his property [then ask Allah to bless him in it] for the envious eye is real.",جب تم میں سے کوئی اپنے بھائی میں، یا اپنے آپ میں، یا اپنے مال میں کوئی ایسی چیز دیکھے جو اسے پسند آئے [تو اس کے لیے برکت کی دعا کرے] کیونکہ نظرِ بد کا لگنا حق ہے۔,"(जब तुममें से कोई अपने भाई में, या अपनी जान में, या अपने माल में कोई ऐसी चीज़ देखे जो उसे अच्छी लगे, [तो उसके लिए बरकत की दुआ करे] क्योंकि नज़र लगना सच है।)",1,
126-01,126,1,What to say when you feel frightened,خوف محسوس ہونے پر کیا کہا جائے,What to say when you feel frightened,((لاَ إِلَهَ إِلاَّ اللَّهُ!)).,Lā ilāha illā llāh!,(None has the right to be worshipped except Allah.),اللہ کے سوا کوئی معبود نہیں!,(अल्लाह के सिवा कोई माबूद नहीं!),1,https://audio.opendua.org/hisn/v0.0.2/OD-245.mp3
127-01,127,1,What to say when slaughtering or sacrificing an animal,جانور ذبح کرتے یا قربانی دیتے وقت کیا کہیں,What to say when slaughtering or sacrificing an animal,((بِسْمِ اللَّهِ وَاللَّهُ أَكْبَرُ [اللَّهُمَّ مِنْكَ وَلَكَ] اللَّهُمَّ تَقَبَّلْ مِنِّي)).,Bismi llāhi wa-llāhu akbaru llāhumma minka walaka llāhumma taqabbal minnī,"(In the name of Allah, and Allah is the greatest. O Allah, (it is) from You and belongs to You, O Allah, accept this from me.)",اللہ کے نام سے، اور اللہ سب سے بڑا ہے، [اے اللہ، یہ تیری ہی طرف سے ہے اور تیرے ہی لیے ہے] اے اللہ، مجھ سے قبول فرما۔,"(अल्लाह के नाम से, और अल्लाह सबसे बड़ा है, [ऐ अल्लाह, यह तेरी ही तरफ़ से है और तेरे ही लिए है] ऐ अल्लाह, मुझसे इसे क़बूल फ़रमा।)",1,https://audio.opendua.org/hisn/v0.0.2/OD-246.mp3
128-01,128,1,What to say to foil the devil's plots,سرکش شیاطین کے مکر کو ناکام بنانے کے لیے کیا کہیں,What to say to foil the devil's plots,((أَعُوذُ بكَلِمَاتِ اللَّهِ التَّامَّاتِ الَّتِي لاَ يُجَاوِزُهُنَّ بَرٌّ وَلاَ فَاجِرٌ: مِنْ شَرِّ مَا خَلَقَ، وَبَرَأَ وَذَرَأَ، وَمِنْ شَرِّ مَا يَنْزِلُ مِنَ السَّمَاءِ، وَمِنْ شَرِّ مَا يَعْرُجُ فيهَا، وَمِنْ شَرِّ مَا ذَرَأَ فِي الْأَرْضِ، وَمِنْ شَرِّ مَا يَخْرُجُ مِنْهَا، وَمِنْ شَرِّ فِتَنِ اللَّيْلِ وَالنَّهَارِ، وَمِنْ شَرِّ كُلِّ طَارِقٍ إِلاَّ طَارِقاً يَطْرُقُ بِخَيْرٍ يَا رَحْمَنُ)).,"Aʿūdhu bkalimāti llāhi at-tāmmāti allatī lā yujāwizuhunna barrun walā fājirun: min sharri mā khalaqa, wa baraʾa wa dharaʾa, wamin sharri mā yanzilu mina as-samāʾi, wamin sharri mā yaʿruju fyhā, wamin sharri mā dharaʾa fī l-ʾarḍi, wamin sharri mā yakhruju minhā, wamin sharri fitani l-layli wa an-nahāri, wamin sharri kulli ṭāriqin illā ṭāriqan yaṭruqu bi-khayrin yā raḥmān","(I take refuge within Allah’s perfect words which no righteous or unrighteous person can transgress, from all the evil that He has created, made and originated. (I take refuge) from the evil that descends from the sky and the evil that rises up to it. (I take refuge) from the evil that is spread on Earth and the evil that springs from her, and I take refuge from the evil of the tribulations of night and day, and the evil of one who visits at night except the one who brings good, O Merciful One.)",میں اللہ کے کامل کلمات کی پناہ مانگتا ہوں جن سے کوئی نیک ہو یا بد آگے نہیں بڑھ سکتا: ہر اس چیز کے شر سے جو اس نے پیدا کی، بنائی اور پھیلائی، اور ہر اس چیز کے شر سے جو آسمان سے اترتی ہے، اور ہر اس چیز کے شر سے جو اس میں چڑھتی ہے، اور ہر اس چیز کے شر سے جو اس نے زمین میں پھیلائی، اور ہر اس چیز کے شر سے جو اس سے نکلتی ہے، اور رات اور دن کے فتنوں کے شر سے، اور ہر رات کو آنے والے کے شر سے، سوائے اس کے جو بھلائی لے کر آئے، اے رحمن!,"(मैं अल्लाह के मुकम्मल कलिमों की पनाह लेता हूँ जिनसे न कोई नेक इंसान आगे बढ़ सकता है न कोई बदकार: हर उस चीज़ की बुराई से जो उसने पैदा की, बनाई और उपजाई, और उस चीज़ की बुराई से जो आसमान से उतरती है, और उस चीज़ की बुराई से जो उसमें चढ़ती है, और उस चीज़ की बुराई से जो उसने ज़मीन में उपजाई, और उस चीज़ की बुराई से जो उसमें से निकलती है, और रात-दिन के फ़ितनों की बुराई से, और हर रात को आने वाले की बुराई से, सिवाय उसके जो भलाई लेकर आए, ऐ रहमान।)",1,https://audio.opendua.org/hisn/v0.0.2/OD-247.mp3
129-01,129,1,Repentance and seeking forgiveness,استغفار اور توبہ,Repentance and seeking forgiveness,قَالَ رَسُولُ اللَّهِ صلى الله عليه وسلم: ((وَاللَّهِ إِنِّي لأَسْتَغفِرُ اللَّهَ وَأَتُوبُ إِلَيْهِ فِي الْيَوْمِ أَكْثَرَ مِنْ سَبْعِينَ مَرَّةٍ)).,,"(The Messenger of Allah said: ‘By Allah, I seek forgiveness and repent to Allah, more than seventy times a day.)",رسول اللہ ﷺ نے فرمایا: اللہ کی قسم، میں دن میں ستر سے زیادہ بار اللہ سے بخشش مانگتا اور اس کی طرف توبہ کرتا ہوں۔,"अल्लाह के रसूल ﷺ ने फ़रमाया: (अल्लाह की क़सम, मैं दिन में सत्तर से भी ज़्यादा बार अल्लाह से माफ़ी माँगता हूँ और उसकी तरफ़ रुजू करता हूँ।)",1,
129-02,129,2,Repentance and seeking forgiveness,استغفار اور توبہ,Repentance and seeking forgiveness,وَقَالَ صلى الله عليه وسلم: ((يَا أَيُّهَا النَّاسُ تُوبُوا إِلَى اللَّهِ فَإِنِّي أَتُوبُ فِي الْيَوْمِ إِلَيْهِ مِائَةَ مَرَّةٍ)).,,"(He also said: ‘O People, Repent! Verily I repent to Allah, a hundred times a day.)",آپ ﷺ نے یہ بھی فرمایا: اے لوگو! اللہ کی طرف توبہ کرو، میں تو دن میں سو بار اس کی طرف توبہ کرتا ہوں۔,"और फ़रमाया ﷺ: (ऐ लोगो, अल्लाह की तरफ़ तौबा करो, मैं तो दिन में सौ बार उसकी तरफ़ तौबा करता हूँ।)",1,
129-03,129,3,Repentance and seeking forgiveness,استغفار اور توبہ,Repentance and seeking forgiveness,وَقَالَ صلى الله عليه وسلم: ((مَنْ قَالَ أَسْتَغْفِرُ اللَّهَ الْعَظيمَ الَّذِي لاَ إِلَهَ إِلاَّ هُوَ الْحَيُّ القَيّوُمُ وَأَتُوبُ إِلَيهِ، غَفَرَ اللَّهُ لَهُ وَإِنْ كَانَ فَرَّ مِنَ الزَّحْفِ)).,Astaghfiru llāha l-ʿaẓyma alladhī lā ilāha illā huwa l-ḥayyu l-qayywumu wa atūbu ilayh,"(He also said: ‘Whoever says:(I seek Allah’s forgiveness, besides whom, none has the right to be worshipped except He, The Ever Living, The Self-Subsisting and Supporter of all, and I turn to Him in repentance.) Allah would forgive him even if he was one who fled during the advance of an army.)",آپ ﷺ نے یہ بھی فرمایا: جو شخص کہے: میں اللہ عظیم سے بخشش مانگتا ہوں جس کے سوا کوئی معبود نہیں، جو زندہ اور ہر چیز کا نگہبان ہے، اور میں اسی کی طرف توبہ کرتا ہوں، تو اللہ اسے بخش دیتا ہے، چاہے وہ لڑائی کے میدان سے بھاگا ہی کیوں نہ ہو۔,"और फ़रमाया ﷺ: (जो कहे: मैं उस अल्लाह अज़ीम से माफ़ी माँगता हूँ जिसके सिवा कोई माबूद नहीं, जो ज़िंदा है, हर चीज़ का थामने वाला है, और मैं उसकी तरफ़ तौबा करता हूँ, तो अल्लाह उसे माफ़ कर देगा भले ही वह जंग के मैदान से भाग निकला हो।)",1,https://audio.opendua.org/hisn/v0.0.2/OD-250.mp3
129-04,129,4,Repentance and seeking forgiveness,استغفار اور توبہ,Repentance and seeking forgiveness,وَقَالَ صلى الله عليه وسلم: ((أَقْرَبُ مَا يَكُونُ الرَّبُّ مِنَ الْعَبْدِ فِي جَوْفِ اللَّيْلِ الآخِرِ فَإِنِ اسْتَطَعْتَ أَنْ تَكُونَ مِمَّنْ يَذْكُرُ اللَّهَ فِي تِلْكَ السَّاعَةِ فَكُنْ)).,,"(He said: ‘The nearest the Lord comes to His servant is in the middle of the night, so if you are able to be of those who remember Allah at that time, then be so.)",آپ ﷺ نے یہ بھی فرمایا: رب اپنے بندے کے سب سے زیادہ قریب رات کے آخری پہر میں ہوتا ہے، پس اگر تم اس گھڑی میں اللہ کا ذکر کرنے والوں میں شامل ہو سکو تو ضرور ہو جاؤ۔,"और फ़रमाया ﷺ: (रब अपने बंदे के सबसे क़रीब आधी रात के आख़िरी हिस्से में होता है, तो अगर तुम उन लोगों में शामिल हो सको जो उस वक़्त अल्लाह को याद करते हैं तो ज़रूर बनो।)",1,
129-05,129,5,Repentance and seeking forgiveness,استغفار اور توبہ,Repentance and seeking forgiveness,وَقَالَ صلى الله عليه وسلم: ((أَقْرَبُ مَا يَكُونُ الْعَبْدُ مِنْ رَبِّهِ وَهُوَ سَاجِدٌ فَأَكثِرُوا الدُّعَاءَ)).,,"(He also said: ‘The nearest a servant is to his Lord is when he is prostrating, so supplicate much therein.)",آپ ﷺ نے یہ بھی فرمایا: بندہ اپنے رب کے سب سے زیادہ قریب اس وقت ہوتا ہے جب وہ سجدے میں ہوتا ہے، پس (سجدے میں) کثرت سے دعا کیا کرو۔,"और फ़रमाया ﷺ: (बंदा अपने रब के सबसे क़रीब उस वक़्त होता है जब वह सजदे में होता है, तो उसमें ज़्यादा से ज़्यादा दुआ करो।)",1,
129-06,129,6,Repentance and seeking forgiveness,استغفار اور توبہ,Repentance and seeking forgiveness,وَقَالَ صلى الله عليه وسلم: ((إِنَّهُ لَيُغَانُ عَلَى قَلْبِي وَإِنِّي لأَسْتَغْفِرُ اللَّهَ فِي الْيَوْمِ مِائَةَ مَرَّةٍ)).,,"(He also said: ‘verily my heart becomes preoccupied, and verily I seek Allah’s forgiveness a hundred times a day.)(preoccupied: i.e. in a state of ‘forgetfulness’. The Prophet always used to increase in his remembrance of his Lord, in attaining a nearness to Allah and having consciousness of Allah to the extent that if this intensity lessened in anyway, he would regard it as a sin and would then race to seek forgiveness from Allah.)",آپ ﷺ نے یہ بھی فرمایا: بے شک میرے دل پر (کبھی کبھار) ایک کیفیت طاری ہو جاتی ہے، اور میں دن میں سو بار اللہ سے بخشش مانگتا ہوں۔,"और फ़रमाया ﷺ: (मेरे दिल पर भी कभी-कभी ग़फ़लत छा जाती है, और मैं दिन में सौ बार अल्लाह से माफ़ी माँगता हूँ।)",1,
130-01,130,1,The excellence of remembering Allah,تسبیح، تحمید، تہلیل اور تکبیر کی فضیلت,The excellence of remembering Allah,قَالَ صلى الله عليه وسلم مَنْ قَالَ: سُبْحَانَ اللَّهِ وَبِحَمْدِهِ فِي يَوْمٍ مِائَةَ مَرَّةٍ حُطَّتْ خَطَايَاهُ وَلَوْ كَانَتْ مِثْلَ زَبَدِ الْبَحْر)).,Subḥāna llāhi wa bi-ḥamdih,"(Whoever says:(How perfect Allah is and I praise Him.) a hundred times during the day, his sins are wiped away, even if they are like the foam of the sea.)",آپ ﷺ نے فرمایا: جو شخص دن میں سو بار سبحان اللہ وبحمدہ (اللہ پاک ہے اور میں اس کی حمد بیان کرتا ہوں) کہے، اس کے گناہ معاف کر دیے جاتے ہیں، چاہے وہ سمندر کی جھاگ کے برابر ہی کیوں نہ ہوں۔,"उन्होंने ﷺ फ़रमाया: (जो दिन में सौ बार कहे: सुब्हानल्लाहि वबिहम्दिही (अल्लाह पाक है और मैं उसकी तारीफ़ करता हूँ), उसके गुनाह मिटा दिए जाते हैं भले ही वे समुंदर के झाग जितने हों।)",100,https://audio.opendua.org/hisn/v0.0.2/OD-254.mp3
130-02,130,2,The excellence of remembering Allah,تسبیح، تحمید، تہلیل اور تکبیر کی فضیلت,The excellence of remembering Allah,وَقَالَ صلى الله عليه وسلم: ((مَنْ قَالَ لاَ إِلَهَ إِلاَّ اللَّهُ وَحْدَهُ لاَ شَرِيكَ لَهُ، لَهُ الْمُلْكُ، وَلَهُ الْحَمْدُ، وَهُوَ عَلَى كُلِّ شَيْءٍ قَدِيرٌ عَشْرَ مِرَارٍ، كَانَ كَمَنْ أَعْتَقَ أَرْبَعَةَ أَنْفُسٍ مِنْ وَلَدِ إِسْمَاعِيلَ)).,"Lā ilāha illā llāhu waḥdahu lā sharīka lahu, lahu l-mulku, walahu l-ḥamdu, wahuwa ʿalā kulli shayʾin qadīr","(Abu Hurayrah reported that the Messenger of Allah said: ‘Whoever says: (None has the right to be worshipped except Allah, alone, without partner. To Him belongs all sovereignty and praise and He is over all things omnipotent.) a hundred times during the day, has the reward of freeing ten slaves, a hundred good deeds are recorded for him and a hundred bad deeds are wiped away and he has gained refuge from the devil that day until evening and none shall come with anything better except someone who has done more.)",آپ ﷺ نے یہ بھی فرمایا: جو شخص دس بار کہے: اللہ کے سوا کوئی معبود نہیں، وہ اکیلا ہے، اس کا کوئی شریک نہیں، اسی کی بادشاہت ہے اور اسی کے لیے تعریف ہے، اور وہ ہر چیز پر قادر ہے، تو وہ ایسا ہے جیسے اس نے اسماعیل علیہ السلام کی اولاد میں سے چار غلام آزاد کیے ہوں۔,"और फ़रमाया ﷺ: (जो दस बार कहे: ला इलाहा इल्लल्लाहु वहदहू ला शरीक लहू, लहुल मुल्कु व लहुल हम्दु व हुव अला कुल्लि शैइन क़दीर (अल्लाह के सिवा कोई माबूद नहीं, वह अकेला है, उसका कोई शरीक नहीं, बादशाहत उसी की है और तारीफ़ उसी के लिए है और वह हर चीज़ पर क़ादिर है), उसे इस्माईल की औलाद में से चार गुलाम आज़ाद करने के बराबर सवाब मिलता है।)",10,https://audio.opendua.org/hisn/v0.0.2/OD-255.mp3
130-03,130,3,The excellence of remembering Allah,تسبیح، تحمید، تہلیل اور تکبیر کی فضیلت,The excellence of remembering Allah,وَقَالَ صلى الله عليه وسلم: ((كَلِمَتَانِ خَفِيفَتَانِ عَلَى اللِّسَانِ، ثَقِيلَتَانِ فِي الْمِيزَانِ، حَبِيبَتَانِ إِلَى الرَّحْمَنِ: سُبْحَانَ اللَّهِ وَبِحَمْدِهِ، سُبْحانَ اللَّهِ الْعَظِيمِ)).,"Subḥāna llāhi wa bi-ḥamdihi, subḥna llāhi l-ʿaẓīm","(Aboo Hurayrah reported that the Messenger of Allah said:’(There are) Two words, (which are ) light on the tongue, heavy on the Scale and beloved to The Most Gracious: (How perfect Allah is and I praise Him. How perfect Allah is, The Supreme.))",آپ ﷺ نے یہ بھی فرمایا: دو کلمے ایسے ہیں جو زبان پر ہلکے، میزان میں بھاری اور رحمن کو محبوب ہیں: سبحان اللہ وبحمدہ، سبحان اللہ العظیم (اللہ پاک ہے اور میں اس کی حمد بیان کرتا ہوں، اللہ عظیم پاک ہے)۔,"और फ़रमाया ﷺ: (दो कलिमे ज़बान पर हल्के हैं, तराज़ू में भारी हैं, रहमान को प्यारे हैं: सुब्हानल्लाहि वबिहम्दिही, सुब्हानल्लाहिल अज़ीम (अल्लाह पाक है और मैं उसकी तारीफ़ करता हूँ, अल्लाह पाक है जो बहुत बड़ा है)।)",1,https://audio.opendua.org/hisn/v0.0.2/OD-256.mp3
130-04,130,4,The excellence of remembering Allah,تسبیح، تحمید، تہلیل اور تکبیر کی فضیلت,The excellence of remembering Allah,وَقَالَ صلى الله عليه وسلم: ((لَأَنْ أَقُولَ سُبْحَانَ اللَّهِ، وَالْحَمْدُ لِلَّهِ، وَلاَ إِلَهَ إِلاَّ اللَّهُ، وَاللَّهُ أَكْبَرُ، أَحَبُّ إِلَيَّ مِمَّا طَلَعَتْ عَلَيْهِ الشَّمسُ)).,"Subḥāna llāhi, wa-l-ḥamdu li-llāhi, walā ilāha illā llāhu, wa-llāhu akbar","(Aboo Hurayrah reported that the Messenger of Allah said: ‘Saying: (How perfect Allah is, and all praise is for Allah. None has the right to be worshipped except Allah, and Allah is the greatest.) is more beloved to me than everything the sun has risen over.)",آپ ﷺ نے یہ بھی فرمایا: میرا یہ کہنا کہ سبحان اللہ، والحمد للہ، ولا الٰہ الا اللہ، واللہ اکبر، مجھے ہر اس چیز سے زیادہ محبوب ہے جس پر سورج طلوع ہوتا ہے۔,"और फ़रमाया ﷺ: (मेरे लिए यह कहना कि सुब्हानल्लाह, वल हम्दु लिल्लाह, वला इलाहा इल्लल्लाह, वल्लाहु अकबर (अल्लाह पाक है, और सारी तारीफ़ अल्लाह के लिए है, अल्लाह के सिवा कोई माबूद नहीं, और अल्लाह सबसे बड़ा है) — यह मुझे उस हर चीज़ से ज़्यादा प्यारा है जिस पर सूरज उगा हो।)",1,https://audio.opendua.org/hisn/v0.0.2/OD-257.mp3
130-05,130,5,The excellence of remembering Allah,تسبیح، تحمید، تہلیل اور تکبیر کی فضیلت,The excellence of remembering Allah,وَقَالَ صلى الله عليه وسلم: ((أَيَعْجِزُ أَحَدُكُم أَنْ يَكْسِبَ كُلَّ يَوْمٍ أَلْفَ حَسَنَةٍ)) فَسَأَلَهُ سَائِلٌ مِنْ جُلَسَائِهِ كَيْفَ يَكْسِبُ أَحَدُنَا أَلْفَ حَسَنَةٍ؟ قَالَ: ((يُسَبِّحُ مِائَةَ تَسْبِيحَةٍ، فَيُكتَبُ لَهُ أَلْفُ حَسَنَةٍ أَوْ يُحَطُّ عَنْهُ أَلْفُ خَطِيئَةٍ)).,,"(Sa’d said: ‘We were sitting with the Messenger of Allah , and he said: ‘Are any of you unable to gain a thousand good deeds each day?’ Somebody then asked him : How does one achieve a thousand good deeds? He replied: ‘He should say: (How perfect Allah is.) one hundred times, for a thousand good deeds are recorded for him or a thousand bad deeds are wiped away.)",آپ ﷺ نے فرمایا: کیا تم میں سے کوئی روزانہ ہزار نیکیاں کمانے سے عاجز ہے؟ آپ ﷺ کے پاس بیٹھے ہوئے ایک شخص نے پوچھا: ہم میں سے کوئی ہزار نیکیاں کیسے کما سکتا ہے؟ آپ ﷺ نے فرمایا: وہ سو بار سبحان اللہ کہے، تو اس کے لیے ہزار نیکیاں لکھی جاتی ہیں یا اس کے ہزار گناہ معاف کر دیے جاتے ہیں۔,"और फ़रमाया ﷺ: (क्या तुममें से किसी के लिए हर दिन एक हज़ार नेकियाँ कमाना मुश्किल है?) तो उनके पास बैठे किसी ने पूछा: हममें से कोई एक हज़ार नेकियाँ कैसे कमा सकता है? फ़रमाया: (वह सौ बार तसबीह कहे, तो उसके लिए एक हज़ार नेकियाँ लिखी जाती हैं या उससे एक हज़ार गुनाह मिटा दिए जाते हैं।)",100,
130-06,130,6,The excellence of remembering Allah,تسبیح، تحمید، تہلیل اور تکبیر کی فضیلت,The excellence of remembering Allah,((مَنْ قَالَ: سُبْحَانَ اللَّهِ الْعَظِيمِ وَبِحَمْدِهِ غُرِسَتْ لَهُ نَخْلَةٌ فِي الْجَنَّةِ)).,Subḥāna llāhi l-ʿaẓīmi wa bi-ḥamdih,"(Jabbir related that the Prophet said: ‘Whoever says: (How perfect Allah is . The Supreme, and I praise Him.) a palm tree is planted for him in paradise.)",جو شخص کہے: سبحان اللہ العظیم وبحمدہ (اللہ عظیم پاک ہے اور میں اس کی حمد بیان کرتا ہوں)، اس کے لیے جنت میں ایک کھجور کا درخت لگا دیا جاتا ہے۔,"(जो कहे: सुब्हानल्लाहिल अज़ीमि वबिहम्दिही (अल्लाह पाक है जो बहुत बड़ा है और मैं उसकी तारीफ़ करता हूँ), उसके लिए जन्नत में एक खजूर का पेड़ लगाया जाता है।)",1,https://audio.opendua.org/hisn/v0.0.2/OD-259.mp3
130-07,130,7,The excellence of remembering Allah,تسبیح، تحمید، تہلیل اور تکبیر کی فضیلت,The excellence of remembering Allah,وَقَالَ صلى الله عليه وسلم: ((يَا عَبْدَ اللَّهِ بْنَ قَيْسٍ أَلاَ أَدُلُّكَ عَلَى كَنْزٍ مِنْ كُنُوزِ الْجَنَّةِ))؟ فَقُلْتُ: بَلَى يَا رَسُولَ اللَّهِ، قَالَ: ((قُلْ لاَ حَوْلَ وَلاَ قُوَّةَ إِلاَّ بِاللَّهِ)).,Lā ḥawla walā quwwata illā bi-llāh,"('abdullah Ibn Qays related that the Prophet said to him: ‘ O ‘'abdullah Ibn Qays, shall I not inform you of a treasure from the treasures of paradise?’ He then said: ‘Say: (There is no might nor power except with Allah.))",آپ ﷺ نے فرمایا: اے عبداللہ بن قیس! کیا میں تمہیں جنت کے خزانوں میں سے ایک خزانہ نہ بتاؤں؟ میں نے عرض کیا: کیوں نہیں، یا رسول اللہ! آپ ﷺ نے فرمایا: کہو: لا حول ولا قوۃ الا باللہ (اللہ کے سوا نہ کوئی طاقت ہے نہ کوئی قوت)۔,"और फ़रमाया ﷺ: (ऐ अब्दुल्लाह बिन क़ैस, क्या मैं तुम्हें जन्नत के ख़ज़ानों में से एक ख़ज़ाना न बताऊँ?) तो मैंने कहा: क्यों नहीं, ऐ अल्लाह के रसूल, फ़रमाया: (कहो: ला हौला वला क़ुव्वता इल्ला बिल्लाह — यानी अल्लाह के सिवा न कोई ताक़त है न कोई सामर्थ्य।)",1,https://audio.opendua.org/hisn/v0.0.2/OD-260.mp3
130-08,130,8,The excellence of remembering Allah,تسبیح، تحمید، تہلیل اور تکبیر کی فضیلت,The excellence of remembering Allah,وَقَالَ صلى الله عليه وسلم: ((أَحَبُّ الْكَلاَمِ إِلَى اللَّهِ أَرْبَعٌ: سُبْحَانَ اللَّهِ، وَالْحَمْدُ لِلَّهِ، وَلاَ إِلَهَ إِلاَّ اللَّهُ، وَاللَّهُ أَكْبَرُ، لاَ يَضُرُّكَ بِأَيِّهِنَّ بَدَأتَ)).,"Subḥāna llāhi, wa-l-ḥamdu li-llāhi, walā ilāha illā llāhu, wa-llāhu akbar","(the most beloved words to Allah are four: (How perfect Allah is, all praise is for Allah. None has the right to be worshipped except Allah and Allah is the greatest.))(it does not matter which of them you start with.)",آپ ﷺ نے یہ بھی فرمایا: اللہ کو سب سے پیارے کلمات چار ہیں: سبحان اللہ، والحمد للہ، ولا الٰہ الا اللہ، واللہ اکبر، اور تمہیں کوئی نقصان نہیں چاہے تم ان میں سے کسی سے بھی شروع کرو۔,"और फ़रमाया ﷺ: (अल्लाह को सबसे प्यारी चार बातें हैं: सुब्हानल्लाह, वल हम्दु लिल्लाह, वला इलाहा इल्लल्लाह, वल्लाहु अकबर (अल्लाह पाक है, सारी तारीफ़ अल्लाह के लिए है, अल्लाह के सिवा कोई माबूद नहीं, और अल्लाह सबसे बड़ा है), इनमें से जिससे भी शुरू करो कोई हर्ज नहीं।)",1,https://audio.opendua.org/hisn/v0.0.2/OD-261.mp3
130-09,130,9,The excellence of remembering Allah,تسبیح، تحمید، تہلیل اور تکبیر کی فضیلت,The excellence of remembering Allah,جَاءَ أَعْرَابِيٌّ إِلَى رَسُولِ اللَّهِ صلى الله عليه وسلم فَقَالَ: عَلِّمْنِي كَلاماً أَقُولُهُ: قَالَ: ((قُلْ: لاَ إِلَهَ إِلاَّ اللَّهُ وَحْدَهُ لاَ شَرِيكَ لَهُ، اللَّهُ أَكْبَرُ كَبِيراً، وَالْحَمْدُ لِلَّهِ كَثِيراً، سُبْحَانَ اللَّهِ رَبِّ العَالَمِينَ، لاَ حَوْلَ وَلاَ قُوَّةَ إِلاَّ بِاللَّهِ الْعَزِيزِ الْحَكِيمِ)) قَالَ: فَهَؤُلاَءِ لِرَبِّي، فَمَا لِي؟ قَالَ: ((قُلْ: اللَّهُمَّ اغْفِرْ لِي، وَارْحَمْنِي، وَاهْدِنِي، وَارْزُقْنِي)).,"Lā ilāha illā llāhu waḥdahu lā sharīka lahu, allāhu akbaru ka-bi-yran, wa-l-ḥamdu li-llāhi ka-thīran, subḥāna llāhi rabbi l-ʿālamīna, lā ḥawla walā quwwata illā bi-llāhi l-ʿazīzi l-ḥakīm
Allāhumma ighfir lī, wa irḥamnī, wa ihdinī, wa irzuqnī","(Sa'd Ibn Abee Waqqas narrated that a man came to the Messenger of Allah and said to him: ‘Teach me something which I should say?’ He said: ‘Say: (None has the right to be worshipped except Allah, alone without partener. Allah is most great and much praise is for Allah. How perfect Allah is, Lord of the worlds. There is no might nor power except with Allah, The Exalted in might, The Wise.) the man then said: ‘These are for my Lord, and what is for me?’ He replied: ‘Say:(O Allah, forgive me, have mercy upon me, guide me and grant me sustenance.))",ایک دیہاتی رسول اللہ ﷺ کی خدمت میں حاضر ہوا اور عرض کیا: مجھے کوئی ایسا کلمہ سکھائیں جو میں کہا کروں۔ آپ ﷺ نے فرمایا: کہو: اللہ کے سوا کوئی معبود نہیں، وہ اکیلا ہے، اس کا کوئی شریک نہیں، اللہ سب سے بڑا ہے، بہت بڑا، اور بہت زیادہ تعریف اللہ ہی کے لیے ہے، پاک ہے اللہ جو تمام جہانوں کا رب ہے، اللہ عزیز و حکیم کے سوا نہ کوئی طاقت ہے نہ کوئی قوت۔ اس شخص نے عرض کیا: یہ سب کلمات تو میرے رب کے لیے ہیں، میرے لیے کیا ہے؟ آپ ﷺ نے فرمایا: کہو: اے اللہ، مجھے بخش دے، مجھ پر رحم فرما، مجھے ہدایت دے، اور مجھے رزق عطا فرما۔,"एक देहाती अल्लाह के रसूल ﷺ के पास आया और कहा: मुझे कोई ऐसी बात सिखाइए जो मैं कहूँ। फ़रमाया: (कहो: ला इलाहा इल्लल्लाहु वहदहू ला शरीक लहू, अल्लाहु अकबरु कबीरा, वल हम्दु लिल्लाहि कसीरा, सुब्हानल्लाहि रब्बिल आलमीन, ला हौला वला क़ुव्वता इल्ला बिल्लाहिल अज़ीज़िल हकीम (अल्लाह के सिवा कोई माबूद नहीं, वह अकेला है, उसका कोई शरीक नहीं, अल्लाह बहुत बड़ा है, और अल्लाह की बहुत तारीफ़ है, अल्लाह पाक है जो सारे जहानों का रब है, अल्लाह के सिवा न कोई ताक़त है न कोई सामर्थ्य, जो ज़बरदस्त और हिकमत वाला है)।) उस आदमी ने कहा: ये तो मेरे रब के लिए हुईं, अब मेरे लिए क्या है? फ़रमाया: (कहो: ऐ अल्लाह, मुझे माफ़ कर, मुझ पर रहम कर, मुझे हिदायत दे, और मुझे रिज़्क़ दे।)",1,https://audio.opendua.org/hisn/v0.0.2/OD-262-1.mp3
130-10,130,10,The excellence of remembering Allah,تسبیح، تحمید، تہلیل اور تکبیر کی فضیلت,The excellence of remembering Allah,كَانَ الرَّجُلُ إِذَا أَسْلَمَ عَلَّمَهُ النَّبيُّ صلى الله عليه وسلم الصَّلاَةَ ثُمَّ أَمَرَهُ أَنْ يَدْعُوَ بِهَؤُلاَءِ الْكَلِمَاتِ: ((اللَّهُمَّ اغْفِرِ لِي، وَارْحَمْنِي، وَاهْدِنِي، وَعَافِنِي وَارْزُقْنِي)).,"Allāhumma ighfiri lī, wa irḥamnī, wa ihdinī, wa ʿāfinī wa irzuqnī","(Tariq Al-Ashja'ee said: ‘When someone would embrace Islam, the Prophet would teach him how to perform prayer and then order him to supplicate with the following words: (O Allah, forgive me, have mercy upon me, guide me, give me health and grant me sustenance.))",جب کوئی شخص اسلام قبول کرتا تو نبی کریم ﷺ اسے نماز سکھاتے، پھر اسے حکم دیتے کہ وہ ان کلمات کے ساتھ دعا کرے: اے اللہ، مجھے بخش دے، مجھ پر رحم فرما، مجھے ہدایت دے، مجھے عافیت عطا فرما، اور مجھے رزق دے۔,"जब कोई आदमी इस्लाम लाता तो नबी ﷺ उसे नमाज़ सिखाते फिर उसे हुक्म देते कि वह इन शब्दों से दुआ करे: (ऐ अल्लाह, मुझे माफ़ कर, मुझ पर रहम कर, मुझे हिदायत दे, मुझे आफ़ियत दे, और मुझे रिज़्क़ दे।)",1,https://audio.opendua.org/hisn/v0.0.2/OD-263.mp3
130-11,130,11,The excellence of remembering Allah,تسبیح، تحمید، تہلیل اور تکبیر کی فضیلت,The excellence of remembering Allah,((إِنَّ أَفْضَلَ الدُّعَاءِ الْحَمْدُ لِلَّهِ، وَأَفْضَلَ الذِّكْرِ لاَ إِلَهَ إِلاَّ اللَّهُ)).,"Al-ḥamdu li-llāh
Lā ilāha illā llāh","(Jabir Ibn ‘'abdullah related that the Messenger of Allah said: ‘Verily, the best supplication is: (All praise is for Allah.) and indeed, the best form of remembrance is: (None has the right to be worshipped except Allah.))",بے شک سب سے افضل دعا الحمد للہ (تمام تعریفیں اللہ کے لیے ہیں) کہنا ہے، اور سب سے افضل ذکر لا الٰہ الا اللہ (اللہ کے سوا کوئی معبود نہیں) کہنا ہے۔,"(सबसे अच्छी दुआ है: सारी तारीफ़ अल्लाह के लिए है, और सबसे अच्छा ज़िक्र है: अल्लाह के सिवा कोई माबूद नहीं।)",1,https://audio.opendua.org/hisn/v0.0.2/OD-264-1.mp3
130-12,130,12,The excellence of remembering Allah,تسبیح، تحمید، تہلیل اور تکبیر کی فضیلت,The excellence of remembering Allah,الباقيات الصالحات : سبحان الله والحمد لله ، ولا إله إلا الله ،والله أكبر ،و لا حول ولا قوة إلا بالله,Sbḥn allāh wlḥmd li-llāh wl ilāh l allāh wllh kbr w l ḥwl wl qwh l bllh,"The good deeds which endure are 'Glorified is Allah', and 'The praise is for Allah', and 'but There is none worthy of worship Allah', and 'Allah is the Most Great', and 'There is no power and no might except by Allah'",باقیات صالحات یہ ہیں: سبحان اللہ، والحمد للہ، ولا الٰہ الا اللہ، واللہ اکبر، اور لا حول ولا قوۃ الا باللہ (اللہ پاک ہے، اور تمام تعریفیں اللہ کے لیے ہیں، اور اللہ کے سوا کوئی معبود نہیں، اور اللہ سب سے بڑا ہے، اور اللہ کے سوا نہ کوئی طاقت ہے نہ کوئی قوت)۔,"बाक़ियाते-सालिहात (हमेशा बाक़ी रहने वाली नेकियाँ) ये हैं: अल्लाह पाक है, सारी तारीफ़ अल्लाह के लिए है, अल्लाह के सिवा कोई माबूद नहीं, अल्लाह सबसे बड़ा है, और अल्लाह के सिवा न कोई ताक़त है न कोई सामर्थ्य।",1,https://audio.opendua.org/hisn/v0.0.2/OD-265.mp3
131-01,131,1,How the Prophet glorified Allah,نبی ﷺ کس طرح تسبیح پڑھتے تھے؟,How the Prophet glorified Allah,عَنْ عَبْدِ اللَّهِ بْنِ عَمْرٍو رضي الله عنه قَالَ: ((رَأَيْتُ النَّبيَّ صلى الله عليه وسلم يَعْقِدُ التَّسْبِيحَ)) وفي زيادةٍ: ((بِيَمِينِهِ)).,,"(Tasbeeh, it means here, to say: (Subhanal-lah, alhamdu lillah, Allahu akbar.)) ('abdullah Ibn 'amr said: ’I saw the prophet make tasbeeh with his right hand.)",عبداللہ بن عمرو رضی اللہ عنہ سے روایت ہے، وہ کہتے ہیں: میں نے نبی کریم ﷺ کو تسبیح گن کر شمار کرتے دیکھا، اور ایک روایت میں یہ اضافہ ہے کہ آپ ﷺ اپنے دائیں ہاتھ سے (شمار کرتے تھے)۔,"अब्दुल्लाह बिन अम्र रज़ियल्लाहु अन्हु से रिवायत है, उन्होंने कहा: (मैंने नबी ﷺ को तसबीह गिनते देखा) एक और रिवायत में है: (अपने दाहिने हाथ से)।",1,
132-01,132,1,Types of goodness and good etiquette for community life,نیکی کی اقسام اور جامع آداب,Types of goodness and good etiquette for community life,قَالَ النَّبِيُّ صلى الله عليه وسلم ((إِذَا كَانَ جُنْحُ اللَّيْلِ – أَوْ أَمْسَيْتُم – فَـكُفُّوا صِبْيانَـكُم، فَإِنَّ الشَّيَاطِينَ تَنْتَشِرُ حِينَئِذٍ، فَإِذَا ذَهَبَ سَاعَةٌ مِنَ اللَّيلِ فَخَلُّوهُمْ، وَأَغْلِقُوا الأَبْوَابَ وَاذْكُرُوا اسْمَ اللَّهِ؛ فَإِنَّ الشَّيطَانَ لاَ يَفْتَحُ بَاباً مُغلَقاً، وَأَوْكُوا قِرَبَكُمْ، وَاذْكُرُوا اسْمَ اللَّهِ، وَخَمِّرُوا آنِيَتَكُم، وَاذْكُرُوا اسْمَ اللَّهِ، وَلَوْ أَنْ تَعْرُضُوا عَلَيْهَا شَيْئاً، وَأَطْفِئُوا مَصَابِيحَكُمْ)).,,"When evening descends, bring your children indoors for the devils scatter out at this hour. Then after the passing of an hour (i.e. the first hour) of the night, (you may) let them (the children) go. Close your doors while mentioning the Name of Allah, for the devil may not open a closed door. Fasten your waterskins mentioning the Name of Allah. Cover your eating vessels mentioning the Name of Allah even if you just put something over it, and extinguish your lamps. Peace and blessing be upon our Prophet, Muhammad, and upon his family and his Companions, all of them.",نبی کریم ﷺ نے فرمایا: جب رات کا اندھیرا چھا جائے — یا شام ہو جائے — تو اپنے بچوں کو روک لو، کیونکہ اس وقت شیاطین پھیل جاتے ہیں، پھر جب رات کا کچھ حصہ گزر جائے تو انہیں چھوڑ دو۔ اور دروازے بند کر لو اور اللہ کا نام لو، کیونکہ شیطان بند دروازہ نہیں کھول سکتا۔ اور اپنے مشکیزوں کے منہ باندھ لو اور اللہ کا نام لو، اور اپنے برتن ڈھانپ لو اور اللہ کا نام لو، چاہے کسی چیز کو ہی اس پر رکھ کر ڈھانپ دو، اور اپنے چراغ بجھا دو۔,"नबी ﷺ ने फ़रमाया: (जब रात का अंधेरा हो जाए — या तुम शाम में पहुँचो — तो अपने बच्चों को रोक लो, क्योंकि उस वक़्त शैतान फैल जाते हैं, फिर जब रात का कुछ हिस्सा गुज़र जाए तो उन्हें छोड़ दो, और दरवाज़े बंद कर लो और अल्लाह का नाम लो, क्योंकि शैतान बंद दरवाज़ा नहीं खोलता, और अपने मशकीज़ों (पानी के बर्तनों) का मुँह बांध लो और अल्लाह का नाम लो, और अपने बर्तनों को ढक लो और अल्लाह का नाम लो, चाहे उन पर कोई चीज़ ही रख दो, और अपने चराग़ बुझा दो।)",1,
